품목기준코드,품목명,효능효과,용법용량,주의사항(일반),품목코드,품목코드명,업체명
201700269,"비타블로썸베씨500(레몬맛, 딸기맛)","1. 육체피로, 임신·수유기, 병중·병후의 체력저하 시 비타민C의 보급
2. 기미·주근깨의 완화
3. 임신·수유기, 병중·병후의 체력저하 시의 비타민 B<sub>6</sub>의 보급
4. 비타민E 함유 시 노년기의 비타민E 보급","만 8세 이상의 소아 및 성인 : 1회 1포, 1일 1회 복용","이 제품에 함유되어 있는 인공감미제 아스파탐은 체내에서 분해되어 페닐알라닌으로 대사되므로, 페닐알라닌의 섭취를 규제할 필요가 있는 유전성질환인 페닐케톤뇨증 환자에는 투여하지 말 것. ]></PARAGRAPH>
</ARTICLE>
<ARTICLE title=""2. 다음 환자에는 투여하지 말 것"">
   <PARAGRAPH tagName=""p"" textIndent=""1"" marginLeft=""0""><![CDATA[1) 이 제품 및 이 제품에 포함된 성분에 과민증이 있는 환자
2) 만 3개월 미만의 영아


1) 의사의 치료를 받고 있는 환자
2) 과수산뇨증환자(hyperoxaluria: 뇨중에 과량의 수산염이 배설되는 상태)
3) 임부, 수유부


1) 이 제품의 투여에 의하여 다음의 증상이 있을 경우에는 복용을 중지하고 의사 또는 약사와 상의합니다.
- 위부불쾌감, 설사, 변비, 발진, 발적, 구역, 구토, 식욕부진, 복부팽만감]></PARAGRAPH>

<PARAGRAPH tagName=""p"" textIndent=""1"" marginLeft=""0""><![CDATA[2) 이 제품의 투여에 의하여 생리가 예정보다 빨라지거나 양이 점점 많아질수 있으며, 출혈이 오래 지속될 수도 있다.
3) 에스트로겐을 포함한 경구용 피임제를 복용하는 여성 또는 혈전성 소인이 있는 환자가 비타민E를 복용할 경우 혈전증의 위험이 증가될 수 있다.
4) 장기간 고용량을 투여할 경우 내성이 생길 수 있다.
5) 피리독신을 1일 500mg ～ 2g의 용량으로 장기간 복용하면 감각신경병 또는 신경병적 증상(neuropathy: 말초신경계의 기능적 장애 또는 병적변화)이 나타날 수 있다.


1) 정해진 용법·용량을 잘 지킨다.
2) 어린이에 투여할 경우에는 보호자의 지도·감독 하에 투여한다.
3) 1개월 정도 투여하여도 증상의 개선이 없을 경우에는 의사 또는 약사와 상의한다.


1) 이 제품을 투여할 경우에는 다음의 약제를 투여하지 말 것
- 레보도파]></PARAGRAPH>
</ARTICLE>

<ARTICLE title=""7. 임부·수유부, 미숙아·유아에 대한 투여"">
   <PARAGRAPH tagName=""p"" textIndent=""1"" marginLeft=""0""><![CDATA[1) 만 3개월 미만의 영아에게는 투여하지 말 것


1) 각종 뇨검사 시에 혈당의 검출을 방해할 수 있다.


1) 어린이의 손이 닿지 않는 곳에 보관한다.
2) 직사광선을 피하고 될 수 있으면 습기가 적고 서늘한 곳에 밀전하여 보관한다.
3) 오·남용을 피하고, 품질을 보호·유지하기 위해 다른 용기에 넣지 않는다.",47210,[47210]저함량 비타민 및 미네랄 제제,초당약품공업(주)
201200724,화이트인정,"-기미 주근깨 완화
-노년기의 비타민E 보급
-육체피로, 임신 &#8901; 수유기, 병중 &#8901; 병후의 체력저하 시 비타민B2, C의 보급","만 8세 이상: 1일 2회, 1회 1정","1) 이 제품 및 이 제품에 포함된 성분에 과민증이 있는 환자
2) 만 3개월 미만의 영아


1) 의사의 치료를 받고 있는 환자
2) 과수산뇨증환자(hyperoxaluria: 뇨중에 과량의 수산염이 배설되는 상태)
3) 임부, 수유부


1) 이 제품의 투여에 의하여 다음의 증상이 있을 경우에는 복용을 중지하고 의사 또는 약사와 상의합니다.
-위부불쾌감, 설사, 변비, 발진, 발적, 구역, 구토
2) 이 제품의 투여에 의하여 생리가 예정보다 빨라지거나 양이 점점 많아질 수 있으며, 출혈이 오래 지속될 수도 있다.
3) 에스트로젠을 포함한 경구용 피임제를 복용하는 여성 또는 혈전성 소인이 있는 환자가 비타민E를 복용할 경우 혈전증의 위험이 증가될 수 있다.
4) 장기간 고용량을 투여할 경우 내성이 생길 수 있다.


1) 정해진 용법&#8901;용량을 지킨다.
2) 어린이에 투여할 경우에는 보호자의 지도 &#8901; 감독하에 투여한다.
3) 1개월 정도 투여하여도 증상의 개선이 없을 경우에는 의사 또는 약사와 상의한다.


1) 만 3개월 미만의 영아에게는 투여하지 말 것


1) 각종 뇨검사시에 혈당의 검출을 방해할 수 있다.
2) 뇨를 황색으로 변하게 하여 임상검사치에 영향을 줄 수 있다.


1) 어린이의 손이 닿지 않는 곳에 보관한다.
2) 직사광선을 피하고 될 수 있으면 습기가 적고 서늘한 곳에 밀전하여 보관한다.
3) 오&#8901;남용을 피하고, 품질을 보호&#8901;유지하기 위해 다른 용기에 넣지 않는다.",47210,[47210]저함량 비타민 및 미네랄 제제,한국콜마(주)
200408243,비타삼육오츄어블정,"ㆍ육체피로, 임신ㆍ수유기, 병중ㆍ병후의 체력저하시 비타민B2, C 보급
ㆍ기미ㆍ주근깨의 완화","만 8세 이상의 소아 및 성인 : 1회 1정씩, 1일 2~3회 입 안에서 녹이거나 씹어서 복용한다.","이 약에 함유되어 있는 인공감미제 아스파탐은 체내에서 분해되어 페닐알라닌으로 대사되므로, 페닐 알라닌의 섭취를 규제할 필요가 있는 유전성질환인 페닐케톤뇨증 환자에는 투여하지말 것.


1) 이 제품 및 이 제품에 포함된 성분에 과민증이 있는 환자
2) 만 3개월 미만의 영아


1) 의사의 치료를 받고 있는 환자
2) 과수산뇨증환자(hyperoxaluria: 뇨중에 과량의 수산염이 배설되는 상태)
3) 임부, 수유부
4) 이 약은 황색5호(선셋옐로우 FCF, Sunset Yellow FCF)를 함유하고 있으므로 이 성분에 과민하거나 알레르기 병력이 있는 환자에는 신중히 투여한다.


1) 이 제품의 투여에 의하여 다음의 증상이 있을 경우에는 복용을 중지하고 의사 또는 약사와 상의한다. - 구역, 구토, 설사
2) 장기간 고용량을 투여할 경우 내성이 생길 수 있다. 


1) 정해진 용법, 용량을 잘 지킨다. 
2) 어린이에게 투여할 경우에는 보호자의 지도 감독하에 투여한다. 
3) 1개월 정도 투여하여도 증상의 개선이 없을 경우에는 의사 또는 약사와 상의한다.


1) 만 3개월 이하의 영아에게는 투여하지 말 것


1) 각종 요검사시에 혈당의 검출을 방해할 수 있다. 
2) 뇨를 황색으로 변하게 하여 임상검사치에 영향을 줄 수 있다.


1) 어린이의 손이 닿지 않는곳에 보관한다. 
2) 직사광선을 피하고 될 수 있으면 습기가 적고 서늘한 곳에 밀전하여 보관한다. 
3) 오&#8901;남용을 피하고, 품질을 보호&#8901;유지하기 위해 다른 용기에 넣지 않는다.",47210,[47210]저함량 비타민 및 미네랄 제제,한국콜마(주)
200903882,메디플렉스에프정,,"만 14세 이상의 소아 및 성인 : 1회 1정, 1일 1~2회 복용한다.","1) 과칼슘혈증(hypercalciumia: 혈액 중에 칼슘이 과잉으로 존재하는 상태)환자, 유육정용, 신질환환자
2) 이 제품 및 이 제품에 포함된 성분에 과민증이 있는 환자
3) 만 1세 미만의 영아


1) 만 1세 미만의 영아
2) 의사의 치료를 받고 있는 환자
3) 햇빛을 많이 보고 정상적인 식사를 하는 어린이에게는 비타민 D 또는 칼슘의 투여를 피한다.
4) 과수산뇨증환자(hyperoxaluria: 뇨중에 과량의 수산염이 배설되는 상태)
5) 임부, 수유부
6) 심장ㆍ순환기계 기능장애 환자
7) 신장애 환자
8) 저단백혈증 환자
9) 이 약은 황색5호(선셋옐로우 FCF, Sunset Yellow FCF)를 함유하고 있으므로 이 성분에 과민하거나 알레르기 병력이 있는 환자에는 신중히 투여한다.


1) 이 제품의 투여에 의하여 다음의 증상이 있을 경우에는 복용을 중지하고 의사 또는 약사와 상의한다. - 구역, 구토, 설사, 위부불쾌감, 변비, 발진, 발적, 묽은 변, 식욕부진, 복부팽만감, 저혈압, 얼굴달아오름, 심박동불규칙, 피부발진
2) 이 제품의 투여에 의하여 생리가 예정보다 빨라지거나 양이 점점 많아질 수 있으며, 출혈이 오래지속될 수도 있다.
3) 에스트로젠을 포함한 경구용 피임제를 복용하는 여성 또는 혈전성 소인이 있는 환자가 비타민E를복용할 경우 혈전증의 위험이 증가될 수 있다. 
4) 장기간 고용량을 투여할 경우 내성이 생길 수 있다. 
5) 피리독신을 1일 500mg~2g의 용량으로 장기간 복용하면 감각신경병 또는 신경병적증상(neuropathy : 말초신경계의 기능적장애 또는 병적변화)이 나타날 수 있다. 
6) 대량 투여로 인해 구역, 구토 등의 위장증상, 고나트륨혈증, 울혈성심부전, 부종 등의 증상이 나타날 수 있다.


1) 정해진 용법, 용량을 잘 지킨다. 
2) 1개월 정도 투여하여도 증상의 개선이 없을 경우에는 의사 또는 약사와 상의한다. 


1) 항알도스테론제, 트리암테렌과 병용투여시 고칼륨혈증을 일으킬 수가 있으므로 주의할 것
2) 이 제품을 투여할 경우에는 다음의 약제를 투여하지 말 것
가) 인산염, 칼슘염, 경구용테트라사이클린계 제제, 제산제
나) 레보도파 
3) 녹차, 홍차 등 탄닌을 함유하는 차는 복용중, 복용전후에는 피할 것


1) 비타민 D는 모유로 분비되어 신생아에게 과칼슘혈증을 일으킬 수 있다.
2) 만 1세 미만의 영아에게는 투여하지 말 것


: 각종 요검사시에 혈당의 검출을 방해할 수 있다.


1) 어린이의 손이 닿지 않는곳에 보관한다. 
2) 직사광선을 피하고 될 수 있으면 습기가 적고 서늘한 곳에 밀전하여 보관한다. 
3) 오&#8901;남용을 피하고, 품질을 보호&#8901;유지하기 위해 다른 용기에 넣지 않는다.",47210,[47210]저함량 비타민 및 미네랄 제제,한국콜마(주)
200903743,카르시나캡슐,칼슘의 보급,"14세 이상의 소아 및 성인 : 1일 3회, 1회 1캡슐씩 복용한다.","1) 과칼슘혈증(Hypercalciumia : 혈액중에 칼슘이 과잉으로 존재하는 상태)환자, 유육정용, 신질환 환자
2) 이 제품 및 이 제품에 포함된 성분에 과민증이 있는 환자
3) 12개월 미만의 영아
4) 혈색소증(철대사이상으로 철이 간장, 췌장에 침착하는 질환, 헤모시데린침착증, 비철결핍성 빈혈


1) 의사의 치료를 받고 있는 환자
2) 햇빛을 많이 보고 정상적인 식사를 하는 어린이에게는 비타민 D 또는 칼슘의 투여를 피한다.
3) 심장·순환기계기능 장애 환자
4) 신장애 환자
5) 저단백혈증 환자


1) 이 제품 투여에 의하여 다음의 증상이 있을 경우에는 복용을 중지하고 의사 또는 약사와 상의한다.
- 변비, 저혈압, 얼굴달아오름, 심박동불규칙, 구역질, 구토, 피부발진
2) 대량투여로 인해 구역, 구토 등의 위장증상, 고나트륨혈증, 울혈성심부전, 부종 등의 증상이 나타날 수 있다.


1) 정해진 용법·용량을 지킨다.
2) 1개월정도 투여하여도 증상의 개선이 없을 경우에는 의사 또는 약사와 상의한다.


1) 항알도스테론제, 트리암테렌과 병용투여시 고칼륨 혈증을 일으킬 수가 있으므로 주의할 것.
2) 이 제품을 투여할 경우에는 다음의 약제를 투여하지 말 것.
가) 인산염, 칼슘염, 경구용테트라사이클린계 제제, 제산제
3) 녹차, 홍차 등 탄닌을 함유하는 차는 복용중, 복용전후에는 피할 것.


1) 어린이의 손이 닿지 않는 곳에 보관한다.
2) 직사광선을 피하고 될 수 있으면 습기가 적고 서늘한 곳에 밀전하여 보관한다.
3) 오·남용을 피하고, 품질을 보호·유지하기 위해 다른 용기에 넣지 않는다.",47210,[47210]저함량 비타민 및 미네랄 제제,한국콜마(주)
200609725,비타삼육오산,"ㆍ육체피로, 임신ㆍ수유기, 병중ㆍ병후의 체력저하시 비타민B2, C 보급 ㆍ기미ㆍ주근깨의 완화","만 8세 이상의 소아 및 성인 : 1회 1포씩, 1일 2~3회 복용한다.","이 약에 함유되어 있는 인공감미제 아스파탐은 체내에서 분해되어 페닐알라닌으로 대사되므로, 페닐알라닌의 섭취를 규제할 필요가 있는 유전성질환인 페닐케톤뇨증 환자에는 투여하지말 것.


1) 이 제품 및 이 제품에 포함된 성분에 과민증이 있는 환자
2) 만 3개월 미만의 영아


1) 의사의 치료를 받고 있는 환자
2) 과수산뇨증환자(hyperoxaluria: 뇨중에 과량의 수산염이 배설되는 상태)
3) 임부, 수유부


1) 이 제품의 투여에 의하여 다음의 증상이 있을 경우에는 복용을 중지하고 의사 또는 약사와 상의한다. - 구역, 구토, 설사
2) 장기간 고용량을 투여할 경우 내성이 생길 수 있다. 


1) 정해진 용법&#8901;용량을 잘 지킨다. 
2) 어린이에게 투여할 경우에는 보호자의 지도 감독 하에 투여한다. 
3) 1개월 정도 투여하여도 증상의 개선이 없을 경우에는 의사 또는 약사와 상의한다.


1) 만 3개월 이하의 영아에게는 투여하지 말 것


1) 각종 요검사시에 혈당의 검출을 방해할 수 있다. 
2) 뇨를 황색으로 변하게 하여 임상검사치에 영향을 줄 수 있다.


1) 어린이의 손이 닿지 않는곳에 보관한다. 
2) 직사광선을 피하고 될 수 있으면 습기가 적고 서늘한 곳에 밀전하여 보관한다. 
3) 오&#8901;남용을 피하고, 품질을 보호&#8901;유지하기 위해 다른 용기에 넣지 않는다.",47210,[47210]저함량 비타민 및 미네랄 제제,한국콜마(주)
202002969,에너지비타500맥스액,"육체피로, 임신·수유기, 병중·병후의 체력저하시 비타민 B1, B2, C의 보급, 기미·주근깨의 완화",만 8세 이상의 소아 및 성인: 1일 1회 1병 복용하십시오,"1) 경고
(1) 이 약에 함유되어 있는 인공감미제 아스파탐은 체내에서 분해되어 페닐알라닌으로 대사되므로, 페닐알라닌의 섭취를 규제할 필요가 있는 유전성질환인 페닐케톤뇨증 환자에는 투여하지 말 것.
&#x2022; 아스파탐 1일 허용량 제한
아스파탐 함량을 WHO권장량 (40mg/kg/1일) 이하로 조정(가능한 한 최소량 사용)할 것.
60kg성인 : 1일 최대 복용량 2.4g
2) 다음 환자에는 투여하지 말 것
(1) 이 제품 및 이 제품에 포함된 성분에 과민증이 있는 환자
(2) 3개월 미만의 영아
3) 다음 경우에는 신중히 투여할 것(복용전 의사 또는 약사와 상의할 것)
(1) 의사의 치료를 받고 있는 환자
(2) 과수산뇨증환자(hyperoxaluria : 뇨중에 과량의 수산염이 배설되는 상태)
(3) 임부, 수유부
4) 부작용
(1) 이 제품의 투여에 의하여 다음의 증상이 있을 경우에는 복용을 중지하고 의사 또는 약사와 상의합니다.
- 구역, 구토, 설사, 묽은변
(2) 장기간 고용량을 투여할 경우 내성이 생길 수 있다.
(3) 고용량 투여에 의해 소화성 궤양을 촉진시키고 당내성 손상(glucose tolerance impairment : 신체의 포도당을 대사하는 능력 장애), 과요산혈증(hyperurisemia, 혈액중에 요산이 과잉으로 존재하는 상태), 간손상을 일으킬 수 있다.
5) 일반적주의
(1) 정해진 용법&#x2981;용량을 잘 지킨다.
(2) 어린이에 투여할 경우에는 보호자의 지도&#x22c5;감독하에 투여한다.
(3) 1개월 정도 투여하여도 증상의 개선이 없을 경우에는 의사 또는 약사와 상의한다.
6) 임부&#x2981;수유부, 미숙아, 유아에 대한 투여
(1) 3개월 미만의 영아에게는 투여하지 말 것.
7) 임상검사치에의 영향
(1) 각종 요검사시에 혈당의 검출을 방해할 수 있다.
(2) 뇨를 황색으로 변하게 하여 임상검사치에 영향을 줄 수 있다.
8) 저장상의 주의사항
(1) 어린이의 손이 닿지 않는 곳에 보관한다.
(2) 직사광선을 피하고 될 수 있으면 습기가 적고 서늘한 곳에 밀전하여(뚜껑을 꼭 닫아) 보관한다.
(3) 오&#x2981;남용을 피하고, 품질을 보호&#x2981;유지하기 위해 다른 용기에 넣지 않는다.",47210,[47210]저함량 비타민 및 미네랄 제제,광동제약(주)
201805368,에너지비타500액티브액,"육체피로, 임신·수유기, 병중·병후의 체력저하시 비타민 B₂, C의 보급, 기미·주근깨의 완화",만 8세 이상의 소아 및 성인: 1일 1회 1병 복용하십시오.,"1) 이 약에 함유되어 있는 인공감미제 아스파탐은 체내에서 분해되어 페닐알라닌으로 대사되므로, 페닐알라닌의 섭취를 규제할 필요가 있는 유전성질환인 페닐케톤뇨증 환자에는 투여하지 말 것.
&#x2022; 아스파탐 1일 허용량 제한
아스파탐 함량을 WHO권장량 (40mg/kg/1일) 이하로 조정(가능한 한 최소량 사용)할 것.
60kg성인 : 1일 최대 복용량 2.4g


1) 이 제품 및 이 제품에 포함된 성분에 과민증이 있는 환자
2) 만 3개월 미만의 영아


1) 의사의 치료를 받고 있는 환자
2) 과수산뇨증환자(hyperoxaluria : 뇨중에 과량의 수산염이 배설되는 상태)
3) 임부, 수유부


1) 이 제품의 투여에 의하여 다음의 증상이 있을 경우에는 복용을 중지하고 의사 또는 약사와 상의합니다.
- 구역, 구토, 설사
2) 장기간 고용량을 투여할 경우 내성이 생길 수 있다.
3) 고용량 투여에 의해 소화성 궤양을 촉진시키고 당내성 손상(glucose tolerance impairment : 신체의 포도당을 대사하는 능력 장애), 과요산혈증(hyperurisemia, 혈액중에 요산이 과잉으로 존재하는 상태), 간손상을 일으킬 수 있다.


1) 정해진 용법&#x2981;용량을 잘 지킨다.
2) 어린이에 투여할 경우에는 보호자의 지도&#x22c5;감독하에 투여한다.
3) 1개월 정도 투여하여도 증상의 개선이 없을 경우에는 의사 또는 약사와 상의한다.


1) 만 3개월 미만의 영아에게는 투여하지 말 것.


1) 각종 요검사시에 혈당의 검출을 방해할 수 있다.
2) 오줌을 황색으로 변하게 하여 임상검사치에 영향을 줄 수 있다.


1) 어린이의 손이 닿지 않는 곳에 보관한다.
2) 직사광선을 피하고 될 수 있으면 습기가 적고 서늘한 곳에 밀전하여(뚜껑을 꼭 닫아) 보관한다.
3) 오&#x2981;남용을 피하고, 품질을 보호&#x2981;유지하기 위해 다른 용기에 넣지 않는다.",47210,[47210]저함량 비타민 및 미네랄 제제,광동제약(주)
201805367,에너지비타500부스터액,"육체피로, 임신·수유기, 병중·병후의 체력저하시 비타민 B₂, C의 보급, 기미·주근깨의 완화",만 8세 이상의 소아 및 성인: 1일 1회 1병 복용하십시오.,"1) 이 약에 함유되어 있는 인공감미제 아스파탐은 체내에서 분해되어 페닐알라닌으로 대사되므로, 페닐알라닌의 섭취를 규제할 필요가 있는 유전성질환인 페닐케톤뇨증 환자에는 투여하지 말 것.
&#x2022; 아스파탐 1일 허용량 제한
아스파탐 함량을 WHO권장량 (40mg/kg/1일) 이하로 조정(가능한 한 최소량 사용)할 것.
60kg성인 : 1일 최대 복용량 2.4g


1) 이 제품 및 이 제품에 포함된 성분에 과민증이 있는 환자
2) 만 3개월 미만의 영아


1) 의사의 치료를 받고 있는 환자
2) 과수산뇨증환자(hyperoxaluria : 뇨중에 과량의 수산염이 배설되는 상태)
3) 임부, 수유부


1) 이 제품의 투여에 의하여 다음의 증상이 있을 경우에는 복용을 중지하고 의사 또는 약사와 상의합니다.
- 구역, 구토, 설사
2) 장기간 고용량을 투여할 경우 내성이 생길 수 있다.
3) 고용량 투여에 의해 소화성 궤양을 촉진시키고 당내성 손상(glucose tolerance impairment : 신체의 포도당을 대사하는 능력 장애), 과요산혈증(hyperurisemia, 혈액중에 요산이 과잉으로 존재하는 상태), 간손상을 일으킬 수 있다.


1) 정해진 용법&#x2981;용량을 잘 지킨다.
2) 어린이에 투여할 경우에는 보호자의 지도&#x22c5;감독하에 투여한다.
3) 1개월 정도 투여하여도 증상의 개선이 없을 경우에는 의사 또는 약사와 상의한다.


1) 만 3개월 미만의 영아에게는 투여하지 말 것.


1) 각종 요검사시에 혈당의 검출을 방해할 수 있다.
2) 오줌을 황색으로 변하게 하여 임상검사치에 영향을 줄 수 있다.


1) 어린이의 손이 닿지 않는 곳에 보관한다.
2) 직사광선을 피하고 될 수 있으면 습기가 적고 서늘한 곳에 밀전하여(뚜껑을 꼭 닫아) 보관한다.
3) 오&#x2981;남용을 피하고, 품질을 보호&#x2981;유지하기 위해 다른 용기에 넣지 않는다.",47210,[47210]저함량 비타민 및 미네랄 제제,광동제약(주)
200804998,칼엔브이액,"칼슘의 보급.
임신&#8901;수유기, 병중&#8901;병후의 체력저하시 비타민 B6의 보급.
육체피로, 임신&#8901;수유기, 병중&#8901;병후의 체력저하시 비타민 B1, B2의 보급.","14세 이상의 소아 및 성인의 경우 1일 1회, 1회 1병 복용.","1) 과칼슘혈증
2) 이 제품 및 이 제품에 포함된 성분에 과민증이 있는 환자
3) 12개월 미만의 영아


1) 의사의 치료를 받고 있는 환자
2) 햇빛을 많이 보고 정상적인 식사를 하는 어린이에게는 비타민 D 또는 칼슘의투여를 피한다.
3) 임부, 수유부
4) 심장&#8901;순환기계기능 장애 환자
5) 신장애환자
6) 저단백증 환자


1) 이 제품의 투여에 의하여 다음의 증상이 있을 경우에는 복용을 중지하고 의사또는 약사와 상의한다.구역, 구토, 묽은변, 식욕부진, 복부팽만감, 변비, 저혈압, 얼굴 달아오름, 심박동불규칙, 피부발진
2) 피리독신을 1일 500mg~2g의 용량으로 장기간 복용하면 감각신경병 또는 신경 병적 증상(neuropathy : 말초신경계의 기능적 장애 또는 병적변화)이 나타날 수 있다.
3) 대량 투여로 인해 구역, 구토 등의 위장증상, 고나트륨혈증, 울혈성심부전, 부종등의 증상이 나타날 수 있다.


1) 정해진 용법&#8901;용량을 지킨다.
2) 1개월 정도 투여하여도 증상의 개선이 없을 경우에는 의사 또는 약사와 상의한다.


1) 항알도스테론제, 트리암테렌과 병용투여시 고칼륨혈증을 일으킬 수 있으므로 주의할 것.
2) 이 제품을 투여할 경우에는 다음의 약제를 투여하지 말것.
가) 인산염, 칼슘염, 경구용테트라사이클린제제, 제산제
나) 레보도파
3) 녹차, 홍차 등 탄닌을 함유하는 차는 복용중, 복용 전후에는 피할 것


12개월 미만의 영아에게는 투여하지 말 것


뇨를 황색으로 변하게 하여 임상검사치에 영향을 줄 수 있다.


1) 어린이의 손이 닿지 않는 곳에 보관한다.
2) 직사광선을 피하고 될 수 있으면 습기가 적고 서늘한 곳에 밀전하여 보관한다.
3) 오&#8901;남용을 피하고, 품질을 보호&#8901;유지하기 위해 다른 용기에 넣지 않는다.",47210,[47210]저함량 비타민 및 미네랄 제제,광동제약(주)
201003854,에너지비타500액,"육체피로, 임신·수유기, 병중·병후의 체력저하시 비타민 B₂, C의 보급, 기미·주근깨의 완화·",8세 이상 및 성인: 1일 1회 1병 복용하십시오.,"1) 이 제품 및 이 제품에 포함된 성분에 과민증이 있는 환자
2) 3개월 미만의 영아


1) 의사의 치료를 받고 있는 환자
2) 과수산뇨증환자(hyperoxaluria : 뇨중에 과량의 수산염이 배설되는 상태)
3) 임부, 수유부


1) 이 제품의 투여에 의하여 다음의 증상이 있을 경우에는 복용을 중지하고 의사 또는 약사와 상의합니다.
- 구역, 구토, 설사, 식욕부진, 복부팽만감,
2) 장기간 고용량을 투여할 경우 내성이 생길 수 있다.
3) 고용량 투여에 의해 소화성 궤양을 촉진시키고 당내성 손상(glucose tolerance impairment : 신체의 포도당을 대사하는 능력 장애), 과요산혈증(hyperurisemia, 혈액중에 요산이 과잉으로 존재하는 상태), 간손상을 일으킬 수 있다.


1) 정해진 용법&#10625;용량을 잘 지킨다. 
2) 1개월 정도 투여하여도 증상의 개선이 없을 경우에는 의사 또는 약사와 상의한다.


1) 3개월 미만의 영아에게는 투여하지 말 것.


1) 각종 요검사시에 혈당의 검출을 방해할 수 있다.
2) 뇨를 황색으로 변하게 하여 임상검사치에 영향을 줄 수 있다.


1) 어린이의 손이 닿지 않는 곳에 보관한다.
2) 직사광선을 피하고 될 수 있으면 습기가 적고 서늘한 곳에 밀전하여(뚜껑을 꼭 닫아) 보관한다.
3) 오&#10625;남용을 피하고, 품질을 보호&#10625;유지하기 위해 다른 용기에 넣지 않는다.",47210,[47210]저함량 비타민 및 미네랄 제제,광동제약(주)
200713029,칼엔디액,"칼슘의 보급.
임신&#8901;수유기, 발육기, 노년기의 비타민 D 보급. 
임신&#8901;수유기, 병중&#8901;병후의 체력저하시 비타민 B6의 보급.
육체피로, 임신&#8901;수유기, 병중&#8901;병후의 체력저하시 비타민 B1, B2의 보급.","14세 이상의 소아 및 성인의 경우 1일 1회, 1회 1병 복용.","1) 과칼슘혈증
2) 이 제품 및 이 제품에 포함된 성분에 과민증이 있는 환자
3) 12개월 미만의 영아


1) 1세 미만의 영아
2) 의사의 치료를 받고 있는 환자
3) 햇빛을 많이 보고 정상적인 식사를 하는 어린이에게는 비타민 D 또는 칼슘의 투여를 피한다.
4) 임부, 수유부
5) 심장&#8901;순환기계기능 장애 환자
6) 신장애환자
7) 저단백증 환자


1) 이 제품의 투여에 의하여 다음의 증상이 있을 경우에는 복용을 중지하고 의사 또는 약사와 상의한다.구역, 구토, 묽은변, 설사, 식욕부진, 복부팽만감, 변비, 저혈압, 얼굴 달아오름, 심박동불규칙, 구역질, 구토, 피부발진
2) 피리독신을 1일 500mg~2g의 용량으로 장기간 복용하면 감각신경병 또는 신경병적 증상(neuropathy : 말초신경계의 기능적 장애 또는 병적변화)이 나타날 수 있다.
3) 대량 투여로 인해 구역, 구토 등의 위장증상, 고나트륨혈증, 울혈성심부전, 부종 등의 증상이 나타날 수 있다.


1) 정해진 용법&#8901;용량을 지킨다.
2) 1개월 정도 투여하여도 증상의 개선이 없을 경우에는 의사 또는 약사와 상의한다.


1) 항알도스테론제, 트리암테렌과 병용투여시 고칼륨혈증을 일으킬 수 있으므로 주의할 것.
2) 이 제품을 투여할 경우에는 다음의 약제를 투여하지 말것.
가) 인산염, 칼슘염, 경구용테트라사이클린제제, 제산제
나) 레보도파
3) 녹차, 홍차 등 탄닌을 함유하는 차는 복용중, 복용 전후에는 피할 것


1) 비타민 D는 모유로 분비되어 신생아에게 과칼슘혈증을 일으킬 수 있다.
2) 12개월 미만의 영아에게는 투여하지 말 것


뇨를 황색으로 변하게 하여 임상검사치에 영향을 줄 수 있다.


1) 어린이의 손이 닿지 않는 곳에 보관한다.
2) 직사광선을 피하고 될 수 있으면 습기가 적고 서늘한 곳에 밀전하여 보관한다.
3) 오&#8901;남용을 피하고, 품질을 보호&#8901;유지하기 위해 다른 용기에 넣지 않는다.",47210,[47210]저함량 비타민 및 미네랄 제제,광동제약(주)
201805124,메디타임클라반화이트정,,"만 8세 이상의 소아 및 성인 : 1일 2회, 1회 2정","1) 이 제품 및 이 제품에 포함된 성분에 과민증이 있는 환자
2) 만 3개월 미만의 영아(젖먹이)


1) 의사의 치료를 받고 있는 환자
2) 과수산뇨증환자(hyperoxaluria : 뇨(소변)중에 과량의 수산염이 배설되는 상태)
3) 임부, 수유부


1) 이 제품의 투여에 의하여 다음의 증상이 있을 경우에는 복용을 중지하고 의사 또는 약사와 상의합니다.
- 위부(상복부)불쾌감, 설사, 변비, 발진, 발적(충혈되어 붉어짐), 구역, 구토, 식욕부진,복부팽만감
2) 이 제품의 투여에 의하여 생리가 예정보다 빨라지거나 양이 점점 많아질 수 있으며, 출혈이 오래 지속될 수도 있다.
3) 에스트로겐을 포함한 경구(복용)용 피임제를 복용하는 여성 또는 혈전(혈관 막힘)성 소인이 있는 환자가 비타민 E를 복용할 경우 혈전(혈관 막힘)증의 위험이 증가될 수 있다.
4) 장기간 고용량을 투여할 경우 내성이 생길 수 있다.
5) 피리독신을 1일 500mg ~ 2g 의 용량으로 장기간 복용하면 감각신경병 또는 신경병적 증상(neuropathy : 말초신경계의 기능적 장애 또는 병적 변화)이 나타날 수 있다.
6) 고용량 투여에 의해 소화성 궤양을 촉진시키고 당내성(포도당내성) 손상(glucosetolerance impairment : 신체의 포도당을 대사하는 능력 장애), 과요산혈증(hyperurisemia, 혈액 중에 요산이 과잉으로 존재하는 상태), 간손상을 일으킬 수 있다.


1) 정해진 용법·용량을 지킨다.
2) 어린이에 투여할 경우에는 보호자의 지도 · 감독하에 투여한다.
3) 1개월 정도 투여하여도 증상의 개선이 없을 경우에는 의사 또는 약사와 상의한다.


1) 이 제품을 투여할 경우에는 다음의 약제를 투여하지 말 것
- 레보도파


1) 만 3개월 미만의 영아(젖먹이)에게는 투여하지 말 것


1) 각종 뇨(소변)검사시에 혈당의 검출을 방해할 수 있다.
2) 뇨(소변)를 황색으로 변하게 하여 임상검사치에 영향을 줄 수 있다.


1) 어린이의 손이 닿지 않는 곳에 보관한다.
2) 직사광선을 피하고 될 수 있으면 습기가 적고 서늘한 곳에 밀전하여(뚜껑을 꼭 닫아) 보관한다.
3) 오용(잘못 사용) · 남용을 피하고, 품질을 보호 · 유지하기 위해 다른 용기에 넣지 않는다.",47210,[47210]저함량 비타민 및 미네랄 제제,아이큐어(주)
200902564,멜라클리어플러스정,"&#8901; 육체피로, 임신 &#8901; 수유기, 병중 &#8901; 병후의 체력저하시 비타민 B1, B2, C의 보급
&#8901; Vit E 함유시 노년기의 비타민 E 보급
&#8901; 기미 &#8901; 주근깨의 완화","14세 이상 소아 및 성인 : 1회 1정, 1일 3회 복용","1) 이 제품 및 이 제품에 포함된 성분에 과민증이 있는 환자
2) 3개월 미만의 영아


1) 의사의 치료를 받고 있는 환자
2) 과수산뇨증환자(Hyperoxaluria : 뇨증에 과량의 수산염이 배설되는 상태)
3) 임부, 수유부


1) 이 제품의 투여에 의하여 다음의 증상이 있을 경우에는 복용을 중지하고 의사 또는 약사와 상의합니다. 
- 위부불쾌감, 설사, 변비, 발진, 발적, 구역, 구토, 묽은변, 구내염, 식욕부진, 복부팽만감,
2) 이 제품의 투여에 의하여 생리가 예정보다 빨라지거나 양이 점점 많아질 수 있으며, 출혈이 오래 지속될 수도 있다.
3) 에스트로겐을 포함한 경구용 피임제를 복용하는 여성 또는 혈전성 소인이 있는 환자가 비타민E를 복요할 경우 혈전증의 위험이 증가될 수 있다. 
4) 장기간 고용량을 투여할 경우 내성이 생길 수 있다. 


1) 정해진 용법용량을 지킨다. 
2) 1개월 정도 투여하여도 증상의 개선이 없을 경우에는 의사 또는 약사와 상의한다. 


3개월 미만의 영아에게는 투여하지 말것


1) 각종 뇨검사시에 혈당의 검출을 방해할 수 있다. 
2) 뇨를 황색으로 변하게 하여 임상검사치에 영향을 줄 수 있다.


1) 어린이의 손이 닿지 않는 곳에 보관한다.
2) 직사광선을 피하고 될 수 있으면 습기가 적고 서늘한 곳에 밀전하여 보관한다. 
3) 오 &#8901; 남용을 피하고, 품질을 보호 &#8901; 유지하기 위해 다른 용기에 넣지 않는다.",47210,[47210]저함량 비타민 및 미네랄 제제,동성제약(주)
200905869,멜라시스플러스정,"기미 &#8901; 주근깨의 완화
육체피로, 임신 &#8901; 수유기, 병중 &#8901; 병후의 체력저하시 비타민 B1, B2, 비타민C의 보급","14세 이상 소아 및 성인 : 1회 1정, 1일 3회 복용","1) 이 제품 및 이 제품에 포함된 성분에 과민증이 있는 환자 
2) 3개월 미만의 영아


1) 의사의 치료를 받고 있는 환자
2) 과수산뇨증환자(hyperoxaluria : 뇨증에 과량의 수산염이 배설되는 상태)
3) 임부, 수유부 
4) 이 약은 황색5호(선셋옐로우 FCF, Sunset Yellow FCF)를 함유하고 있으므로 이 성분에 과민하거나 알레르기 병력이 있는 환자에는 신중히 투여한다.


1) 이 제품의 투여에 의하여 다음의 증상이 있을 경우에는 복용을 중지하고 의사 또는 약사와 상의합니다. 구역, 구토, 설사, 묽은변, 구내염, 식욕부진, 복부팽만감, 
2) 장기간 고용량을 투여할 경우 내성이 생길 수 있다. 


1) 정해진 용법 &#8901; 용량을 지킨다. 
2) 1개월 정도 투여하여도 증상의 개선이 없을 경우에는 의사 또는 약사와 상의한다. 


3개월 미만의 영아에게는 투여하지 말 것


1) 각종 뇨검사시에 혈당의 검출을 방해할 수 있다.
2) 뇨를 황색으로 변하게 하여 임상검사치에 영향을 줄 수 있다.


1) 어린이의 손이 닿지 않는 곳에 보관한다. 
2) 직사광선을 피하고 될 수 있으면 습기가 적고 서늘한 곳에 밀전하여 보관한다. 
3) 오 &#8901; 남용을 피하고, 품질을 보호 &#8901; 유지하기 위해 다른 용기에 넣지 않는다.",47210,[47210]저함량 비타민 및 미네랄 제제,동성제약(주)
200508613,멜라시스정,,"14세 이상 소아 및 성인 : 1회 1정, 1일 3회 복용","1) 이 제품 및 이 제품에 포함된 성분에 과민증이 있는 환자 
2) 3개월 미만의 영아 


1) 의사의 치료를 받고 있는 환자 
2) 과수산뇨증환자(hyperoxaluria: 뇨중에 과량의 수산염이 배설되는 상태) 
3) 임부, 수유부 


1) 이제품 투여에 의하여 구역, 구토, 설사의 증상이 있을 경우에는 복용을 중지하고 의사 또는 약사와 상의한다. 
2) 장기간 고용량을 투여할 경우 내성이 생길 수 있다. 


1) 정해진 용법·용량을 지킨다. 
2) 1개월 정도 투여하여도 증상의 개선이 없을 경우에는 의사 또는 약사와 상의한다. 


3개월 미만의 영아에게는 투여하지 말 것 


1) 각종 뇨검사시에 혈당의 검출을 방해할 수 있다. 


1) 어린이의 손이 닿지 않는 곳에 보관한다. 
2) 직사광선을 피하고 될 수 있으면 습기가 적고 서늘한 곳에 밀전하여 보관한다. 
3) 오·남용을 피하고, 품질을 보호·유지하기 위해 다른 용기에 넣지 않는다.",47210,[47210]저함량 비타민 및 미네랄 제제,동성제약(주)
200408208,멜라큐어과립,"육체피로, 임신.수유기, 병중.병후의 체력저하시 비타민 B2, C보급, 기미·주근깨의 완화",8세 이상의 소아 및 성인 용법은 1회1포 1일1회 복용,"1) 이 제품 및 이 제품에 포함된 성분에 과민증이 있는 환자.
2) 3개월 미만의 영아


1) 의사의 치료를 받고 있는 환자
2) 과수산뇨증환자(hyperoxaluria : 뇨증에 과량의 수산염이 배설되는 상태)
3) 임부, 수유부


1) 이 제품 투여에 의하여 다음의 증상이 있을 경우에는 복용을 중지하고 의사 또는 약사와 상의합니다.(구역, 구토, 설사)
2) 장기간 고용량을 투여할 경우 내성이 생길 수 있다.


1) 정해진 용법.용량을 지킨다.
2) 어린이에게 투여할 경우에는 보호자의 지도·감독하에 투여한다.
3) 1개월 정도 투여하여도 증상의 개선이 없을 경우에는 의사 또는 약사와 상의한다.


3개월 미만의 영아에게는 투여하지 말 것.


1) 각종 뇨검사시에 혈당의 검출을 방해할 수 있다.
2) 뇨를 황색으로 변하게 하여 임상검사치에 영향을 줄 수 있다.


1) 어린이 손에 닿지 않는 곳에 보관한다.
2) 직사광선을 피하고 될 수 있으면 습기가 적고 서늘한 곳에 밀전하여 보관한다.
3) 오.남용을 피하고, 품질을 보호. 유지하기 위해 다른 용기에 넣지 않는다.",47210,[47210]저함량 비타민 및 미네랄 제제,동성제약(주)
200508604,멜라큐어씨산,"육체피로, 임신&#8901;수유기, 병중&#8901;병후의 체력저하시 비타민 B2, B6 C의 보급, 기미&#8901; 주근깨의 완화","8세 이상의 소아 및 성인 : 1회 1포, 1일 1회 복용한다.","1) 이 제품 및 이 제품에 포함된 성분에 과민증이 있는 환자
2) 3개월 미만의 영아


1) 의사의 치료를 받고 있는 환자
2) 과수산뇨증 환자(hyperoxaluria : 뇨중에 과량의 수산염이 배설되는 상태)
3) 임부&#8901;수유부


1) 이 약의 투여에 의하여 다음의 증상이 있을 경우에는 복용을 중지하고 의사 또는 약사와상의합니다. - 구역, 구토, 설사, 식욕부진, 복부팽만감
2) 장기간 고용량을 투여할 경우 내성이 생길 수 있다. 
3) 피리독신을 1일 500mg~2g의 용량으로 장기간 복용하면 감각신경병 또는 신경병적 증상(neuropathy : 말초신경계의 기능적 장애 또는 병적변화)이 나타날 수 있다. 


1) 정해진 용법&#8901;용량을 잘 지킨다.
2) 어린이에게 투여할 경우에는 보호자의 지도&#8901;감독하에 투여한다. 
3) 1개월 정도 투여하여도 증상의 개선이 없을 경우에는 의사 또는 약사와 상의한다. 


이 제품을 투여할 경우에는 다음의 약제를 투여하지 말 것. - 레보도파


3개월 미만의 영아에게는 투여하지 말 것


1) 각종 뇨검사시에 혈당의 검출을 방해할 수 있다.
2) 요를 황색으로 변하게 하여 임상검사치에 영향을 줄 수 있다. 


1) 어린이의 손이 닿지 않는 곳에 보관한다. 
2) 직사광선을 피하고 될 수 있으면 습기가 적고 서늘한 곳에 밀전하여 보관한다.
3) 오&#8901;남용을 피하고, 품질을 보호&#8901;유지하기 위해 다른 요기에 넣지 않는다.",47210,[47210]저함량 비타민 및 미네랄 제제,동성제약(주)
202001350,레모나비비정,,"만 8세 이상의 소아 및 성인 : 1일 2회, 1회 1정","1) 이 제품 및 이 제품에 포함된 성분에 과민증이 있는 환자
2) 만 3개월 미만의 영아(젖먹이)


1) 의사의 치료를 받고 있는 환자
2) 과수산뇨증환자(hyperoxaluria : 뇨(소변)중에 과량의 수산염이 배설되는 상태)
3) 임부, 수유부
4) 이 약은 황색4호(타르타르진)를 함유하고 있으므로 이 성분에 과민하거나 알레르기 병력이 있는 환자에는 신중히 투여한다.


1) 이 제품의 투여에 의하여 다음의 증상이 있을 경우에는 복용을 중지하고 의사 또는 약사와 상의합니다.
&#x119e;구역, 구토, 묽은변, 설사, 위부(상복부)불쾌감, 변비, 발진, 발적(충혈되어 붉어짐), 식욕부진, 복부팽만감
2) 이 제품의 투여에 의하여 생리가 예정보다 빨라지거나 양이 점점 많아질 수 있으며, 출혈이 오래 지속될 수도 있다.
3) 에스트로겐을 포함한 경구(복용)용 피임제를 복용하는 여성 또는 혈전(혈관 막힘)성 소인이 있는 환자가 비타민 E를 복용할 경우 혈전(혈관 막힘)증의 위험이 증가될 수 있다.
4) 장기간 고용량을 투여할 경우 내성이 생길 수 있다.
5) 피리독신을 1일 500mg~2g의 용량으로 장기간 복용하면 감각신경병 또는 신경병적 증상(neuropathy : 말초신경계의 기능적 장애 또는 병적 변화)이 나타날 수 있다.
6) 고용량 투여에 의해 소화성 궤양을 촉진시키고 당내성(포도당내성) 손상(glucosetolerance impairment : 신체의 포도당을 대사하는 능력 장애), 과요산혈증(hyperurisemia, 혈액 중에 요산이 과잉으로 존재하는 상태), 간손상을 일으킬 수 있다.


1) 정해진 용법 &#x22c5; 용량을 지킨다.
2) 어린이에 투여할 경우에는 보호자의 지도 · 감독하에 투여한다.
3) 1개월 정도 투여하여도 증상의 개선이 없을 경우에는 의사 또는 약사와 상의한다.


1) 이 제품을 투여할 경우에는 다음의 약제를 투여하지 말 것
&#x119e;레보도파


1) 만 3개월 미만의 영아(젖먹이)에게는 투여하지 말 것


1) 각종 뇨(소변)검사시에 혈당의 검출을 방해할 수 있다.
2) 뇨(소변)를 황색으로 변하게 하여 임상검사치에 영향을 줄 수 있다.


1) 어린이의 손이 닿지 않는 곳에 보관한다.
2) 직사광선을 피하고 될 수 있으면 습기가 적고 서늘한 곳에 밀전하여(뚜껑을 꼭 닫아) 보관한다.
3) 오용(잘못 사용) &#x22c5; 남용을 피하고, 품질을 보호 &#x22c5; 유지하기 위해 다른 용기에 넣지 않는다.",47210,[47210]저함량 비타민 및 미네랄 제제,경남제약(주)
201402668,레모나산(수출용)(수출명 : LEMONA POWDER),"기미&#8901;주근깨의 완화, 육체피로, 임신&#8901;수유기, 병중&#8901;병후의 체력저하시 비타민 C, B2, B6의 보급","8세 이상의 소아 및 성인 - 1회 1포, 1일 1회 복용한다.","1) 이 제품 및 이 제품에 포함된 성분에 과민증이 있는 환자
2) 만 3개월 미만의 영아
3) 이 약은 유당수화물을 함유하고 있으므로, 갈락토오스 불내성(galactose intolerance), Lapp 유당분해효소 결핍증(Lapp lactase deficiency) 또는 포도당-갈락토오스 흡수장애(glucose-galactose malabsorption) 등의 유전적인 문제가 있는 환자에게는 투여하면 안 된다.


1) 의사의 치료를 받고 있는 환자
2) 과수산뇨증환자(hyperoxaluria : 요중에 과량의 수산염이 배설되는 상태)
3) 임부, 수유부


1) 이 제품의 투여에 의하여 다음의 증상이 있을 경우에는 복용을 중지하고 의사 또는 약사와 상의합니다. : 구역, 구토, 설사, 식욕부진, 복부팽만감
2) 장기간 고용량을 투여할 경우 내성이 생길 수 있다.
3) 피리독신을 1일 500 ㎎ ~ 2 g의 용량으로 장기간 복용하면 감각신경병 또는 신경병적 증상(neuropathy : 말초신경계의 기능적 장애 또는 병적변화)이 나타날 수 있다.


1) 정해진 용법&#8901;용량을 지킨다.
2) 어린이에 투여할 경우에는 보호자의 지도&#8901;감독하에 투여한다. 
3) 1개월 정도 투여하여도 증상의 개선이 없을 경우에는 의사 또는 약사와 상의한다.


이 제품을 투여할 경우에는 다음의 약제를 투여하지 말 것 : 레보도파


만 3개월 미만의 영아에게는 투여하지 말 것


1) 각종 요검사시에 혈당의 검출을 방해할 수 있다. 
2) 요를 황색으로 변하게 하여 임상검사치에 영향을 줄 수 있다. 


1) 어린이의 손이 닿지 않는 곳에 보관한다.
2) 직사광선을 피하고 될 수 있으면 습기가 적고 서늘한 곳에 밀전하여 보관한다.
3) 오&#8901;남용을 피하고, 품질을 보호&#8901;유지하기 위해 다른 용기에 넣지 않는다.",47210,[47210]저함량 비타민 및 미네랄 제제,경남제약(주)
201310751,레모비타씨정,"육체피로, 임신·수유기, 병중·병후의 체력저하시 비타민B2, C의 보급, 기미·주근깨의 완화","만 8세 이상의 소아 및 성인 1일 2회, 1회 1정 입안에서 녹이거나 씹어서 복용한다.","본제에 함유되어 있는 인공 감미제 ‘아스파탐’은 체내에서 분해되어 페닐알라닌으로 대사되므로 페닐알라닌의 섭취를 규제할 필요가 있는 유전성 질환인 페닐케톤뇨증환자에게는 투여하지 말 것
* 아스파탐 1일 허용량 제한아스파탐 함량을 WHO권장량(40mg/kg/1일)이하로 조정(가능한 한 최소량 사용)할 것.60kg 성인 : 1일 최대복용량 2.4g


1) 이 제품 및 이 제품에 포함된 성분에 과민증이 있는 환자
2) 만 3개월 미만의 영아
3) 이 약은 유당수화물을 함유하고 있으므로, 갈락토오스 불내성(galactose intolerance),Lapp 유당분해효소 결핍증(Lapp lactase deficiency) 또는 포도당-갈락토오스 흡수장애 (glucose-galactose malabsorption) 등의 유전적인 문제가 있는 환자에게는 투여하면안 된다.


1) 의사의 치료를 받고 있는 환자
2) 과수산뇨증환자(hyperoxaluria : 요중에 과량의 수산염이 배설되는 상태)
3) 임부, 수유부


1) 이 제품의 투여에 의하여 다음의 증상이 있을 경우에는 복용을 중지하고 의사 또는 약사와 상의합니다. - 구역, 구토, 설사
2) 장기간 고용량을 투여할 경우 내성이 생길 수 있다. 


1) 정해진 용법&#8901;용량을 지킨다.
2) 어린이에 투여할 경우에는 보호자의 지도&#8901;감독하에 투여한다. 
3) 1개월 정도 투여하여도 증상의 개선이 없을 경우에는 의사 또는 약사와 상의한다.


1) 만 3개월 미만의 영아에게는 투여하지 말 것


1) 각종 요검사시에 혈당의 검출을 방해할 수 있다.
2) 요를 황색으로 변하게 하여 임상검사치에 영향을 줄 수 있다.


1) 어린이의 손이 닿지 않는 곳에 보관한다.
2) 직사광선을 피하고 될 수 있으면 습기가 적고 서늘한 곳에 밀전하여 보관한다.
3) 오&#8901;남용을 피하고, 품질을 보호&#8901;유지하기 위해 다른 용기에 넣지 않는다.",47210,[47210]저함량 비타민 및 미네랄 제제,경남제약(주)
201307585,"레모비타정(레몬향, 사과향, 딸기향, 오렌지향, 포도향)","육체피로, 임신·수유기, 병중·병후의 체력저하시 비타민C의 보급, 기미·주근깨의 완화","만 8세 이상의 소아 및 성인 1일 2회, 1회 1정 입안에서 녹이거나 씹어서 복용한다.","본제에 함유되어 있는 인공 감미제 ‘아스파탐’은 체내에서 분해되어 페닐알라닌으로 대사되므로 페닐알라닌의 섭취를 규제할 필요가 있는 유전성 질환인 페닐케톤뇨증환자에게는 투여하지 말 것
* 아스파탐 1일 허용량 제한 아스파탐 함량을 WHO권장량(40mg/kg/1일)이하로 조정(가능한 한 최소량 사용)할 것.60kg 성인 : 1일 최대복용량 2.4g


1) 이 제품 및 이 제품에 포함된 성분에 과민증이 있는 환자
2) 만 3개월 미만의 영아
3) 이 약은 유당수화물을 함유하고 있으므로, 갈락토오스 불내성(galactose intolerance),Lapp 유당분해효소 결핍증(Lapp lactase deficiency) 또는 포도당-갈락토오스 흡수장애 (glucose-galactose malabsorption) 등의 유전적인 문제가 있는 환자에게는 투여하면안 된다.


1) 의사의 치료를 받고 있는 환자
2) 과수산뇨증환자(hyperoxaluria : 요중에 과량의 수산염이 배설되는 상태)
3) 임부, 수유부


1) 이 제품의 투여에 의하여 다음의 증상이 있을 경우에는 복용을 중지하고 의사 또는 약사와 상의합니다. - 구역, 구토, 설사
2) 장기간 고용량을 투여할 경우 내성이 생길 수 있다. 


1) 정해진 용법&#8901;용량을 지킨다.
2) 어린이에 투여할 경우에는 보호자의 지도&#8901;감독하에 투여한다. 
3) 1개월 정도 투여하여도 증상의 개선이 없을 경우에는 의사 또는 약사와 상의한다.


1) 만 3개월 미만의 영아에게는 투여하지 말 것


1) 각종 요검사시에 혈당의 검출을 방해할 수 있다.


1) 어린이의 손이 닿지 않는 곳에 보관한다.
2) 직사광선을 피하고 될 수 있으면 습기가 적고 서늘한 곳에 밀전하여 보관한다.
3) 오&#8901;남용을 피하고, 품질을 보호&#8901;유지하기 위해 다른 용기에 넣지 않는다.",47210,[47210]저함량 비타민 및 미네랄 제제,경남제약(주)
201402452,레모비타씨정(수출용)(수출명 : LEMOVITA C Tablet),"육체피로, 임신·수유기, 병중·병후의 체력저하시 비타민C, B2의 보급, 기미·주근깨의 완화","만 8세 이상의 소아 및 성인 1일 1회, 1회 1정 입안에서 녹이거나 씹어서 복용한다.","본제에 함유되어 있는 인공 감미제 ‘아스파탐’은 체내에서 분해되어 페닐알라닌으로 대사되므로 페닐알라닌의 섭취를 규제할 필요가 있는 유전성 질환인 페닐케톤뇨증환자에게는 투여하지 말 것
* 아스파탐 1일 허용량 제한
아스파탐 함량을 WHO권장량(40mg/kg/1일)이하로 조정(가능한 한 최소량 사용)할 것.
60kg 성인 : 1일 최대복용량 2.4g


1) 이 제품 및 이 제품에 포함된 성분에 과민증이 있는 환자
2) 만 3개월 미만의 영아
3) 이 약은 유당수화물을 함유하고 있으므로, 갈락토오스 불내성(galactose intolerance),Lapp 유당분해효소 결핍증(Lapp lactase deficiency) 또는 포도당-갈락토오스 흡수장애 (glucose-galactose malabsorption) 등의 유전적인 문제가 있는 환자에게는 투여하면안 된다.


1) 의사의 치료를 받고 있는 환자
2) 과수산뇨증환자(hyperoxaluria : 요중에 과량의 수산염이 배설되는 상태)
3) 임부, 수유부


1) 이 제품의 투여에 의하여 다음의 증상이 있을 경우에는 복용을 중지하고 의사 또는 약사와 상의합니다. - 구역, 구토, 설사
2) 장기간 고용량을 투여할 경우 내성이 생길 수 있다. 


1) 정해진 용법&#8901;용량을 지킨다.
2) 어린이에 투여할 경우에는 보호자의 지도&#8901;감독하에 투여한다. 
3) 1개월 정도 투여하여도 증상의 개선이 없을 경우에는 의사 또는 약사와 상의한다.


1) 만 3개월 미만의 영아에게는 투여하지 말 것


1) 각종 요검사시에 혈당의 검출을 방해할 수 있다.
2) 요를 황색으로 변하게 하여 임상검사치에 영향을 줄 수 있다.


1) 어린이의 손이 닿지 않는 곳에 보관한다.
2) 직사광선을 피하고 될 수 있으면 습기가 적고 서늘한 곳에 밀전하여 보관한다.
3) 오&#8901;남용을 피하고, 품질을 보호&#8901;유지하기 위해 다른 용기에 넣지 않는다.",47210,[47210]저함량 비타민 및 미네랄 제제,경남제약(주)
200712229,크린화이트에프정,,"14세 이상 소아 및 성인: 1회1정, 1일 3회 복용","1) 과칼슘혈증(hypercalciumia: 혈액중에 칼슘이 과잉으로 존재하는 상태)환자, 유육정용, 신질환환자
2) 이 제품 및 이 제품에 포함된 성분에 과민증이 있는 환자
3) 12개월 미만의 영아


1) 의사의 치료를 받고 있는 환자
2) 햇빛을 많이 보고 정상적인 식사를 하는 어린이에게는 비타민D 또는 칼슘의 투여를 피한다.
3) 과수산뇨증환자(hyperoxaluria: 뇨중에 과량의 수산염이 배설되는 상태)
4) 임부, 수유부
5) 심장·순환기계기능 장애 환자
6) 신장애 환자
7) 저단백혈증 환자


1) 이 제품 투여에 의하여 구역, 구토, 설사, 변비, 저혈압, 얼굴달아오름, 심박동불 규칙,구역질, 구토, 피부발진의 증상이 있을 경우에는 복용을 중지하고 의사 또는 약사와 상의합니다.
2) 장기간 고용량을 투여할 경우 내성이 생길 수 있다.
3) 대량투여로 인해 구역, 구토 등의 위장증상, 고나트륨혈증, 울혈성심부전, 부종 등의 증상이 나타날 수 있다.


1) 정해진 용법·용량을 지킨다.
2) 어린이에게 투여할 경우에는 보호자의 지도·감독하에 투여한다.
3) 1개월 정도 투여하여도 증상의 개선이 없을 경우에는 의사 또는 약사와 상의한다.


1) 항알도스테론제, 트리암테렌과 병용투여시 고칼륨혈증을 일으킬 수가 있으므로 주의할 것
2) 이 제품을 투여할 경우에는 다음의 약제를 투여하지 말 것 : 인산염, 칼슘염, 경구용테트라사이클린계 제제, 제산제 
3) 녹차, 홍차 등 탄닌을 함유하는 차는 복용중, 복용전·후에는 피할 것


12개월 미만의 영아에게는 투여하지 말 것


1) 각종 뇨검사시에 혈당의 검출을 방해할 수 있다.


1) 어린이의 손이 닿지 않는 곳에 보관한다.
2) 직사광선을 피하고 될 수 있으면 습기가 적고 서늘한 곳에 밀전하여 보관한다.
3) 오·남용을 피하고, 품질을 보호·유지하기 위해 다른 용기에 넣지 않는다.",47210,[47210]저함량 비타민 및 미네랄 제제,경남제약(주)
201100283,레모나씨플러스산,"육체피로, 임신·수유기, 병중·병후의 체력저하시 비타민 C, B2, B6의 보급, 기미·주근깨의 완화, 노년기의 비타민 E보급","8세 이상 소아 및 성인 1회 1포, 1일 1회 복용한다.","1) 이 제품 및 이 제품에 포함된 성분에 과민증이 있는 환자
2) 3개월 미만의 영아
3) 이 약은 유당을 함유하고 있으므로, 갈락토오스 불내성(못견딤)(galactose intolerance), Lapp 유당분해효소 결핍(부족)증(Lapp lactase deficiency) 또는 포도당-갈락토오스 흡수장애(glucose-galactose malabsorption) 등의 유전적인 문제가 있는 환자에게는 투여하면 안 된다.


1) 의사의 치료를 받고 있는 환자
2) 과수산뇨증환자(hyperoxaluria : 뇨중에 과량의 수산염이 배설되는 상태)
3) 임부, 수유부


1) 이 제품의 투여에 의하여 다음의 증상이 있을 경우에는 복용을 중지하고 의사 또는 약사와 상의합니다.
: 위부불쾌감, 설사, 변비, 발진, 발적(충혈되어 붉어짐), 구역, 구토, 식욕부진, 복부팽만감
2) 이 제품의 투여에 의하여 생리가 예정보다 빨라지거나 양이 점점 많아질 수 있으며, 출혈이 오래 지속될 수도 있다.
3) 에스트로젠을 포함한 경구용 피임제를 복용하는 여성 또는 혈전(혈관 막힘)성 소인이 있는 환자가 비타민E를 복용할 경우 혈전증의 위험이 증가될 수 있다. 
4) 장기간 고용량을 투여할 경우 내성이 생길 수 있다. 
5) 피리독신을 1일 500㎎~2g의 용량으로 장기간 복용하면 감각신경병 또는 신경병적 증상(neuropathy : 말초신경계의 기능적 장애 또는 병적변화)이 나타날 수 있다.


1) 정해진 용법&#8901;용량을 지킨다.
2) 어린이에 투여할 경우에는 보호자의 지도&#8901;감독하에 투여한다.
3) 1개월 정도 투여하여도 증상의 개선이 없을 경우에는 의사 또는 약사와 상의한다.


1) 이 제품을 투여할 경우에는 다음의 약제를 투여하지 말 것
가) 레보도파


3개월 미만의 영아(갓난아기)에게는 투여하지 말 것


1) 각종 뇨검사시에 혈당의 검출을 방해할 수 있다. 
2) 뇨를 황색으로 변하게 하여 임상검사치에 영향을 줄 수 있다. 


1) 어린이의 손이 닿지 않는 곳에 보관한다.
2) 직사광선을 피하고 될 수 있으면 습기가 적고 서늘한 곳에 밀전하여(뚜껑을 꼭 닫아) 보관한다.
3) 오(잘못 사용)&#8901;남용을 피하고, 품질을 보호&#8901;유지하기 위해 다른 용기에 넣지 않는다.",47210,[47210]저함량 비타민 및 미네랄 제제,경남제약(주)
201104477,레모나에스플러스산,"육체피로, 임신·수유기, 병중·병후의 체력저하시 비타민 C, B2, B6의 보급, 기미·주근깨의 완화, 노년기의 비타민 E보급","8세 이상 소아 및 성인 1회 1포, 1일 1회 복용한다.","1) 이 제품 및 이 제품에 포함된 성분에 과민증이 있는 환자
2) 만 3개월 미만의 영아(갓난아기)
3) 이 약은 유당수화물을 함유하고 있으므로, 갈락토오스 불내성(galactose intolerance), Lapp 유당분해효소 결핍증(Lapp lactase deficiency) 또는 포도당-갈락토오스 흡수장애(glucose-galactose malabsorption) 등의 유전적인 문제가 있는 환자에게는 투여하면 안 된다.


1) 의사의 치료를 받고 있는 환자
2) 과수산뇨증환자(hyperoxaluria : 뇨중에 과량의 수산염이 배설되는 상태)
3) 임부, 수유부


1) 이 제품의 투여에 의하여 다음의 증상이 있을 경우에는 복용을 중지하고 의사 또는 약사와 상의합니다.
: 위부불쾌감, 설사, 변비, 발진, 발적(충혈되어 붉어짐), 구역, 구토, 식욕부진, 복부팽만감
2) 이 제품의 투여에 의하여 생리가 예정보다 빨라지거나 양이 점점 많아질 수 있으며, 출혈이 오래 지속될 수도 있다.
3) 에스트로젠을 포함한 경구용 피임제를 복용하는 여성 또는 혈전(혈관 막힘)성 소인이 있는 환자가 비타민E를 복용할 경우 혈전(혈관 막힘)증의 위험이 증가될 수 있다. 
4) 장기간 고용량을 투여할 경우 내성이 생길 수 있다. 
5) 피리독신을 1일 500㎎~2g의 용량으로 장기간 복용하면 감각신경병 또는 신경병적 증상(neuropathy : 말초신경계의 기능적 장애 또는 병적변화)이 나타날 수 있다.


1) 정해진 용법&#8901;용량을 지킨다.
2) 어린이에 투여할 경우에는 보호자의 지도&#8901;감독하에 투여한다.
3) 1개월 정도 투여하여도 증상의 개선이 없을 경우에는 의사 또는 약사와 상의한다. 


1) 이 제품을 투여할 경우에는 다음의 약제를 투여하지 말 것
가) 레보도파


만 3개월 미만의 영아(갓난아기)에게는 투여하지 말 것


1) 각종 뇨검사시에 혈당의 검출을 방해할 수 있다. 
2) 뇨를 황색으로 변하게 하여 임상검사치에 영향을 줄 수 있다. 


1) 어린이의 손이 닿지 않는 곳에 보관한다.
2) 직사광선을 피하고 될 수 있으면 습기가 적고 서늘한 곳에 밀전하여(뚜껑을 꼭 닫아) 보관한다.
3) 오(잘못 사용)&#8901;남용을 피하고, 품질을 보호&#8901;유지하기 위해 다른 용기에 넣지 않는다.",47210,[47210]저함량 비타민 및 미네랄 제제,경남제약(주)
201000171,레모나퓨어산,"육체피로, 임신·수유기, 병중·병후의 체력저하시 비타민 B2, C의 보급, 기미·주근깨의 완화, 노년기의 비타민 E보급","8세 이상의 소아 및 성인 : 1회 1포, 1일 1회 복용한다","1) 이 제품 및 이 제품에 포함된 성분에 과민증이 있는 환자
2) 3개월 미만의 영아
3) 이 약은 유당을 함유하고 있으므로, 갈락토오스 불내성(galactose intolerance), Lapp 유당분해효소 결핍증(Lapp lactase deficiency) 또는 포도당-갈락토오스 흡수장애(glucose-galactose malabsorption) 등의 유전적인 문제가 있는 환자에게는 투여하면 안 된다.


1) 의사의 치료를 받고 있는 환자
2) 과수산뇨증환자(hyperoxaluria : 뇨중에 과량의 수산염이 배설되는 상태)
3) 임부, 수유부


1) 이 약의 투여에 의하여 다음의 증상이 있을 경우에는 복용을 중지하고 의사 또는 약사와 상의합니다.
- 위부불쾌감, 설사, 변비, 발진, 발적, 구역, 구토, 식욕부진, 복부팽만감
2) 이 제품의 투여에 의하여 생리가 예정보다 빨라지거나 양이 점점 많아질 수 있으며, 출혈이 오래 지속될 수도 있다.
3) 에스트로젠을 포함한 경구용 피임제를 복용하는 여성 또는 혈전성 소인이 있는 환자가 비타민E를 복용할 경우 혈전증의 위험이 증가될 수 있다. 
4) 장기간 고용량을 투여할 경우 내성이 생길 수 있다. 


1) 정해진 용법·용량을 잘 지킨다.
2) 어린이에게 투여할 경우에는 보호자의 지도·감독하에 투여한다.
3) 1개월 정도 투여하여도 증상의 개선이 없을 경우에는 의사 또는 약사와 상의한다.


3개월 미만의 영아에게는 투여하지 말 것


1) 각종 뇨검사시에 혈당의 검출을 방해할 수 있다.
2) 뇨를 황색으로 변하게 하여 임상검사치에 영향을 줄 수 있다.


1) 어린이의 손이 닿지 않는 곳에 보관한다.
2) 직사광선을 피하고 될 수 있으면 습기가 적고 서늘한 곳에 밀전하여 보관한다.
3) 오·남용을 피하고, 품질을 보호·유지하기 위해 다른 용기에 넣지 않는다.",47210,[47210]저함량 비타민 및 미네랄 제제,경남제약(주)
201000221,레모나알파산,"육체피로, 임신·수유기, 병중·병후의 체력저하시 비타민 B2, B6, C의 보급, 기미·주근깨의 완화","14세 이상의 소아 및 성인 : 1회 1포, 1일 1회 복용한다.","1) 이 제품 및 이 제품에 포함된 성분에 과민증이 있는 환자
2) 12개월 미만의 영아
3) 이 약은 유당을 함유하고 있으므로, 갈락토오스 불내성(galactose intolerance), Lapp 유당분해효소 결핍증(Lapp lactase deficiency) 또는 포도당-갈락토오스 흡수장애(glucose-galactose malabsorption) 등의 유전적인 문제가 있는 환자에게는 투여하면 안 된다.


1) 의사의 치료를 받고 있는 환자
2) 과수산뇨증 환자(hyperoxaluria:뇨중에 과량의 수산염이 배설되는 상태)
3) 임부·수유부
4) 심장&#8901;순환기계기능 장애 환자
5) 신장애 환자
6) 저단백혈증 환자


1) 이 약의 투여에 의하여 다음의 증상이 있을 경우에는 복용을 중지하고 의사 또는 약사와 상의합니다.
- 구역, 구토, 설사, 구역, 식욕부진, 복부팽만감
2) 장기간 고용량을 투여할 경우 내성이 생길 수 있다. 
3) 피리독신을 1일 500㎎～2g의 용량으로 장기간 복용하면 감각신경병 또는 신경병적 증상(neuropathy: 말초신경계의 기능적 장애 또는 병적변화)이 나타날 수 있다.
4) 대량투여로 인해 구역, 구토 등의 위장증상, 고나트륨혈증, 울혈성심부전, 부종 등의 증상이 나타날 수 있다.


1) 정해진 용법·용량을 잘 지킨다.
2) 어린이에게 투여할 경우에는 보호자의 지도·감독하에 투여한다.
3) 1개월 정도 투여하여도 증상의 개선이 없을 경우에는 의사 또는 약사와 상의한다.


1) 항알도스테론제, 트리암테렌과 병용투여시 고칼륨혈증을 일으킬 수 있으므로 주의할 것.
2) 이 제품을 투여할 경우에는 다음의 약제를 투여하지 말 것
가) 인산염, 칼슘염, 경구용테트라사이클린계 제제, 제산제
나) 레보도파
3) 녹차, 홍차 등 탄닌을 함유하는 차는 복용중, 복용전후에는 피할 것


12개월 미만의 영아에게는 투여하지 말 것


1) 각종 뇨검사시에 혈당의 검출을 방해할 수 있다.
2) 요를 황색으로 변하게 하여 임상검사치에 영향을 줄 수 있다.


1) 어린이의 손이 닿지 않는 곳에 보관한다.
2) 직사광선을 피하고 될 수 있으면 습기가 적고 서늘한 곳에 밀전하여 보관한다.
3) 오·남용을 피하고, 품질을 보호·유지하기 위해 다른 용기에 넣지 않는다.",47210,[47210]저함량 비타민 및 미네랄 제제,경남제약(주)
200903396,레모나에스산(수출명 : LEMONA LEMON S),"육체피로, 임신·수유기, 병중·병후의 체력저하시 비타민 B2, B6, C의 보급, 기미·주근깨의 완화","8세 이상의 소아 및 성인 : 1회 1포, 1일 1회 복용한다","1) 이 제품 및 이 제품에 포함된 성분에 과민증이 있는 환자
2) 3개월 미만의 영아
3) 이 약은 유당수화물을 함유하고 있으므로, 갈락토오스 불내성(galactose intolerance), Lapp 유당 분해효소 결핍증(Lapp lactose deficiency) 또는 포도당-갈락토오스 흡수장애(glucose-galactose malabsorption) 등의 유전적인 문제가 있는 환자에게는 투여하면 안 된다. 


1) 의사의 치료를 받고 있는 환자
2) 과수산뇨증 환자(hyperoxaluria : 요중에 과량의 수산염이 배설되는 상태)
3) 임부·수유부


1) 이 약의 투여에 의하여 다음의 증상이 있을 경우에는 복용을 중지하고 의사 또는 약사와 상의합니다. -구역, 구토, 설사, 식욕부진, 복부팽만감
2) 장기간 고용량을 투여할 경우 내성이 생길 수 있다. 
3) 피리독신을 1일 500㎎~2g의 용량으로 장기간 복용하면 감각신경병 또는 신경병적 증상(neuropathy : 말초신경계의 기능적 장애 또는 병적변화)이 나타날 수 있다.


1) 정해진 용법·용량을 잘 지킨다.
2) 어린이에게 투여할 경우에는 보호자의 지도·감독하에 투여한다.
3) 1개월 정도 투여하여도 증상의 개선이 없을 경우에는 의사 또는 약사와 상의한다.


 이 제품을 투여할 경우에는 다음의 약물과 병용투여하지 않는다. 레보도파


 3개월 미만의 영아에게는 투여하지 말 것


1) 각종 요검사시에 혈당의 검출을 방해할 수 있다.
2) 요를 황색으로 변하게 하여 임상검사치에 영향을 줄 수 있다.


1) 어린이의 손이 닿지 않는 곳에 보관한다.
2) 직사광선을 피하고 될 수 있으면 습기가 적고 서늘한 곳에 밀전하여 보관한다.
3) 오·남용을 피하고, 품질을 보호·유지하기 위해 다른 용기에 넣지 않는다.",47210,[47210]저함량 비타민 및 미네랄 제제,경남제약(주)
200306120,레모나헬씨정,"육체피로, 임신·수유기, 병중·병후의 체력저하시 비타민 B2, B6, C의 보급
기미, 주근깨의 완화, 노년기의 비타민E 보급
칼슘의 보급","성인: 1회 1정, 1일 4회 입안에서 녹이거나 씹어서 복용한다.","본제에 함유되어 있는 인공 감미제 아스파탐은 체내에서 분해되어 페닐알라닌으로 대사되므로, 페닐알라닌의 섭취를 규제할 필요가 있는 유전성질환인 페닐케톤뇨증 환자에게는 투여하지 말 것


1) 과칼슘혈증(hypercalciumia: 혈액중에 칼슘이 과잉으로 존재하는 상태) 환자, 유육정용, 신질환환자
2) 이 제품 및 이 제품에 포함된 성분에 과민증이 있는 환자
3) 12개월 미만의 영아


1) 의사의 치료를 받고 있는 환자
2) 햇빛을 많이 보고 정상적인 식사를 하는 어린이에게는 칼슘의 투여를 피한다.
3) 과수산요증 환자(hyperoxaluria: 요중에 과량의 수산염이 배설되는 상태)
4) 임부·수유부
5) 심장·순환기계기능 장애 환자
6) 신장애환자
7) 저단백혈증 환자


1) 이 약의 투여에 의하여 다음의 증상이 있을 경우에는 복용을 중지하고 의사 또는 약사와 상의합니다.
-구역, 구토, 설사, 식욕부진, 복부팽만감, 변비, 저혈압, 얼굴 달아오름, 심박동불규칙, 구역질, 피부발진, 위부불쾌감, 발진, 발적
2) 이 제품의 투여에 의하여 생리가 예정보다 빨라지거나 양이 점점 많아질 수 있으며, 출혈이 오래 지속될 수도 있다.
3) 에스트로겐을 포함한 경구용 피임제를 복용하는 여성 또는 혈전성 소인이 있는 환자가 비타민 E를 복용할 경우 혈전증의 위험이 증가될 수 있다.
4) 장기간 고용량을 투여할 경우 내성이 생길 수 있다.
5) 피리독신을 1일 500mg~2g의 용량으로 장기간 복용하면 감각신경병 또는 신경병적 증상(neuropathy: 말초신경계의 기능적 장애 또는 병적변화)이 나타날 수 있다.
6) 대량투여로 인해 구역, 구토 등의 위장증상, 고나트륨혈증, 울혈성심부전, 부종 등의 증상이 나타날 수 있다.


1) 정해진 용법·용량을 지킨다.
2) 1개월 정도 투여하여도 증상의 개선이 없을 경우에는 의사 또는 약사와 상의한다.


1) 항알도스테론제, 트리암테렌과 병용투여시 고칼륨혈증을 일으킬 수가 있으므로 주의할 것
2) 이 제품을 투여할 경우에는 다음의 약제를 투여하지 말것
-인산염, 칼슘염, 경구용 테트라사이클린계제제, 제산제
-레보도파
3) 녹차, 홍차 등 탄닌을 함유하는 차는 복용 중, 복용전후에는 피할 것


1) 12개월 미만의 영아에게는 투여하지 말 것


1) 각종 요검사시에 혈당의 검출을 방해할 수 있다.
2) 요를 황색으로 변하게 하여 임상검사치에 영향을 줄 수 있다.


1) 어린이의 손이 닿지 않는 곳에 보관한다.
2) 직사광선을 피하고 될 수 있으면 습기가 적고 서늘한 곳에 밀전하여 보관한다.
3) 오·남용을 피하고, 품질을 보호·유지하기 위해 다른 용기에 넣지 않는다.",47210,[47210]저함량 비타민 및 미네랄 제제,경남제약(주)
200107092,레모나키튼정(수출명:레모나키드정(LEMONAKid)),"-육체피로, 임신·수유기, 병중·병후의 체력 저하시 비타민 B₂,B6,C의 보급
-칼슘,인의 보급
-기미 주근깨 완화","성인 및 14세 이상 어린이 : 1회 2정, 1일 3회 입안에서 녹이거나 씹어서 복용한다.
3세 이상 14세 미만 어린이 : 1회 1정, 1일 3회 입안에서 녹이거나 씹어서 복용한다.","본제에 함유되어 있는 인공 감미제 아스파람은 체내에서 분해되어 페닐알라닌으로 대사되므로 페닐알라닌의 섭취를 규제할 필요가 있는 유전성 질환인 페닐케톤뇨증 환자에게는 투여하지 말 것


1)과칼슘혈증(hypercalsiumia:혈액중에 칼슘이 과잉으오 존재하는 상태)환자, 유육정용, 신질환환자
2)이 제품 및 이 제품에 포함된 성분에 과민증이 있는 환자
3)12개월 미만의 영아


1)의사의 치료를 받고 있는 환자
2)햇빛을많이 보고 정상적인 식사를 하는 어린이에게는 비타민 D또는 칼슘의 투여를 피한다.
3)과수산뇨증 환자(hyperoluria:뇨중에 과량의 수산염이 배설되는 상태)
4)임부 수유부
5)심장 순환기계기능 장애환자
6)신장애환자
7)저단백혈증 환자


1)이 약의 투여에 의하여 다음의 증상이 있을 경우에는 복용을 중지하고 의사또는 약사와 상의합니다.
-구역, 구토, 설사, 식용부진, 복부팽만감, 변비, 저혈압, 얼굴달아오름, 심박동불규칙, 구역질, 피부발진
2)장기간 고용량을 투여할 경우 내성이 생길 수 있다.
3)피리독신을 1일 500mg-2g의 용량으로 장기간 복용하면 감각신경병 또는 병적증상(neuropathy:말초신경계의 기능적 장애 또는 병적변화)이 나타날수 있다.
4)대량투여로 인해 구역, 구토 등의 위장증상, 고나트륨혈증, 울형성심부전, 부종등의 증상이 나타날 수 있다.",47210,[47210]저함량 비타민 및 미네랄 제제,경남제약(주)
200107091,레모나산(수출명 : LEMONA LEMON),"육체피로, 임신·수유기, 병중·병후의 체력저하시 비타민 B2, B6, C의 보급, 기미·주근깨의 완화","8세 이상의 소아 및 성인 : 1회 1포, 1일 1회 복용한다","1) 이 제품 및 이 제품에 포함된 성분에 과민증이 있는 환자
2) 3개월 미만의 영아(갓난아기)
3) 다음 환자에는 투여하지 말 것 
이 약은 유당수화물을 함유하고 있으므로, 갈락토오스 불내성(galactose intolerance), Lapp 유당분해효소 결핍증(Lapp lactose deficiency) 또는 포도당-갈락토오스 흡수장애(glucose-galactose malabsorption) 등의 유전적인 문제가 있는 환자에게는 투여하면 안 된다. 


1) 의사의 치료를 받고 있는 환자
2) 과수산뇨증 환자(hyperoxaluria : 요중에 과량의 수산염이 배설되는 상태)
3) 임부·수유부


1) 이 약의 투여에 의하여 다음의 증상이 있을 경우에는 복용을 중지하고 의사 또는 약사와 상의합니다. -구역, 구토, 설사, 식욕부진, 복부팽만감
2) 장기간 고용량을 투여할 경우 내성이 생길 수 있다. 
3) 피리독신을 1일 500㎎~2g의 용량으로 장기간 복용하면 감각신경병 또는 신경병적 증상(neuropathy: 말초신경계의 기능적 장애 또는 병적변화)이 나타날 수 있다.


1) 정해진 용법·용량을 잘 지킨다.
2) 어린이에게 투여할 경우에는 보호자의 지도·감독하에 투여한다.
3) 1개월 정도 투여하여도 증상의 개선이 없을 경우에는 의사 또는 약사와 상의한다.


 이 제품을 투여할 경우에는 다음의 약물과 병용(함께 복용)투여하지 않는다. 레보도파


 3개월 미만의 영아(갓난아기)에게는 투여하지 말 것


1) 각종 요검사시에 혈당의 검출을 방해할 수 있다.
2) 요를 황색으로 변하게 하여 임상검사치에 영향을 줄 수 있다.


1) 어린이의 손이 닿지 않는 곳에 보관한다.
2) 직사광선을 피하고 될 수 있으면 습기가 적고 서늘한 곳에 밀전하여(뚜껑을 꼭 닫아) 보관한다.
3) 오(잘못 사용)·남용을 피하고, 품질을 보호·유지하기 위해 다른 용기에 넣지 않는다.",47210,[47210]저함량 비타민 및 미네랄 제제,경남제약(주)
200107090,레모나씨정,"-육체피로, 임신 수유기, 병중 병후의 체력저하시, 노년기의 비타민B2, B6, C E의 보급
-기미, 주근깨의 완화","8세 이상 어린이 및 성인 : 1회2정, 1일 2회 입안에서 녹이거나 씹어서 복용한다.","1)이 약에 함유되어 있는 인공감미제 아스파탐은 체내에서 분해되어 페닐알라닌으로 대사되므로, 페닐알라닌의 섭취를 규제할 필요가 있는 유전성 질환인 페닐케톤뇨증 환자에는 투여하지 말 것.


1)이 제품 및 이제품에 포함된 성분에 과민증이 있는 환자.
2)3개월 미만의 영아


1)의사의 치료를 받고 있는 환자
2)과수수산뇨증 환자(hyperoxaluria: 뇨증에 과량의 수산염이 배설되는 상태)
3)임부 수유부


1)이 제품의 투여에 의하여 다음의 증상이 있을 경우에는 복용을 중지하고 의사또는 약사와 상의합니다. 위부불쾌감, 설사, 변비, 발진, 구역, 쿠토, 식욕부진, 복부팽만감
2)이 제품의 투여에 의하여 생리가 예정보다 빨라지거나 양이 점점 많아 질수 있으며, 출혈이 오래 지속될수있다
3)에스트로젠올 포함한 경구용 피임제를 복용하는 여성또는 혈전성 소인이 있는 환자가 비타민E를 복욕할 경우 혈전증의 위험이 증가될 수 있다.
4)장기간 고용량을 투여할 경우 내성이 생길수있다.
5)피리독신을 1일 500mg~@g의 용량으로 장기간 복용하면 감각신경병 또는 신경병적 증상(neuropathy: 발초신경계의 기능적 장애 또는 병적변화)이 나타날수 있다.
6)고용량 투여에 의해 소화성 궤양을 촉진시키고 당해성 손상(glucose toleance impairment: 신체의 포도당을 대사하는 증력장애)과요산혈증(HYPERURISEMIA,혈액중에 요산이 과잉으로 존재하는 상태), 간손상이 일으킬수있다.


1)정해진 용법 용량을 지킨다
2)1개원 정도 투여하여도 증상의 개선이 없을 경우에는 의사또는 약사와 상의한다.


1)이제품을 투여할 경우에는 다음의 약제를 투여하지 말 것. 레보도과


1)3개월 미만의 영아에게는 투여하지 말 것.


1)각종 뇨검사시에 혈당의 검출을 방해할수 있다.
2)뇨를 황색으로 변하게 하여 임상 검사치에 영향을 줄 수있다.


1)어린이의 손이 닿지 않는 곳에 보관한다.
2)직사광선을 피하고 될 수 있으면 습기가 적고 서늘한 것에 밀전하여 보관한다.
3)오 남용을 피하고 품질을 보호 유지하기 위해 다른 용기에 넣지 않는다.",47210,[47210]저함량 비타민 및 미네랄 제제,경남제약(주)
200508622,레모나디액,"육체피로, 임신 수유기, 병중 병후의 체력저하시의 비타민 B2, B6, C의 보급, 
기미주근깨 완화","성인 1회 100ml, 1일 1회 복용","1) 이 제품 및 이 제품에 포함된 성분에 과민증이 있는 환자
2) 3개월 미만의 영아(갓난아기)


1) 의사의 치료를 받고 있는 환자
2) 과수산뇨증환자(Hyperoxaluria : 뇨중에 과량의 수산염이 배설되는 상태)
3) 임부,수유부


1) 이 제품 투여에 의하여 다음의 증상이 있을 경우에는 복용을 중지하고 의사 또는 약사와 상의합니다 : 구역, 구토, 설사
2) 장기간 고용량을 투여할 경우 내성이 생길 수 있다.
3) 피리독신을 1일 500mg~2g의 용량으로 장기간 복용하면 감각신경병 또는 신경병적 증상(neuropathy : 말초신경계의 기능적 장애 또는 병적변화)이 나타날 수 있다.


1) 정해진 용법용량을 지킨다.
2) 1개월 정도 투여하여도 증상의 개선이 없을 경우에는 의사 또는 약사와 상의한다.


 이 제품을 투여할 경우에는 다음의 약제를 투여하지 말 것 : 레보도파


1) 각종 뇨검사시에 혈당의 검출을 방해할 수 있다.
2) 뇨를 황색으로 변하게 하여 임상검사치에 영향을 줄 수 있다.


1) 어린이의 손이 닿지 않는 곳에 보관한다.
2) 직사광선을 피하고 될 수 있으면 습기가 적고 서늘한 곳에 밀전하여(뚜껑을 꼭 닫아) 보관한다.
3) 오(잘못 사용)·남용을 피하고, 품질을 보호유지하기 위해 다른 용기에 넣지 않는다.",47210,[47210]저함량 비타민 및 미네랄 제제,경남제약(주)
200408210,레모나뷰티캡슐,"육체피로, 임신, 수유기, 병중·병후의 체력저하시 비타민 B2, B6, C의 보급
기미, 주근깨의 완화, 노년기의 비타민E 보급
칼슘의 보급","성인 : 1회 1캡슐, 1일 3회 복용한다","1) 과칼슘혈증(hypercalciumia:혈액중에 칼슘이 과잉으로 존재하는 상태) 환자, 유육정용,신질환환자
2) 이 제품 및 이 제품에 포함된 성분에 과민증이 있는 환자
3) 12개월 미만의 영아
4) 이 약은 유당을 함유하고 있으므로, 갈락토오스 불내성(galactose intolerance), Lapp유당분해효소 결핍증(Lapp lactase deficiency) 또는 포도당-갈락토오스 흡수장애(glucose-galactose malabsorption) 등의 유전적인 문제가 있는 환자에게는 투여하면안 된다. 


1) 의사의 치료를 받고 있는 환자
2) 햇빛을 많이 보고정상적인 식사를 하는 어린이에게는 비타민D 또는 칼슘의 투여를 피한다.
3) 과수산뇨증 환자(hyperoxaluria:뇨중에 과량의 수산염이 배설되는 상태)
4) 임부, 수유부
5) 심장·순환기계기능 장애 환자 
6) 신장애 환자
7) 저단백혈증 환자 


1) 이 약의 투여에 의하여 다음의 증상이 있을 경우에는 복용을 중지하고 의사 또는약사와 상의합니다.
- 구역, 구토, 설사, 식욕부진, 복부팽만감, 변비, 저혈압, 얼굴 달아오름, 심박동불규칙,피부발진, 위부불쾌감, 발진, 발적 
2) 이 제품의 투여에 의하여 생리가 예정보다 빨라지거나 양이 점점 많아질 수 있으며,출혈이 오래 지속될 수도 있다.
3) 에스트로겐을 포함한 경구용 피임제를 복용하는 여성 또는 혈전성 소인이 있는 환자가비타민 E를 복용할 경우 혈전증의 위험이 증가될 수 있다.
4) 장기간 고용량을 투여할 경우 내성이 생길 수 있다. 
5) 피리독신을 1일 500㎎-2g의 용량으로 장기간 복용하면 감각신경병 또는 신경병적증상(neuropathy: 말초신경계의 기능적 장애 또는 병적변화)이 나타날 수 있다.
6) 대량투여로 인해 구역, 구토 등의 위장증상, 고나트륨혈증, 울혈성심부전, 부종 등의증상이 나타날 수 있다.


1) 정해진 용법·용량을 지킨다.
2) 1개월 정도 투여하여도 증상의 개선이 없을 경우에는 의사 또는 약사와 상의한다.


1) 항알도스테론제, 트리암테렌과 병용투여시 고칼륨 혈증을 일으킬 수가 있으므로 주의할것 
2) 이 제품을 투여할 경우에는 다음의 약제를 투여하지 말 것
-인산염, 칼슘염, 경구용 테트라사이클린계제제, 제산제
-레보도파
3) 녹차, 홍차 등 탄닌을 함유하는 차는 복용중, 복용전후에는 피할 것 


1) 12개월 미만의 영아에게는 투여하지 말 것


1) 각종 뇨검사시에 혈당의 검출을 방해할 수 있다.
2) 뇨를 황색으로 변하게 하여 임상검사치에 영향을 줄 수 있다.


1) 어린이의 손이 닿지 않는 곳에 보관한다.
2) 직사광선을 피하고 될 수 있으면 습기가 적고 서늘한 곳에 밀전하여 보관한다.
3) 오·남용을 피하고, 품질을 보호·유지하기 위해 다른 용기에 넣지 않는다.",47210,[47210]저함량 비타민 및 미네랄 제제,경남제약(주)
200609715,레모나헬씨에이정,"&#8901;육체피로, 임신·수유기, 병중·병후의 체력 저하시 비타민 C의 보급
&#8901;임신·수유기, 병중·병후의 체력 저하시 비타민 B6의 보급
&#8901;노년기의 비타민 E 보급
&#8901;기미·주근깨 완화
&#8901;칼슘의 보급","성인 : 1회 1정, 1일 4회, 입안에서 녹이거나 씹어서 복용한다.","1) 과칼슘혈증(hypercalciumia : 혈액중에 칼슘이 과잉으로 존재하는 상태)환자, 유육정용, 신질환 환자
2) 이 제품 및 이 제품에 포함된 성분에 과민증이 있는 환자
3) 12개월 미만의 영아


1) 의사의 치료를 받고 있는 환자
2) 햇빛을 많이 보고 정상적인 식사를 하는 어린이에게는 칼슘의 투여를 피한다.
3) 과수산뇨증환자(Hyperoxaluria : 뇨중에 과량의 수산염이 배설되는 상태)
4) 임부, 수유부
5) 심장 · 순환기계 기능 장애 환자
6) 신장애 환자
7) 저단백혈증 환자


1) 이 제품 투여에 의하여 다음의 증상이 있을 경우에는 복용을 중지하고 의사 또는 약사와 상의합니다 : 구역, 구토, 설사, 위부불쾌감, 변비, 발적, 저혈압, 얼굴 달아오름, 심박동 불규칙
2) 이 제품의 투여에 의하여 생리가 예정보다 빨라지거나 양이 점점 많아질 수 있으며, 출혈이 오래 지속될 수도 있다.
3) 에스트로젠을포함한 경구용 피임제를 복용하는 여성 또는 혈전성 소인이 있는 환자가 비타민E를 복용할 경우 혈전증의 위험이 증가될 수 있다.
4) 장기간 고용량을 투여할 경우 내성이 생길 수 있다.
5) 피리독신을 1일 500mg~2g의 용량으로 장기간 복용하면 감각신경병 또는 신경병적 증상(neuropathy : 말초신경계의 기능적 장애 또는 병적변화)이 나타날 수 있다.
6) 대량투여로 인해 구역, 구토, 등의 위장증상, 고나트륨혈증, 울혈성심부전, 부종 등의 증상이 나타날 수 있다.


1) 정해진 용법 · 용량을 잘 지킨다.
2) 1개월 정도 투여하여도 증상의 개선이 없을 경우에는 의사 또는 약사와 상의한다.


1) 향알도스테론제, 트리암테렌과 병용투여시 고칼륨혈증을 일으킬 수가 있으므로 주의할 것
2) 이 제품을 투여할 경우에는 다음의 약제를 투여하지 말 것
가) 인산염, 칼슘염, 경구용 테트라사이클린계 제재, 제산제
나) 레보도파
3) 녹차, 홍차 등 탄닌을 함유하는 차는 복용중, 복용 전후에는 피할 것


1) 12개월 미만의 영아에게는 투여하지 말 것.


1) 각종 뇨검사시에 혈당의 검출을 방해할 수 잇다.


1) 어린이의 손이 닿지 않는 곳에 보관한다.
2) 직사광선을 피하고 될 수 있으면 습기가 적고 서늘한 곳에 밀전하여 보관한다.
3) 오 · 남용을 피하고, 품질을 보호 · 유지하기 위해 다른 용기에 넣지 않는다.",47210,[47210]저함량 비타민 및 미네랄 제제,경남제약(주)
200609714,레모나플러스산,"육체피로&#8901; 임신·수유기, 병중·병후의 체력저하시 비타민 B2, B6, C의 보급
&#8901;기미·주근깨 완화
&#8901;아연의 보급","14세 이상 소아 및 성인 1회 1포, 1일 1회 복용한다.","1) 이 제품 및 이 제품에 포함된 성분에 과민증이 있는 환자
2) 12개월 미만의 영아
3) 이 약은 유당을 함유하고 있으므로, 갈락토오스 불내성(galactose intolerance), Lapp 유당분해효소결핍증(Lapp lactase deficiency) 또는 포도당-갈락토오스 흡수장애(glucose-galactosemalabsorption) 등의 유전적인 문제가 있는 환자에게는 투여하면 안 된다.


1) 의사의 치료를 받고 있는 환자
2) 과수산뇨증환자(hyperoxaluria : 뇨중에 과량의 수산염이 배설되는 상태)
3) 임부·수유부
4) 심장·순환기계 기능 장애 환자
5) 신장애 환자
6) 저단백혈증 환자


1) 이 제품 투여에 의하여 다음의 증상이 있을 경우에는 복용을 중지하고 의사 또는 약사와 상의합니다 : 구역, 구토, 설사, 식욕부진, 복부팽만감, 위부불쾌감, 변비, 발진, 발적, 위장관장애, 소화장애, 상복부통증, 저혈압, 폐부종
2) 이 제품의 투여에 의하여 생리가 예정보다 빨라지거나 양이 점점 많아질 수 있으며, 출혈이 오래 지속될 수도 있다.
3) 에스트로젠을 포함한 경구용 피임제를 복용하는 여성 또는 혈전성 소인이 있는 환자가 비타민E를 복용할 경우 혈전증의 위험이 증가될 수 있다.
4) 장기간 고용량을 투여할 경우 내성이 생길 수 있다. 
5) 피리독신을 1일 500㎎~2g의 용량으로 장기간 복용하면 감각신경병 또는 신경병적 증상(neuropathy: 말초신경계의 기능적 장애 또는 병적변화)이 나타날 수 있다.
6) 대량투여로 인해 구역, 구토 등의 위장증상, 고나트륨혈증, 울혈성심부전, 부종 등의 증상이 나타날 수 있다.


1) 정해진 용법·용량을 잘 지킨다.
2) 어린이에게 투여할 경우에는 보호자의 지도·감독하에 투여한다.
3) 1개월 정도 투여하여도 증상의 개선이 없을 경우에는 의사 또는 약사와 상의한다.


1) 항알도스테론제, 트리암테렌과 병용투여시 고칼륨혈증을 일으킬 수가 있으므로 주의할 것
2) 이 제품을 투여할 경우에는 다음의 약제를 투여하지 말 것
가) 인산염, 칼슘염, 경구용 테트라사이클린계 제제, 제산제
나) 레보도파
3) 녹차, 홍차 등 탄닌을 함유하는 차는 복용중, 복용 전후에는 피할 것


1) 12개월 미만의 영아에게는 투여하지 말 것


1) 각종 뇨검사시에 혈당의 검출을 방해할 수 있다.
2) 뇨를 황색으로 변하게 하여 임상검사치에 영향을 줄 수 있다.


1) 어린이의 손이 닿지 않는 곳에 보관한다.
2) 직사광선을 피하고 될 수 있으면 습기가 적고 서늘한 곳에 밀전하여 보관한다.
3) 오·남용을 피하고, 품질을 보호·유지하기 위해 다른 용기에 넣지 않는다.",47210,[47210]저함량 비타민 및 미네랄 제제,경남제약(주)
202002412,화이트턴온정,,"만 8세 이상의 소아 및 성인 : 1일 1회, 1회 1정","1) 이 제품 및 이 제품에 포함된 성분에 과민증이 있는 환자
2) 만 3개월 미만의 영아(젖먹이)
3)&nbsp;이 약은 유당을 함유하고 있으므로, 갈락토오스 불내성(galactose intolerance), Lapp 유당분해효소 결핍증(Lapp lactase deficiency) 또는 포도당-갈락토오스 흡수장애 (glucose-galactose malabsorption) 등의 유전적인 문제가 있는 환자에게는 투여하면 안 된다.


1) 의사의 치료를 받고 있는 환자
2) 과수산뇨증환자(hyperoxaluria : 뇨(소변)중에 과량의 수산염이 배설되는 상태)
3) 임부, 수유부


1) 이 제품의 투여에 의하여 다음의 증상이 있을 경우에는 복용을 중지하고 의사 또는 약사와 상의합니다.
&#x119e;구역, 구토, 설사
2) 장기간 고용량을 투여할 경우 내성이 생길 수 있다.


1) 정해진 용법 &#x22c5; 용량을 지킨다.
2) 어린이에 투여할 경우에는 보호자의 지도 · 감독하에 투여한다.
3) 1개월 정도 투여하여도 증상의 개선이 없을 경우에는 의사 또는 약사와 상의한다.


- 만 3개월 미만의 영아(젖먹이)에게는 투여하지 말 것


- 각종 뇨(소변)검사시에 혈당의 검출을 방해할 수 있다.


1) 어린이의 손이 닿지 않는 곳에 보관한다.
2) 직사광선을 피하고 될 수 있으면 습기가 적고 서늘한 곳에 밀전하여(뚜껑을 꼭 닫아) 보관한다.
3) 오용(잘못 사용) &#x22c5; 남용을 피하고, 품질을 보호 &#x22c5; 유지하기 위해 다른 용기에 넣지 않는다.",47210,[47210]저함량 비타민 및 미네랄 제제,(주)서흥
202001762,비타골드씨산,"- 육체피로, 임신&#x2024;수유기, 병중&#x2024;병후의 체력저하 시 비타민B2, C의 보급
- 임신&#x2024;수유기, 병중&#x2024;병후의 체력저하 시 비타민B6의 보급
- 기미&#x2024;주근깨의 완화","만 8세 이상 소아 및 성인 : 1회 1포, 1일 1회 복용한다.","1) 이 제품 및 이 제품에 포함된 성분에 과민증이 있는 환자
2) 만 3개월 미만의 영아
3) 이 약은 유당을 함유하고 있으므로, 갈락토오스 불내성(galactose intolerance), Lapp 유당분해효소 결핍증(Lapp lactase deficiency) 또는 포도당-갈락토오스 흡수장애(glucose-galactose malabsorption) 등의 유전적인 문제가 있는 환자에게는 투여하면 안 된다.


1) 의사의 치료를 받고 있는 환자
2) 과수산뇨증환자(hyperoxaluria: 뇨중에 과량의 수산염이 배설되는 상태)
3) 임부, 수유부


1) 이 제품의 투여에 의하여 다음의 증상이 있을 경우에는 복용을 중지하고 의사 또는 약사와 상의한다.
: 구역, 구토, 설사
2) 장기간 고용량을 투여할 경우 내성이 생길 수 있다.
3) 피리독신을 1일 500㎎ ~ 2g의 용량으로 장기간 복용하면 감각신경병 또는 신경병적 증상(neuropathy: 말초신경계의 기능적 장애 또는 병적변화)이 나타날 수 있다.


1) 정해진 용법&#x2024;용량을 지킨다.
2) 어린이에 투여할 경우에는 보호자의 지도&#x2024;감독 하에 투여한다.
3) 1개월 정도 투여하여도 증상의 개선이 없을 경우에는 의사 또는 약사와 상의한다.


- 이 제품을 투여할 경우에는 다음의 약제를 투여하지 말 것 : 레보도파


만 3개월 미만의 영아에게는 투여하지 말 것


1) 각종 뇨검사 시에 혈당의 검출을 방해할 수 있다.
2) 오줌을 황색으로 변하게 하여 임상검사치에 영향을 줄 수 있다.


1) 어린이의 손이 닿지 않는 곳에 보관한다.
2) 직사광선을 피하고 될 수 있으면 습기가 적고 서늘한 곳에 밀전하여 보관한다.
3) 오&#x2024;남용을 피하고, 품질을 보호&#x2024;유지하기 위해 다른 용기에 넣지 않는다.",47210,[47210]저함량 비타민 및 미네랄 제제,(주)서흥
202000639,화이트업플러스정,,"만 8세 이상의 소아 및 성인 : 1일 1회, 1회 1정","1) 이 제품 및 이 제품에 포함된 성분에 과민증이 있는 환자
2) 만 3개월 미만의 영아(젖먹이)
3)&nbsp;이 약은 유당을 함유하고 있으므로, 갈락토오스 불내성(galactose intolerance), Lapp 유당분해효소 결핍증(Lapp lactase deficiency) 또는 포도당-갈락토오스 흡수장애 (glucose-galactose malabsorption) 등의 유전적인 문제가 있는 환자에게는 투여하면 안 된다.


1) 의사의 치료를 받고 있는 환자
2) 과수산뇨증환자(hyperoxaluria : 뇨(소변)중에 과량의 수산염이 배설되는 상태)
3) 임부, 수유부


1) 이 제품의 투여에 의하여 다음의 증상이 있을 경우에는 복용을 중지하고 의사 또는 약사와 상의합니다.
&#x119e;구역, 구토, 설사, 묽은 변, 구내염, 식욕부진, 복부팽만감
2) 장기간 고용량을 투여할 경우 내성이 생길 수 있다.
3) 피리독신을 1일 500mg~2g의 용량으로 장기간 복용하면 감각신경병 또는 신경병적 증상(neuropathy : 말초신경계의 기능적 장애 또는 병적 변화)이 나타날 수 있다.
4) 고용량 투여에 의해 소화성 궤양을 촉진시키고 당내성(포도당내성) 손상(glucosetolerance impairment : 신체의 포도당을 대사하는 능력 장애), 과요산혈증(hyperurisemia, 혈액 중에 요산이 과잉으로 존재하는 상태), 간손상을 일으킬 수 있다.


1) 정해진 용법 &#x22c5; 용량을 지킨다.
2) 어린이에 투여할 경우에는 보호자의 지도 · 감독하에 투여한다.
3) 1개월 정도 투여하여도 증상의 개선이 없을 경우에는 의사 또는 약사와 상의한다.


1) 이 제품을 투여할 경우에는 다음의 약제를 투여하지 말 것
&#x119e;레보도파


1) 만 3개월 미만의 영아(젖먹이)에게는 투여하지 말 것


1) 각종 뇨(소변)검사시에 혈당의 검출을 방해할 수 있다.
2) 뇨(소변)를 황색으로 변하게 하여 임상검사치에 영향을 줄 수 있다.


1) 어린이의 손이 닿지 않는 곳에 보관한다.
2) 직사광선을 피하고 될 수 있으면 습기가 적고 서늘한 곳에 밀전하여(뚜껑을 꼭 닫아) 보관한다.
3) 오용(잘못 사용) &#x22c5; 남용을 피하고, 품질을 보호 &#x22c5; 유지하기 위해 다른 용기에 넣지 않는다.",47210,[47210]저함량 비타민 및 미네랄 제제,(주)서흥
201903726,화이트업정,,"만 8세 이상의 소아 및 성인 : 1일 2회, 1회 2정","1) 이 제품 및 이 제품에 포함된 성분에 과민증이 있는 환자
2) 만 3개월 미만의 영아(젖먹이)


1) 의사의 치료를 받고 있는 환자
2) 과수산뇨증환자(hyperoxaluria : 뇨(소변)중에 과량의 수산염이 배설되는 상태)
3) 임부, 수유부


1) 이 제품의 투여에 의하여 다음의 증상이 있을 경우에는 복용을 중지하고 의사 또는 약사와 상의합니다.
&#x119e;구역, 구토, 설사, 위부(상복부)불쾌감, 변비, 발진, 발적(충혈되어 붉어짐), 식욕부진, 복부팽만감
2) 이 제품의 투여에 의하여 생리가 예정보다 빨라지거나 양이 점점 많아질 수 있으며, 출혈이 오래 지속될 수도 있다.
3) 에스트로겐을 포함한 경구(복용)용 피임제를 복용하는 여성 또는 혈전(혈관 막힘)성 소인이 있는 환자가 비타민 E를 복용할 경우 혈전(혈관 막힘)증의 위험이 증가될 수 있다.
4) 장기간 고용량을 투여할 경우 내성이 생길 수 있다.
5) 피리독신을 1일 500mg~2g의 용량으로 장기간 복용하면 감각신경병 또는 신경병적 증상(neuropathy : 말초신경계의 기능적 장애 또는 병적 변화)이 나타날 수 있다.
6) 고용량 투여에 의해 소화성 궤양을 촉진시키고 당내성(포도당내성) 손상(glucosetolerance impairment : 신체의 포도당을 대사하는 능력 장애), 과요산혈증(hyperurisemia, 혈액 중에 요산이 과잉으로 존재하는 상태), 간손상을 일으킬 수 있다.


1) 정해진 용법 &#x22c5; 용량을 지킨다.
2) 어린이에 투여할 경우에는 보호자의 지도 · 감독하에 투여한다.
3) 1개월 정도 투여하여도 증상의 개선이 없을 경우에는 의사 또는 약사와 상의한다.


1) 이 제품을 투여할 경우에는 다음의 약제를 투여하지 말 것
&#x119e;레보도파


1) 만 3개월 미만의 영아(젖먹이)에게는 투여하지 말 것


1) 각종 뇨(소변)검사시에 혈당의 검출을 방해할 수 있다.
2) 뇨(소변)를 황색으로 변하게 하여 임상검사치에 영향을 줄 수 있다.


1) 어린이의 손이 닿지 않는 곳에 보관한다.
2) 직사광선을 피하고 될 수 있으면 습기가 적고 서늘한 곳에 밀전하여(뚜껑을 꼭 닫아) 보관한다.
3) 오용(잘못 사용) &#x22c5; 남용을 피하고, 품질을 보호 &#x22c5; 유지하기 위해 다른 용기에 넣지 않는다.",47210,[47210]저함량 비타민 및 미네랄 제제,(주)서흥
201300041,비타큐연질캡슐,"- 육체피로, 임신&#8901;수유기, 병중&#8901;병후의 체력저하시 비타민 B1, B2, C의 보급
- 기미&#8901;주근깨의 완화
- 노년기의 비타민E 보급
- 아연의 보급","성인 1회 1캅셀, 1일 3회 복용한다.","1) 이 제품 및 이 제품에 포함된 성분에 과민증이 있는 환자
2) 만 3개월 미만의 영아
3) 만 1세 미만의 영아


1) 의사의 치료를 받고 있는 환자
2) 과수산뇨증환자(hyperoxaluria : 뇨중에 과량의 수산염이 배설되는 상태)
3) 임부, 수유부
4) 심장&#8901;순환기계기능 장애 환자
5) 신장애 환자
6) 저단백혈증 환자
7) 이 약은 황색5호(선셋옐로우 FCF, Sunset Yellow FCF)를 함유하고 있으므로 이 성분에 과민하거나 알레르기 병력이 있는 환자에는 신중히 투여한다.


1) 이 제품의 투여에 의하여 다음의 증상이 있을 경우에는 복용을 중지하고 의사 또는 약사와 상의합니다.
: 위부불쾌감, 설사, 변비, 발진, 발적, 구역, 구토, 묽은변, 구내염, 식욕부진, 복부팽만감, 위장관장애, 소화장애, 상복부통증, 구역질, 저혈압, 폐부종
2) 이 제품의 투여에 의하여 생리가 예정보다 빨라지거나 양이 점점 많아질 수 있으며, 출혈이 오래 지속될 수도 있다.
3) 에스트로젠을 포함한 경구용 피임제를 복용하는 여성 또는 혈전성 소인이 있는 환자가 비타민E를 복용할 경우 혈전증의 위험이 증가될 수 있다. 
4) 장기간 고용량을 투여할 경우 내성이 생길 수 있다. 
5) 대량투여로 인해 구역, 구토 등의 위장증상, 고나트륨혈증, 울혈성심부전, 부종 등의 증상이 나타날 수 있다.


1) 정해진 용법&#8901;용량을 지킨다.
2) 1개월 정도 투여하여도 증상의 개선이 없을 경우에는 의사 또는 약사와 상의한다.


1) 항알도스테론제, 트리암테렌과 병용투여시 고칼륨혈증을 일으킬 수 있으므로 주의할 것.
2) 이 제품을 투여할 경우에는 다음의 약제를 투여하지 말 것
가) 인산염, 칼슘염, 경구용테트라사이클린계 제제, 제산제
3) 녹차, 홍차 등 탄닌을 함유하는 차는 복용중, 복용전후에는 피할 것


1) 각종 뇨검사시에 혈당의 검출을 방해할 수 있다. 
2) 뇨를 황색으로 변하게 하여 임상검사치에 영향을 줄 수 있다. 


1) 어린이의 손이 닿지 않는 곳에 보관한다.
2) 직사광선을 피하고 될 수 있으면 습기가 적고 서늘한 곳에 밀전하여 보관한다.
3) 오&#8901;남용을 피하고, 품질을 보호&#8901;유지하기 위해 다른 용기에 넣지 않는다.",47210,[47210]저함량 비타민 및 미네랄 제제,(주)서흥
200906892,멜라케어플러스정,"육체피로시 비타민 B2, C의 보급
 임신&#8901;수유기 비타민 B2, B6, C, D의 보급
 병중&#8901;병후의 체력저하시 비타민 B2, B6, C의 보급
 기미&#8901;주근깨의 완화
 노년기의 비타민D, E 보급
 발육기의 비타민D 보급",14세 이상의 소아 및 성인 : 1일 2회 1회 1정씩 복용,"1) 과칼슘혈증(hypercalciumia : 혈액중에 칼슘이 과잉으로 존재하는 상태)환자, 유육정용, 신질환 환자
2) 이 제품 및 이 제품에 포함된 성분에 과민증이 있는 환자
3) 12개월 미만의 영아


1) 1세 미만의 영아
2) 의사의 치료를 받고 있는 환자
3) 햇빛을 많이 보고 정상적인 식사를 하는 어린이에게는 비타민 D 또는 칼슘의 투여를 피한다.
4) 과수산뇨증환자(hyperoxaluria : 뇨중에 과량의 수산염이 배설되는 상태)
5) 임부, 수유부
6) 심장&#8901;순환기계기능 장애 환자
7) 신장애 환자
8) 저단백혈증 환자


1) 이 제품의 투여에 의하여 다음의 증상이 있을 경우에는 복용을 중지하고 의사 또는 약사와 상의합니다.
: 구역, 구토, 설사, 위부불쾌감, 변비, 발진, 발적
2) 이 제품의 투여에 의하여 생리가 예정보다 빨라지거나 양이 점점 많아질 수 있으며, 출혈이 오래 지속될 수도 있다.
3) 에스트로젠을 포함한 경구용 피임제를 복용하는 여성 또는 혈전성 소인이 있는 환자가 비타민E를 복용할 경우 혈전증의 위험이 증가될 수 있다. 
4) 장기간 고용량을 투여할 경우 내성이 생길 수 있다. 
5) 피리독신을 1일 500㎎~2g의 용량으로 장기간 복용하면 감각신경병 또는 신경병적 증상(neuropathy : 말초신경계의 기능적 장애 또는 병적변화)이 나타날 수 있다.
6) 고용량 투여에 의해 소화성 궤양을 촉진시키고 당내성 손상(glucose tolerance impairment : 신체의 포도당을 대사하는 능력 장애), 과요산혈증(hyperurisemia, 혈액중에 요산이 과잉으로 존재하는 상태), 간손상을 일으킬 수 있다. 
7) 대량투여로 인해 구역, 구토 등의 위장증상, 고나트륨혈증, 울혈성심부전, 부종 등의 증상이 나타날 수 있다.


1) 정해진 용법&#8901;용량을 지킨다.
2) 어린이에 투여할 경우에는 보호자의 지도&#8901;감독하에 투여한다. 
3) 1개월 정도 투여하여도 증상의 개선이 없을 경우에는 의사 또는 약사와 상의한다.


1) 항알도스테론제, 트리암테렌과 병용투여시 고칼륨혈증을 일으킬 수 있으므로 주의할 것.
2) 이 제품을 투여할 경우에는 인산염, 칼슘염, 경구용테트라사이클린계 제제, 제산제, 레보도파를 투여하지 말 것
3) 녹차, 홍차 등 탄닌을 함유하는 차는 복용중, 복용전후에는 피할 것


1) 비타민 D는 모유로 분비되어 신생아에게 과칼슘혈증을 일으킬 수 있다.
2) 12개월 미만의 영아에게는 투여하지 말 것


1) 각종 뇨검사시에 혈당의 검출을 방해할 수 있다.
2) 뇨를 황색으로 변하게 하여 임상검사치에 영향을 줄 수 있다. 


1) 어린이의 손이 닿지 않는 곳에 보관한다.
2) 직사광선을 피하고 될 수 있으면 습기가 적고 서늘한 곳에 밀전하여 보관한다.
3) 오&#8901;남용을 피하고, 품질을 보호&#8901;유지하기 위해 다른 용기에 넣지 않는다.",47210,[47210]저함량 비타민 및 미네랄 제제,(주)서흥
201207693,멜라포유정,"기미, 주근깨의 완화
육체피로, 임신, 수유기, 병중&#8901;병후(병을 앓는 동안이나 회복 후)의 체력저하시의 비타민 B2, B6, C의 보급
노년기의 비타민E 보급","만 8세이상의 어린이 및 성인 
1회 1정, 1일 2회","1) 이 제품 및 이 제품에 포함된 성분에 과민증이 있는 환자
2) 만 3개월 미만의 영아(젖먹이, 갓난아기)


1) 의사의 치료를 받고 있는 환자
2) 과수산뇨증환자(hyperoxaluria : 뇨중에 과량의 수산염이 배설되는 상태)
3) 임부, 수유부


1) 이 제품의 투여에 의하여 다음의 증상이 있을 경우에는 복용을 중지하고 의사 또는 약사와 상의한다. 
:위부불쾌감, 설사, 변비, 발진, 발적(충혈되어 붉어짐), 구역, 구토, 식욕부진, 복부팽만감 
2) 이 제품의 투여에 의하여 생리가 예정보다 빨라지거나 양이 점점 많아질 수 있으며, 출혈이 오래 지속될 수도 있다.
3) 에스트로젠을 포함한 경구용 피임제를 복용하는 여성 또는 혈전(혈관막힘)성 소인이 있는 환자가 비타민E를 복용할 경우 혈전(혈관막힘)증의 위험이 증가될 수 있다.
4) 장기간 고용량을 투여할 경우 내성이 생길 수 있다. 
5) 피리독신을 1일 500㎎~2g의 용량으로 장기간 복용하면 감각신경병 또는 신경병적 증상(neuropathy : 말초신경계의 기능적 장애 또는 병적변화)이 나타날 수 있다.
6) 고용량 투여에 의해 소화성 궤양을 촉진시키고 당내성 손상(glucose tolerance impairment : 신체의 포도당을 대사하는 능력 장애), 과요산혈증(hyperurisemia, 혈액중에 요산이 과잉으로 존재하는 상태), 간손상을 일으킬 수 있다. 


1) 정해진 용법 &#8901; 용량을 지킨다.
2) 어린이에 투여할 경우에는 보호자의 지도 &#8901; 감독하에 투여한다. 
3) 1개월 정도 투여하여도 증상의 개선이 없을 경우에는 의사 또는 약사와 상의한다.


1) 이 제품을 투여할 경우에는 다음의 약제를 투여하지 말 것: 레보도파


1) 만 3개월 미만의 영아(젖먹이, 갓난아기)에게는 투여하지 말 것


1) 각종 뇨검사시에 혈당의 검출을 방해할 수 있다. 
2) 뇨를 황색으로 변하게 하여 임상검사치에 영향을 줄 수 있다. 


1) 어린이의 손이 닿지 않는 곳에 보관한다.
2) 직사광선을 피하고 될 수 있으면 습기가 적고 서늘한 곳에 밀전하여 보관한다.
3) 오 &#8901; 남용을 피하고, 품질을 보호 &#8901; 유지하기 위해 다른 용기에 넣지 않는다.",47210,[47210]저함량 비타민 및 미네랄 제제,일양약품(주)
200106251,리액트연질캡슐,"육체피로, 임신&#8231;수유기, 병중&#8231;병후의 체력저하시 비타민 B1, B2, C의 보급, 기미&#8901;주근깨의 완화, 노년기의 비타민E보급, Zn의보급","만14세이상 소아 및 성인 : 1회 1캡슐, 1일 3회 복용한다.","1) 이 제품 및 이 제품에 포함된 성분에 과민증이 있는 환자
2) 만 3개월 미만의 영아(젖먹이)
3) 만 1세 미만의 영아(젖먹이)
4) 대두유에 과민하거나 알레르기 병력이 있는 환자
5) 콩 또는 땅콩에 과민증이 있는 환자


1) 의사의 치료를 받고 있는 환자
2) 과수산뇨증 환자(hyperoxaluria : 뇨중에 과량의 수산염이 배설되는 상태)
3) 임부, 수유부
4) 심장&#8901;순환기계기능 장애 환자
5) 신장애(콩팥장애) 환자
6) 저단백혈증 환자
7) 이 약은 황색5호(선셋옐로우FCF,SunsetYellowFCF)를 함유하고 있으므로 이 성분에 과민하거나 알레르기 병력이 있는 환자에는 신중히 투여한다.


1) 이 제품의 투여에 의하여 다음의 증상이 있을 경우에는 복용을 중지하고 의사 또는 약사와 상의합니다.
-위부불쾌감, 설사, 변비, 발진, 발적(충혈되어 붉어짐), 구역, 구토, 묽은변, 구내염(입안염), 식욕부진, 복부(배부분)팽만감, 위장관장애, 소화장애, 상복부(배부분)통증, 구역질, 저혈압, 폐부종(부기),
2) 이 제품의 투여에 의하여 생리가 예정보다 빨라지거나 양이 점점 많아질 수 있으며, 출혈이 오래 지속될 수도 있다.
3) 에스트로젠을 포함한 경구용 피임제를 복용하는 여성 또는 혈전(혈관막힘)성 소인이 있는 환자가 비타민E를 복용할 경우 혈전(혈관막힘)증의 위험이 증가될 수 있다. 
4) 장기간 고용량을 투여할 경우 내성이 생길 수 있다.
5) 대량투여로 인해 구역, 구토 등의 위장증상, 고나트륨혈증, 울혈성심부전, 부종(부기)등의 증상이 나타날 수 있다.


1) 정해진 용법&#8901;용량을 지킨다.
2) 어린이에 투여할 경우에는 보호자의 지도&#8901;감독 하에 투여한다.
3) 1개월 정도 투여하여도 증상의 개선이 없을 경우에는 의사 또는 약사와 상의한다.


1) 이 제품을 투여할 경우에는 다음의 약제를 투여하지 말 것
가)인산염, 칼슘염, 경구용테트라사이클린계제제, 제산제
2) 녹차, 홍차 등 탄닌을 함유하는 차는 복용중, 복용전후에는 피할 것


1) 만 3개월 미만의 영아(젖먹이)에게는 투여하지 말 것
2) 만 1세 미만의 영아(젖먹이)에게는 투여하지 말 것


1) 각종 뇨검사시에 혈당의 검출을 방해할 수 있다. 
2) 뇨를 황색으로 변하게 하여 임상검사치에 영향을 줄 수 있다. 


1) 어린이의 손이 닿지 않는 곳에 보관한다.
2) 직사광선을 피하고 될 수 있으면 습기가 적고 서늘한 곳에 밀전하여(뚜껑을 꼭 닫아, 단단히 마개로 막아) 보관한다.
3) 오&#8901;남용을 피하고, 품질을 보호&#8901;유지하기 위해 다른 용기에 넣지 않는다.",47210,[47210]저함량 비타민 및 미네랄 제제,일양약품(주)
200207896,비타씨플러스서방정,"육체피로, 임신ㆍ수유기, 병중ㆍ병후의 체력저하시 비타민 C,B6의 보급","14세 이상의 소아 및 성인 : 1일 1회, 1회 1정 복용","1) 이 제품 및 이 제품에 포함된 성분에 과민증이 있는 환자
2) 3개월 미만의 영아


1) 의사의 치료를 받고 있는 환자
2) 과수산뇨증환자(hyperoxaluria : 뇨중에 과량의 수산염이 배설되는 상태)
3) 임신, 수유부


1) 구역, 구토, 설사, 식욕부진, 복부팽만감
2) 장기간 고용량을 투여할 경우 내성이 생길 수 있다.
3) 피리독신을 1일 500mg-2g의 용량으로 장기간 복용하면 감각신경병 또는 신경병적증상(neuropathy : 말초신경계의 기능적 장애 또는 병적변화)이 나타날 수 있다.


1) 정해진 용법.용량을 지킨다.
2) 1개월 정도 투약하여도 증상의 개선이 없을 경우에는 의사 또는 약사와 상의한다.


1) 이 제품을 투여할 경우에는 다음의 약제를 투여하지 말 것
- 레도보파


1) 각종 뇨검사시 혈당의 검출을 방해할 수 있다. 


1)어린이의 손에 닿지 않는 곳에 보관할 것.
2)직사일광을 피하고 될 수 있으면 습기가 적고 서늘한 곳에 밀전하여 보관할 것. 
3)오용을 피하고 품질을 보호 유지하기 위해 다른 용기에 넣지 말 것.",47210,[47210]저함량 비타민 및 미네랄 제제,(주)한국파마
200106438,비타플러스정,"ㆍ육체피로, 임신.수유기, 병중.병후의 체력저하시 비타민 B1,B2,B6,C,의 보급
ㆍ미네랄(칼슘, 철, 인, 아연)의 보급","14세이상 소아 및 성인 : 1일 2회, 1회 2정 복용","6세 이하의 어린이가 복용할 경우 독성이 나타날 수 있다.


1) 과칼슘혈증(hypercalciumia : 혈액중에 칼슘이 과잉으로 존재하는 상태)환자, 유육정용, 신질환 환자
2) 이 제품 및 이 제품에 포함된 성분에 과민증이 있는 환자
3) 12개월 미만의 영아
4) 혈색소증(철대사이상으로 철이 간장, 췌장에 침착하는 질환), 헤모시데린침착증, 비철결핍성 빈혈


1) 의사의 치료를 받고 있는 환자
2) 햇빛을 많이 보고 정상적인 식사를 하는 어린이에게는 칼슘의 투여를 피한다.
3) 과수산뇨증환자(hyperoxaluria : 뇨중에 과량의 수산염이 배설되는 상태)
4) 임부, 수유부
5) 소화성궤양, 만성궤양성대장염, 국한성대장염 등의 위장질환이 있는 환자
6) 심장.순환기계기능 장애 환자
7) 신장애 환자
8) 저단백혈증 환자


1) 구역, 구토, 설사, 묽은변, 식욕부진, 복부팽만감, 변비 저혈압, 얼굴달아오름, 심박동불규칙, 피부발진, 두드러기, 가려움증, 광선과민증, 복부.위통증, 경련, 열, 혼수, 위장관장애, 소화장애, 상복부통증, 폐부종
2) 장기간 고용량을 투여할 경우 내성이 생길 수 있다.
3) 피리독신을 1일 500mg∼2g의 용량으로 장기간 복용하면 감각신경병 또는 신경병적 증상(neuropathy : 말초신경계의 기능적 장애 또는 병적 변화)이 나타날 수 있다.
4) 엽산이 부족한 환자에게 비타민 B12를 1일 10㎍ 이상 투여할 경우 혈액학적 반응이 발생할 수 있다.
5) 고용량 투여에 의해 소화성 궤양을 촉진시키고 당내성 손상(glucose tolerance impairment : 신체의 포도당을 대사하는 능력 장애), 과요산혈증(hyperurisemia, 혈액중에 요산이 과잉으로 존재하는 상태), 간손상을 일으킬 수 있다.
6) 대량 투여로 인해 구역, 구토 등의 위장증상, 고나트륨혈증, 울혈성심부전, 부종 등의 증상이 나타날 수 있다.


1) 정해진 용법·용량을 지킨다.
2) 1개월 정도 투여하여도 증상의 개선이 없을 경우에는 의사 또는 약사와 상의한다.


1) 항알도스테론제, 트리암테렌과 병용투여시 고칼륨혈증을 일으킬 수 있으므로 주의한다.
2) 이 약을 투여할 경우에는 다음의 약물과 병용 투여하지 않는다.
가) 인산염, 칼슘염, 경구용테트라사이클린계 제제, 제산제
나) 레보도파
3) 녹차, 홍차 등 탄닌을 함유하는 차는 복용중, 복용전후에는 피할 것.


12개월 미만의 영아에게는 투여하지 말 것


1) 각종 뇨검사시에 혈당의 검출을 방해할 수 있다.
2) 뇨를 황색으로 변하게 하여 임상검사치에 영향을 줄 수 있다.


1) 어린이의 손이 닿지 않는 곳에 보관한다.
2) 직사광선을 피하고 될수 있으면 습기가 적고 서늘한 곳에 밀전하여 보관한다.
3) 오.남용을 피하고 품질을 보호.유지하기 위해 다른 용기에 넣지 않는다.",47210,[47210]저함량 비타민 및 미네랄 제제,(주)한국파마
200807915,슬기연질캡슐,"육체피로, 임신수유기, 병중&#8901;병후의 체력저하시 비타민 B1, B2, C의 보급, 기미&#8901;주근깨의 완화, 노년기의 비타민E 보급, 아연(zn)의 보급","성인 1회 1캡슐, 1일 3회 복용","1) 이 제품 및 이 제품에 포함된 성분에 과민증이 있는 환자
2) 12개월 미만의 영아


1) 의사의 치료를 받고 있는 환자
2) 과수산뇨증환자(hyperoxaluria : 뇨중에 과량의 수산염이 배설되는 상태)
3) 임부, 수유부
4) 심장&#8901;순환기계기능 장애환자
5) 신장애 환자
6) 저단백혈증 환자


1) 이 제품 투여에 의하여 위부불쾌감, 설사, 변비, 발진, 발적, 구역, 구토, 묽은변, 구내염, 식욕부진, 복부팽만감, 위장관장애, 소화장애, 상복부통증, 구역질, 저혈압, 폐부종의 증상이 있을 경우에는 복용을 중지하고 의사 또는 약사와 상의할 것.
2) 이 제품의 투여에 의하여 생리가 예정보다 빨라지거나 양이 점점 많아 질 수 있으며, 출혈이 오래 지속될 수도 있다. 
3) 에스트로젠을 포함한 경구용 피임제를 복용하는 여성 또는 혈전성 소인이 있는 환자가 비타민 E를 복용할 경우 혈전증의 위험이 증가될 수 있다. 
4) 장기간 고용량을 투여할 경우 내성이 생길 수 있다. 
5) 대량투여로 인해 구역, 구토 등의 위장증상, 고나트륨혈증, 울혈성심부전, 부종 등의 증상이 나타날 수 있다. 


1) 정해진 용법&#8901;용량을 지킨다. 
2) 1개월 정도 투여하여도 증상의 개선이 없을 경우에는 의사 또는 약사와 상의한다. 


1) 항알도스테론제, 트리암테렌과 병용투여시 고칼륨혈증을 일으킬 수 있으므로 주의할 것.
2) 이 제품을 투여할 경우에는 다음의 약제를 투여하지 말 것.
가) 인삼염, 칼슘염, 경구용테트라사이클린계 제제, 제산제
3) 녹차, 홍차 등 탄닌을 함유하는 차는 복용중, 복용전후에는 피할 것. 


1) 12개월 미만의 영아에게는 투여하지 말 것.


1) 각종 뇨검사시에 혈당의 검출을 방해할 수 있다. 
2) 뇨를 황색으로 변하게 하여 임상검사치에 영향을 줄 수 있다. 


1) 어린이의 손이 닿지 않는 곳에 보관한다. 
2) 직사광선을 피하고 될 수 있으면 습기가 적고 서늘한 곳에 밀전하여 보관한다. 
3) 오&#8901;남용을 피하고, 품질을 보호&#8901;유지하기 위해 다른 용기에 넣지 않는다.",47210,[47210]저함량 비타민 및 미네랄 제제,삼성제약(주)
200906824,비타풀정,,8세 이상의 소아 및 성인 : 1회 1정을 1일 2회 복용,"1) 이 제품 및 이 제품에 포함된 성분에 과민증이 있는 환자
2) 3개월 미만의 영아


1) 의사의 치료를 받고 있는 환자
2) 과수산뇨증환자(hyperoxaluria : 뇨중에 과량의 수산염이 배설되는 상태)
3) 임부, 수유부


1) 이 제품의 투여에 의하여 다음의 증상이 있을 경우에는 복용을 중지하고 의사 또는 약사와 상의한다. 
- 위부불쾌감, 설사, 변비, 발진, 발적, 구역, 구토, 묽은변
 <PARAGRAPH tagName=""p"" textIndent=""1"" marginLeft=""0""><![CDATA[2) 이 제품의 투여에 의하여 생리가 예정보다 빨라지거나 양이 점점 많아 질 수 있으며, 출혈이 오래 지속될 수도 있다. 
3) 에스트로젠을 포함한 경구용 피임제를 복용하는 여성 또는 혈전성 소인이 있는 환자가 비타민E를 복용할 경우 혈전증의 위험이 증가될 수 있다. 
4) 장기간 고용량을 투여할 경우 내성이 생길 수 있다. 
5) 피리독신을 1일 500㎎~2g의 용량으로 장기간 복용하면 감각신경병 또는 신경병적 증상(neuropathy : 말초신경계의 기능적 장애 또는 병적변화)이 나타날 수 있다.
6) 고용량 투여에 의해 소화성 궤양을 촉진시키고 당내성 손상(glucose tolerance impairment : 신체의 포도당을 대사하는 능력 장애), 과요산혈증(hyperurisemia, 혈액중에 요산이 과잉으로 존재하는 상태), 간손상을 일으킬 수 있다. 


1) 정해진 용법&#8901;용량을 지킨다. 
2) 어린이에 투여할 경우에는 보호자의 지도&#8901;감독하에 투여한다.
3) 1개월 정도 투여하여도 증상의 개선이 없을 경우에는 의사 또는 약사와 상의한다. 


이 제품을 투여할 경우에는 다음의 약제를 투여하지 말 것.
- 레보도파


1) 각종 뇨검사시에 혈당의 검출을 방해할 수 있다. 
2) 뇨를 황색으로 변하게 하여 임상검사치에 영향을 줄 수 있다. 


1) 어린이의 손이 닿지 않는 곳에 보관한다. 
2) 직사광선을 피하고 될 수 있으면 습기가 적고 서늘한 곳에 밀전하여 보관한다. 
3) 오&#8901;남용을 피하고, 품질을 보호&#8901;유지하기 위해 다른 용기에 넣지 않는다.",47210,[47210]저함량 비타민 및 미네랄 제제,삼성제약(주)
200701174,슬기액,"- 육체피로시
- 임신·수유기
- 병중·병후의 체력저하시","8세이상의 소아 및 성인 : 1일 3회, 1회 1병(100mL) 복용","1) 이 제품 및 이 제품에 포함된 성분에 과민증이 있는 환자
2) 3개월 미만의 영아


의사의 치료를 받고 있는 환자


피리독신을 1일 500mg~2g의 용량으로 장기간 복용하면 감각신경병 또는 신경병적증상(neuropathy : 말초신경계의 기능적 장애 또는 병적변화)이 나타날 수 있다.


1) 정해진 용법·용량을 지킨다.
2) 1개월 정도 투여하여도 증상의 개선이 없을 경우에는 의사 또는 약사와 상의한다.
3) 이 약은 안식향산나트륨을 포함하고 있으며, 안식향산은 피부, 눈, 점막에 경미한 자극이 될 수 있다.


이 제품을 투여할 경우에는 다음의 약제를 투여하지 말것: 레보도파


3개월 미만의 영아에게는 투여하지 말 것


뇨를 황색으로 변하게 하여 임상검사치에 영향을 줄 수 있다.


1) 어린이의 손이 닿지 않는 곳에 보관한다.
2) 직사광선을 피하고 될 수 있으면 습기가 적고 서늘한 곳에 밀전하여 보관한다.
3) 오·남용을 피하고, 품질을 보호·유지하기 위해 다른 용기에 넣지 않는다.",47210,[47210]저함량 비타민 및 미네랄 제제,삼성제약(주)
200507994,헤모비타골드액,"ㆍ육체피로시 비타민 B1, B2의 보급
ㆍ임신ㆍ수유기, 병중ㆍ병후의 체력저하시 비타민 B1, B2, B6의 보급
ㆍ철의 보급","14세 이상의 소아 및 성인 : 1일 1회, 1회 1포 복용","6세 이하의 어린이가 복용할 경우 독성이 나타날 수 있다.


1) 이 제품 및 이 제품에 포함된 성분에 과민증이 있는 환자
2) 12개월 미만의 영아
3) 혈색소증(철대사이상으로 철이 긴장, 췌장에 침착하는 질환), 헤모시데린침착증, 비철결핍성 빈혈


1) 의사의 치료를 받고 있는 환자
2) 소화성궤양, 만성궤양성대장염, 국한성대장염 등의 위장질환이 있는 환자
3) 심장·순환기계기능 장애 환자
4) 신장애 환자
5) 저단백혈증 환자


1) 이 제품 투여에 의하여 다음의 증상이 있을 경우에는 복용을 중지하고 의사 또는 약사와 상의한다.
- 구역, 구토, 묽은변, 설사, 두드러기, 가려움증, 광선과민증, 복부·위통증, 경련, 열, 혼수
2) 피리독신 1일 500mg~2g의 용량으로 장기간 복용하면 감각신경병 또는 신경병적 증상(neuropathy : 말초신경계의 기능적 장애 또는 병적변화)이 나타날 수 있다.
3) 대량투여로 인해 구역, 구토 등의 위장증상, 고나트륨혈증, 올혈성심부전, 부종 등의 증상이 나타날 수 있다.


1) 정해진 용법·용량을 잘 지킨다.
2) 1개월 정도 투여하여도 증상의 개선이 없을 경우에는 의사 또는 약사와 상의한다.


1) 항알도스테론제, 트리암테렌과 병용투여시 고칼륨혈증을 일으킬 수 있으므로 주의할 것
2) 이 제품을 투여할 경우에는 다음의 약제를 투여하지 말 것
가) 인산염, 칼슘염, 경구용테트라사이클린계 제제, 제산제
나) 레보도파
3) 녹차, 홍차 등 탄닌을 함유하는 차는 복용중, 복용전후에는 피할 것


1) 3개월 미만의 영아에게는 투여하지 말 것
2) 직사광선을 피하고 될 수 있으면 습기가 적고 서늘한 곳에 밀전하여 보관한다.
3) 오·남용을 피하고, 품질을 보호·유지하기 위해 다른 용기에 넣지 않는다.",47210,[47210]저함량 비타민 및 미네랄 제제,삼성제약(주)
201108957,비타로드정,"- 다음 경우의 비타민B1, B2, B6 보급: 육체피로, 임신&#8901;수유기, 병중&#8901;병후의 체력저하시
- 노년기의 비타민E보급",14세 이상의 소아 및 성인：1일2회 1회1정,"1) 이 제품 및 이 제품에 포함된 성분에 과민증이 있는 환자
2) 만 3개월 미만의 영아


1) 의사의 치료를 받고 있는 환자
2) 임부, 수유부


1) 이 제품의 투여에 의하여 다음의 증상이 있을 경우에는 복용을 중지하고 의사 또는 약사와 상의합니다.
- 위부불쾌감, 설사, 변비, 발진, 발적
- 구역, 구토, 묽은변, 구내염
- 식욕부진, 복부팽만감
2) 이 제품의 투여에 의하여 생리가 예정보다 빨라지거나 양이 점점 많아질 수 있으며, 출혈이 오래 지속될 수도 있다.
3) 에스트로젠을 포함한 경구용 피임제를 복용하는 여성 또는 혈전성 소인이 있는 환자가 비타민E를 복용할 경우 혈전증의 위험이 증가될 수 있다.
4) 피리독신을 1일 500㎎~2g의 용량으로 장기간 복용하면 감각신경병 또는 신경병적 증상(neuropathy : 말초신경계의 기능적 장애 또는 병적변화)이 나타날 수 있다.
5) 엽산이 부족한 환자에게 비타민 B12를 1일 10㎍이상 투여할 경우 혈액학적 반응이 발생할 수 있다.
6) 고용량 투여에 의해 소화성 궤양을 촉진시키고 당내성 손상(glucose tolerance impairment : 신체의 포도당을 대사하는 능력 장애), 과요산혈증(hyperurisemia, 혈액중에 요산이 과잉으로 존재하는 상태), 간손상을 일으킬 수 있다. 


1) 정해진 용법&#8901;용량을 지킨다.
2) 어린이에 투여할 경우에는 보호자의 지도&#8901;감독하에 투여한다.
3) 1개월 정도 투여하여도 증상의 개선이 없을 경우에는 의사 또는 약사와 상의한다.


 이 제품을 투여할 경우에는 다음의 약제를 투여하지 말 것
- 레보도파


- 만 3개월 미만의 영아에게는 투여하지 말 것


 - 뇨를 황색으로 변하게 하여 임상검사치에 영향을 줄 수 있다.


1) 어린이의 손이 닿지 않는 곳에 보관한다.
2) 직사광선을 피하고 될 수 있으면 습기가 적고 서늘한 곳에 밀전하여 보관한다.
3) 오&#8901;남용을 피하고, 품질을 보호&#8901;유지하기 위해 다른 용기에 넣지 않는다.",47210,[47210]저함량 비타민 및 미네랄 제제,(주)유한양행
202001834,아이글레정,"육체피로, 임신, 수유기, 병중&#x22c5;병후(병을 앓는 동안이나 회복 후)의 체력저하시의 비타민 B2, C의 보급
임신&#x2024;수유기, 병중&#x2024;병후(병을 앓는 동안이나 회복 후)의 체력저하 시의 비타민B6의 보급
기미, 주근깨의 완화
비타민E 함유 시 노년기의 비타민E 보급","만 8세이상의 소아 및 성인
1회 1정, 1일 2회","(1) 다음 환자에는 투여하지 말 것
1) 이 제품 및 이 제품에 포함된 성분에 과민증이 있는 환자
2) 만 3개월 미만의 영아(젖먹이, 갓난아기)
(2) 다음 경우에는 신중히 투여할 것(복용 전 의사 또는 약사와 상의할 것)
1) 의사의 치료를 받고 있는 환자
2) 과수산뇨증환자(hyperoxaluria : 뇨중에 과량의 수산염이 배설되는 상태)
3) 임부, 수유부
(3) 부작용
1) 이 제품의 투여에 의하여 다음의 증상이 있을 경우에는 복용을 중지하고 의사 또는 약사와 상의합니다.
:위부불쾌감, 설사, 변비, 발진, 발적(충혈되어 붉어짐), 구역, 구토
2) 이 제품의 투여에 의하여 생리가 예정보다 빨라지거나 양이 점점 많아질 수 있으며, 출혈이 오래 지속될 수도 있다.
3) 에스트로젠을 포함한 경구용 피임제를 복용하는 여성 또는 혈전(혈관막힘)성 소인이 있는 환자가 비타민E를 복용할 경우 혈전(혈관막힘)증의 위험이 증가될 수 있다.
4) 장기간 고용량을 투여할 경우 내성이 생길 수 있다.
5) 피리독신을 1일 500㎎~2g의 용량으로 장기간 복용하면 감각신경병 또는 신경병적 증상(neuropathy : 말초신경계의 기능적 장애 또는 병적변화)이 나타날 수 있다.
6) 고용량 투여에 의해 소화성 궤양을 촉진시키고 당내성 손상(glucose tolerance impairment : 신체의 포도당을 대사하는 능력 장애), 과요산혈증(hyperurisemia, 혈액중에 요산이 과잉으로 존재하는 상태), 간손상을 일으킬 수 있다.
(4) 일반적주의
1) 정해진 용법 &#x22c5; 용량을 지킨다.
2) 어린이에 투여할 경우에는 보호자의 지도 &#x22c5; 감독하에 투여한다.
3) 1개월 정도 투여하여도 증상의 개선이 없을 경우에는 의사 또는 약사와 상의한다.
(5) 상호작용
1) 이 제품을 투여할 경우에는 다음의 약제를 투여하지 말 것: 레보도파
(6) 임부 &#x22c5; 수유부, 미숙아, 유아에 대한 투여
1) 만 3개월 미만의 영아(젖먹이, 갓난아기)에게는 투여하지 말 것
(7) 임상검사치에의 영향
1) 각종 뇨검사시에 혈당의 검출을 방해할 수 있다.
2) 오줌를 황색으로 변하게 하여 임상검사치에 영향을 줄 수 있다.
(8) 저장상의 주의사항
1) 어린이의 손이 닿지 않는 곳에 보관한다.
2) 직사광선을 피하고 될 수 있으면 습기가 적고 서늘한 곳에 밀전(뚜껑을 꼭 닫아)하여 보관한다.
3) 오 &#x22c5; 남용을 피하고, 품질을 보호 &#x22c5; 유지하기 위해 다른 용기에 넣지 않는다.",47210,[47210]저함량 비타민 및 미네랄 제제,(주)유유제약
201802016,수려한명백정,"○ 육체피로, 임신&#46;수유기, 병중&#46;병후의 체력저하 시 비타민 B2,B6,C의 보급
○ 기미&#46;주근깨의 완화
○ 노년기의 비타민E 보급","만 8세 이상의 소아 및 성인 : 1일 2회, 1회 2정","1) 이 제품 및 이 제품에 포함된 성분에 과민증이 있는 환자
2) 만 3개월 미만의 영아(젖먹이)


1) 의사의 치료를 받고 있는 환자
2) 과수산뇨증환자(hyperoxaluria : 뇨(소변)중에 과량의 수산염이 배설되는 상태)
3) 임부, 수유부


1) 이 제품의 투여에 의하여 다음의 증상이 있을 경우에는 복용을 중지하고 의사 또는 약사와 상의합니다.
위부불쾌감, 설사, 변비, 발진, 발적, 구역, 구토, 설사
2) 이 제품의 투여에 의하여 생리가 예정보다 빨라지거나 양이 점점 많아질 수 있으며, 출혈이 오래 지속될 수도 있다.
3) 에스트로겐을 포함한 경구용 피임제를 복용하는 여성 또는 혈전성 소인이 있는 환자가 비타민E를 복용할 경우 혈전증의 위험이 증가될 수 있다.
4) 장기간 고용량을 투여할 경우 내성이 생길 수 있다.
5) 피리독신을 1일 500㎎~2g의 용량으로 장기간 복용하면 감각신경병 또는 신경병적 증상(neuropathy : 말초신경계의 기능적 장애 또는 병적변화)이 나타날 수 있다.
6) 고용량 투여에 의해 소화성 궤양을 촉진시키고 당내성(포도당내성) 손상(glucose tolerance impairment : 신체의 포도당을 대사하는 능력 장애), 과요산혈증(hyperurisemia, 혈액중에 요산이 과잉으로 존재하는 상태), 간손상을 일으킬 수 있다.


1) 정해진 용법&#46;용량을 지킨다.
2) 어린이에 투여할 경우에는 보호자의 지도&#46;감독하에 투여한다.
3) 1개월 정도 투여하여도 증상의 개선이 없을 경우에는 의사 또는 약사와 상의한다.
4) 복용시 의사, 한의사, 약사와 상의하여 복용할 것


1) 이 제품을 투여할 경우에는 다음의 약제를 투여하지 말 것
레보도파


1)만 3개월 미만의 영아(젖먹이)에게는 투여하지 말 것


1) 각종 뇨검사 시에 혈당의 검출을 방해할 수 있다.
2) 오줌을 황색으로 변하게 하여 임상검사치에 영향을 줄 수 있다.


1) 어린이의 손이 닿지 않는 곳에 보관한다.
2) 직사광선을 피하고 될 수 있으면 습기가 적고 서늘한 곳에 밀전하여 보관한다.
3) 오용&#46;남용을 피하고, 품질을 보호&#46;유지하기 위해 다른 용기에 넣지 않는다.",47210,[47210]저함량 비타민 및 미네랄 제제,(주)유유제약
201305889,비비화이트프리미엄정,,"만 8세 이상의 소아 및 성인 : 1일 2회, 1회 2정","1) 이 제품 및 이 제품에 포함된 성분에 과민증이 있는 환자
2) 만 3개월 미만의 영아(젖먹이)


1) 의사의 치료를 받고 있는 환자
2) 과수산뇨증환자(hyperoxaluria : 뇨(소변)중에 과량의 수산염이 배설되는 상태)
3) 임부, 수유부


1) 이 제품의 투여에 의하여 구역, 구토, 설사, 위부(상복부)불쾌감, 변비, 발진, 발적(충혈되어 붉어짐), 식욕부진, 복부팽만감의 증상이 있을 경우에는 복용을 중지하고 의사 또는 약사와 상의합니다. 
2) 이 제품의 투여에 의하여 생리가 예정보다 빨라지거나 양이 점점 많아질 수 있으며, 출혈이 오래 지속될 수도 있다. 
3) 에스트로젠을 포함한 경구(복용)용 피임제를 복용하는 여성 또는 혈전(혈관 막힘)성 소인이 있는 환자가 비타민 E를 복용할 경우 혈전(혈관 막힘)증의 위험이 증가될 수 있다. 
4) 장기간 고용량을 투여할 경우 내성이 생길 수 있다. 
5) 피리독신을 1일 500mg~2g의 용량으로 장기간 복용하면 감각신경병 또는 신경병적 증상(neuropathy : 말초신경계의 기능적 장애 또는 병적 변화)이 나타날 수 있다.
6) 고용량 투여에 의해 소화성 궤양을 촉진시키고 당내성(포도당내성) 손상(glucosetolerance impairment : 신체의 포도당을 대사하는 능력 장애), 과요산혈증(hyperurisemia, 혈액 중에 요산이 과잉으로 존재하는 상태), 간손상을 일으킬 수 있다. 


1) 정해진 용법 &#8901; 용량을 지킨다.
2) 어린이에 투여할 경우에는 보호자의 지도 · 감독하에 투여한다.
3) 1개월 정도 투여하여도 증상의 개선이 없을 경우에는 의사 또는 약사와 상의한다. 


1) 이 제품을 투여할 경우에는 다음의 약제를 투여하지 말 것
- 레보도파


1) 만 3개월 미만의 영아(젖먹이)에게는 투여하지 말 것 


1) 각종 뇨(소변)검사시에 혈당의 검출을 방해할 수 있다. 
2) 뇨(소변)를 황색으로 변하게 하여 임상검사치에 영향을 줄 수 있다. 


1) 어린이의 손이 닿지 않는 곳에 보관한다. 
2) 직사광선을 피하고 될 수 있으면 습기가 적고 서늘한 곳에 밀전하여(뚜껑을 꼭 닫아) 보관한다. 
3) 오용(잘못 사용) &#8901; 남용을 피하고, 품질을 보호 &#8901; 유지하기 위해 다른 용기에 넣지 않는다.",47210,[47210]저함량 비타민 및 미네랄 제제,(주)유유제약
201210191,후명백환정,"육체피로, 임신&#8901;수유기, 병중&#8901;병후(병을 앓는 동안이나 회복 후)의 체력저하시 비타민 B2,B6,C의 보급
 기미&#8901;주근깨의 완화
 노년기의 비타민E 보급","만 8세 이상의 소아 및 성인 : 1일 2회, 1회 2정","1) 이 제품 및 이 제품에 포함된 성분에 과민증이 있는 환자
2) 만 3개월 미만의 영아(젖먹이)


1) 의사의 치료를 받고 있는 환자
2) 과수산뇨증환자(hyperoxaluria : 뇨(소변)중에 과량의 수산염이 배설되는 상태)
3) 임부, 수유부


1) 이 제품의 투여에 의하여 다음의 증상이 있을 경우에는 복용을 중지하고 의사 또는 약사와 상의합니다.
위부(상복부)불쾌감, 설사, 변비, 발진, 발적(충혈되어 붉어짐), 구역, 구토, 설사, 식욕부진, 복부팽만감
2) 이 제품의 투여에 의하여 생리가 예정보다 빨라지거나 양이 점점 많아질 수 있으며, 출혈이 오래 지속될 수도 있다.
3) 에스트로젠을 포함한 경구(복용)용 피임제를 복용하는 여성 또는 혈전(혈관 막힘)성 소인이 있는 환자가 비타민E를 복용할 경우 혈전(혈관 막힘)증의 위험이 증가될 수 있다. 
4) 장기간 고용량을 투여할 경우 내성이 생길 수 있다. 
5) 피리독신을 1일 500㎎~2g의 용량으로 장기간 복용하면 감각신경병 또는 신경병적 증상(neuropathy : 말초신경계의 기능적 장애 또는 병적변화)이 나타날 수 있다.
6) 고용량 투여에 의해 소화성 궤양을 촉진시키고 당내성(포도당내성) 손상(glucose tolerance impairment : 신체의 포도당을 대사하는 능력 장애), 과요산혈증(hyperurisemia, 혈액중에 요산이 과잉으로 존재하는 상태), 간손상을 일으킬 수 있다. 


1) 정해진 용법&#8901;용량을 지킨다.
2) 어린이에 투여할 경우에는 보호자의 지도&#8901;감독하에 투여한다. 
3) 1개월 정도 투여하여도 증상의 개선이 없을 경우에는 의사 또는 약사와 상의한다.
4) 복용시 의사, 한의사, 약사와 상의하여 복용할 것


1) 이 제품을 투여할 경우에는 다음의 약제를 투여하지 말 것
레보도파


1)만 3개월 미만의 영아(젖먹이)에게는 투여하지 말 것


1) 각종 뇨(소변)검사시에 혈당의 검출을 방해할 수 있다. 
2) 뇨(소변)를 황색으로 변하게 하여 임상검사치에 영향을 줄 수 있다. 


1) 어린이의 손이 닿지 않는 곳에 보관한다.
2) 직사광선을 피하고 될 수 있으면 습기가 적고 서늘한 곳에 밀전하여(뚜껑을 꼭 닫아) 보관한다.
3) 오용(잘못 사용)&#8901;남용을 피하고, 품질을 보호&#8901;유지하기 위해 다른 용기에 넣지 않는다.",47210,[47210]저함량 비타민 및 미네랄 제제,(주)유유제약
201105370,유판씨에스츄어블정,"- 육체피로, 임신 · 수유기, 병중 · 병후의 체력저하시 비타민 C의 보급
- 기미 · 주근깨의 완화","만 8세 이상의 소아 및 성인 : 1회 1정, 1일 2회 녹이거나 씹어서 복용한다.","1) 이 제품 및 이 제품에 포함된 성분에 과민증이 있는 환자
2) 만 3개월 미만의 영아
3) 이 약은 유당을 함유하고 있으므로, 갈락토오스 불내성(galactose intolerance),Lapp 유당분해효소 결핍증(Lapp lactose deficiency) 또는 포도당-갈락토오스 흡수장애(glucose-galactose malabsorption) 등의 유전적인 문제가 있는 환자에게는 투여하면 안 된다. 


1) 의사의 치료를 받고 있는 환자
2) 과수산뇨증환자(hyperoxaluria : 뇨중에 과량의 수산염이 배설되는 상태)
3) 임부, 수유부


1) 이 제품 투여에 의하여 구역, 구토, 설사 등의 증상이 있을 경우에는 복용을 중지의사 또는 약사와 상의한다. 
2) 장기간 고용량을 투여할 경우 내성이 생길 수 있다.


1) 정해진 용법 &#8901; 용량을 지킨다.
2) 1개월 정도 투여하여도 증상의 개선이 없을 경우에는 의사 또는 약사와 상의한다.


1) 만 3개월 미만의 영아에게는 투여하지 말 것


1) 각종 뇨검사시에 혈당의 검출을 방해할 수 있다.


1) 어린이의 손이 닿지 않은 곳에 보관한다.
2) 직사광선을 피하고 될 수 있으면 습기가 적고 서늘한 곳에 밀전하여 보관한다.
3) 오 &#8901; 남용을 피하고, 품질을 보호 &#8901; 유지하기 위해 다른 용기에 넣지 않는다.",47210,[47210]저함량 비타민 및 미네랄 제제,(주)유유제약
200908863,유판씨팝정,"- 육체피로, 임신 &#8901; 수유기, 병중 &#8901; 병후의 체력저하시 비타민 B2, C의 보급
- 기미 &#8901; 주근깨의 완화","만 8세 이상의 소아 및 성인 : 1회 1정, 1일 2회 입안에서 녹이거나 씹어서 복용한다.","이 약에 함유되어 있는 인공감미제 아스파탐은 체내에서 분해되어 페닐알라닌으로 대사되므로, 페닐알라닌의 섭취를 규제할 필요가 있는 유전성질환인 페닐케톤뇨증 환자에는 투여하지 말 것. 아스파탐(경구제에 한함).
* 1일 허용량제한 아스파탐 함량을 WHO 권장량(40mg/kg/1일)이하로 조정(가능한 최소량 사용)할 것. 60kg 성인 : 1일 최대복용량 24g
</ARTICLE>
<ARTICLE title=""2. 다음 환자에는 투여하지 말 것"">
   <PARAGRAPH tagName=""p"" textIndent=""1"" marginLeft=""0""><![CDATA[1) 이 제품 및 이 제품에 포함된 성분에 과민증이 있는 환자
2) 만 3개월 미만의 영아
3) 이 약은 유당을 함유하고 있으므로, 갈락토오스 불내성(galactose intolerance),Lapp 유당분해효소 결핍증(Lapp lactase deficiency) 또는 포도당-갈락토오스 흡수장애(glucose-galactose malabsorption) 등의 유전적인 문제가 있는 환자에게는 투여하면 안 된다.


1) 의사의 치료를 받고 있는 환자
2) 과수산뇨증환자(hyperoxaluria : 뇨중에 과량의 수산염이 배설되는 상태)
3) 임부, 수유부


1) 이 제품 투여에 의하여 구역, 구토, 설사 등의 증상이 있을 경우에는 복용을 중지의사 또는 약사와 상의한다. 
2) 장기간 고용량을 투여할 경우 내성이 생길 수 있다.


1) 정해진 용법 &#8901; 용량을 지킨다.
2) 1개월 정도 투여하여도 증상의 개선이 없을 경우에는 의사 또는 약사와 상의한다.


1) 만 3개월 미만의 영아에게는 투여하지 말 것


1) 각종 뇨검사시에 혈당의 검출을 방해할 수 있다.
2) 뇨를 황색으로 변하게 하여 임상검사치에 영향을 줄 수 있다.


1) 어린이의 손이 닿지 않은 곳에 보관한다.
2) 직사광선을 피하고 될 수 있으면 습기가 적고 서늘한 곳에 밀전하여 보관한다.
3) 오 &#8901; 남용을 피하고, 품질을 보호 &#8901; 유지하기 위해 다른 용기에 넣지 않는다.",47210,[47210]저함량 비타민 및 미네랄 제제,(주)유유제약
200901070,비비화이트정,,"만 8세 이상의 소아 및 성인 : 1일 2회, 1회 2정","1) 이 제품 및 이 제품에 포함된 성분에 과민증이 있는 환자
2) 만 3개월 미만의 영아(젖먹이)


1) 의사의 치료를 받고 있는 환자
2) 과수산뇨증환자(hyperoxaluria : 뇨중에 과량의 수산염이 배설되는 상태)
3) 임부, 수유부


1) 이 제품의 투여에 의하여 구역, 구토, 설사, 위부불쾌감, 변비, 발진, 발적(충혈되어 붉어짐), 식욕부진, 복부팽만감의 증상이 있을 경우에는 복용을 중지하고 의사 또는 약사와 상의합니다. 
2) 이 제품의 투여에 의하여 생리가 예정보다 빨라지거나 양이 점점 많아질 수 있으며, 출혈이 오래 지속될 수도 있다. 
3) 에스트로젠을 포함한 경구용 피임제를 복용하는 여성 또는 혈전(혈관 막힘)성 소인이 있는 환자가 비타민 E를 복용할 경우 혈전(혈관 막힘)증의 위험이 증가될 수 있다. 
4) 장기간 고용량을 투여할 경우 내성이 생길 수 있다. 
5) 피리독신을 1일 500mg~2g의 용량으로 장기간 복용하면 감각신경병 또는 신경병적 증상(neuropathy : 말초신경계의 기능적 장애 또는 병적 변화)이 나타날 수 있다.
6) 고용량 투여에 의해 소화성 궤양을 촉진시키고 당내성 손상(glucosetolerance impairment : 신체의 포도당을 대사하는 능력 장애), 과요산혈증(hyperurisemia, 혈액 중에 요산이 과잉으로 존재하는 상태), 간손상을 일으킬 수 있다. 


1) 정해진 용법 &#8901; 용량을 지킨다.
2) 어린이에 투여할 경우에는 보호자의 지도 · 감독하에 투여한다.
3) 1개월 정도 투여하여도 증상의 개선이 없을 경우에는 의사 또는 약사와 상의한다. 


1) 이 제품을 투여할 경우에는 다음의 약제를 투여하지 말 것
- 레보도파


1) 만 3개월 미만의 영아(젖먹이)에게는 투여하지 말 것 


1) 각종 뇨검사시에 혈당의 검출을 방해할 수 있다. 
2) 뇨를 황색으로 변하게 하여 임상검사치에 영향을 줄 수 있다. 


1) 어린이의 손이 닿지 않는 곳에 보관한다. 
2) 직사광선을 피하고 될 수 있으면 습기가 적고 서늘한 곳에 밀전하여(뚜껑을 꼭 닫아) 보관한다. 
3) 오 &#8901; 남용을 피하고, 품질을 보호 &#8901; 유지하기 위해 다른 용기에 넣지 않는다.",47210,[47210]저함량 비타민 및 미네랄 제제,(주)유유제약
200508162,유판씨500정,"&#8901;육체피로, 임신·수유기, 병중·병후의 체력저하시 비타민 B2, C의 보급
&#8901;기미·주근깨 완화",만 14세 이상의 소아 및 성인: 1회 1정 1일 1회 입안에서 녹이거나 씹어서 복용한다.,"1) 이 제품 및 이 제품에 포함된 성분에 과민증이 있는 환자
2) 만 3개월 미만의 영아
3) 이 약은 유당을 함유하고 있으므로, 갈락토오스 불내성(galactose intolerance),Lapp 유당분해효소 결핍증(Lapp lactase deficiency) 또는 포도당-갈락토오스 흡수장애(glucose-galactose malabsorption) 등의 유전적인 문제가 있는 환자에게는 투여하면 안 된다.


1) 의사의 치료를 받고 있는 환자
2) 과수산뇨증환자(hyperoxaluria : 뇨중에 과량의 수산염이 배설되는 상태)
3) 임부, 수유부


1) 이 제품 투여에 의하여 구역, 구토, 설사 등의 증상이 있을 경우에는 복용을 중지의사 또는 약사와 상의한다. 
2) 장기간 고용량을 투여할 경우 내성이 생길 수 있다.


1) 정해진 용법 &#8901; 용량을 지킨다.
2) 1개월 정도 투여하여도 증상의 개선이 없을 경우에는 의사 또는 약사와 상의한다.


1) 만 3개월 미만의 영아에게는 투여하지 말 것


1) 각종 뇨검사시에 혈당의 검출을 방해할 수 있다.
2) 뇨를 황색으로 변하게 하여 임상검사치에 영향을 줄 수 있다.


1) 어린이의 손이 닿지 않은 곳에 보관한다.
2) 직사광선을 피하고 될 수 있으면 습기가 적고 서늘한 곳에 밀전하여 보관한다.
3) 오 &#8901; 남용을 피하고, 품질을 보호 &#8901; 유지하기 위해 다른 용기에 넣지 않는다.",47210,[47210]저함량 비타민 및 미네랄 제제,(주)유유제약
200508161,유판씨산,"&#8901; 육체피로, 임신·수유기, 병중·병후의 체력저하시 비타민 B2, C의 보급
&#8901; 기미·주근깨 완화
&#8901; Vit E 함유시 노년기의 비타민 E 보급",만 14세 이상의 소아 및 성인 : 1회 1포 1일 1회 복용한다.,"이 약에 함유되어 있는 인공감미제 아스파탐은 체내에서 분해되어 페닐알라닌으로 대사되므로, 페닐알라닌의 섭취를 규제할 필요가 있는 유전성질환인 페닐케톤뇨증 환자에는 투여하지 말 것.
* 1일 허용량제한 아스파탐 함량을 WHO 권장량(40mg/kg/1일)이하로 조정(가능한 최소량 사용)할 것.60kg 성인 : 1일 최대복용량 24g


1) 이 제품 및 이 제품에 포함된 성분에 과민증이 있는 환자
2) 만 3개월 미만의 영아
3) 이 약은 유당을 함유하고 있으므로, 갈락토오스 불내성(galactose intolerance),Lapp 유당분해효소 결핍증(Lapp lactase deficiency) 또는 포도당-갈락토오스 흡수장애(glucose-galactose malabsorption) 등의 유전적인 문제가 있는 환자에게는 투여하면 안 된다.


1) 의사의 치료를 받고 있는 환자
2) 과수산뇨증환자(hyperoxaluria : 뇨중에 과량의 수산염이 배설되는 상태)
3) 임부, 수유부


1) 이 제품 투여에 의하여 위부불쾌감, 설사, 변비, 발진, 발적, 구역, 구토 등의 증상이 있을 경우에는 복용을 중지하고 의사 또는 약사와 상의한다.
2) 이 제품의 투여에 의하여 생리가 예전보다 빨라지거나 양이 점점 많아 질 수 있으며, 출혈이 오래 지속될 수도 있다. 
3) 에스트로젠을 포함한 경구용 피임제를 복용하는 여성 또는 혈전성 소인이 있는 환자가 비타민 E를 복용할 경우 혈전증의 위험이 증가될 수 있다.
4) 장기간 고용량을 투여할 경우 내성이 생길 수 있다.


1) 정해진 용법 &#8901; 용량을 지킨다.
2) 1개월 정도 투여하여도 증상의 개선이 없을 경우에는 의사 또는 약사와 상의한다.


1) 만 3개월 미만의 영아에게는 투여하지 말 것


1) 각종 뇨검사시에 혈당의 검출을 방해할 수 있다.


1) 어린이의 손이 닿지 않은 곳에 보관한다.
2) 직사광선을 피하고 될 수 있으면 습기가 적고 서늘한 곳에 밀전하여 보관한다.
3) 오 &#8901; 남용을 피하고, 품질을 보호 &#8901; 유지하기 위해 다른 용기에 넣지 않는다.",47210,[47210]저함량 비타민 및 미네랄 제제,(주)유유제약
200508160,유판씨정(수출명:네이쳐케어-씨정),"&#8901; 육체피로, 임신·수유기, 병중·병후의 체력저하시 비타민 C의 보급
&#8901; 기미·주근깨 완화
&#8901; Vit E 함유시 노년기의 비타민 E 보급",만 14세 이상의 소아 및 성인 : 1회 1정 1일 1회 입안에서 녹이거나 씹어서 복용한다.,"이 약에 함유되어 있는 인공감미제 아스파탐은 체내에서 분해되어 페닐알라닌으로 대사되므로, 페닐알라닌의 섭취를 규제할 필요가 있는 유전성질환인 페닐케톤뇨증 환자에는 투여하지 말 것.
* 1일 허용량제한 아스파탐 함량을 WHO 권장량(40mg/kg/1일) 이하로 조정(가능한 최소량 사용)할 것. 60kg 성인 : 1일 최대복용량 24g


1) 이 제품 및 이 제품에 포함된 성분에 과민증이 있는 환자
2) 만 3개월 미만의 영아
3) 이 약은 유당을 함유하고 있으므로, 갈락토오스 불내성(galactose intolerance),Lapp 유당분해효소 결핍증(Lapp lactase deficiency) 또는 포도당-갈락토오스 흡수장애(glucose-galactose malabsorption) 등의 유전적인 문제가 있는 환자에게는 투여하면 안 된다.


1) 의사의 치료를 받고 있는 환자
2) 과수산뇨증환자(hyperoxaluria: 뇨중에 과량의 수산염이 배설되는 상태)
3) 임부, 수유부


1) 이 제품 투여에 의하여 위부불쾌감, 설사, 변비, 발진, 발적, 구역, 구토 등의 증상이 있을 경우에는 복용을 중지하고 의사 또는 약사와 상의한다. 
2) 이 제품의 투여에 의하여 생리가 예전보다 빨라지거나 양이 점점 많아 질 수 있으며, 출혈이 오래 지속될 수도 있다.
3) 에스트로젠을 포함한 경구용 피임제를 복용하는 여성 또는 혈전성 소인이 있는 환자가 비타민 E를 복용할 경우 혈전증의 위험이 증가될 수 있다.
4) 장기간 고용량을 투여할 경우 내성이 생길 수 있다. 


1) 정해진 용법 &#8901; 용량을 지킨다.
2) 1개월 정도 투여하여도 증상의 개선이 없을 경우에는 의사 또는 약사와 상의한다.


1) 만 3개월 미만의 영아에게는 투여하지 말 것


1) 각종 뇨검사시에 혈당의 검출을 방해할 수 있다.


1) 어린이의 손이 닿지 않는 곳에 보관한다. 
2) 직사광선을 피하고 될 수 있으면 습기가 적고 서늘한 곳에 밀전하여 보관한다. 
3) 오 &#8901; 남용을 피하고, 품질을 보호 &#8901; 유지하기 위해 다른 용기에 넣지 않는다.",47210,[47210]저함량 비타민 및 미네랄 제제,(주)유유제약
200106945,비푸렉스정,"육체피로, 임신, 수유기, 병중, 병후(병을 앓는 동안이나 회복 후)의 체력저하시 비타민 B1,B2,B6,C의 보급, 기미, 주근깨의 완화","성인 1회 1정, 1일 1-2회 복용한다.","1) 이 제품 및 이 제품에 포함된 성분에 과민증이 있는 환자
2) 3개월 미만의 영아 


1) 의사의 치료를 받고 있는 환자
2) 과수산뇨증환자(hyperoxaluria : 뇨중에 과량의 수산염이 배설되는 상태) 
3) 임부, 수유부


1) 이 제품의 투여에 의하여 다음의 증상이 있을 경우에는 복용을 중지하고 의사 또는 약사와 상의합니다. - 구역, 구토, 설사, 묽은변, 식욕부진, 복부팽만감
2) 장기간 고용량을 복용할 경우 내성이 생길 수 있다. 
3) 피리독신을 1일 500밀리그람 - 2그람의 용량으로 장기간 복용하면 감각신경병 또는 신경병적 증상(neuropathy : 말초신경계의 기능적 장애 또는 병적 변화)이 나타날 수 있다. 
4) 엽산이 부족한 환자에게 비타민 B12를 1일 10마이크로그람이상 투여할 경우 혈액학적 반응이 발생할 수 있다.
5) 고용량 투여에 의해 소화성 궤양을 촉진시키고 당내성(포도당 내성) 손상(glucose tolerance impairment : 신체의 포도당을 대사하는 능력 장애), 과요산혈증(hyperurisemia : 혈액중에 요산이 과잉으로 존재하는 상태), 간손상을 일으킬 수 있다. 


1) 정해진 용법, 용량을 지킨다. 
2) 1개월 정도 투여하여도 증상의 개선이 없을 경우에는 의사 또는 약사와 상의한다.


이 제품을 투여할 경우에는 다음의 약제를 투여하지 말 것- 레보도파


3개월 미만의 영아에게는 투여하지 말 것


1) 각종 뇨검사시에 혈당의 검출을 방해할 수 있다. 
2) 뇨를 황색으로 변하게 하여 임상검사치에 영향을 줄 수 있다. 


1) 어린이의 손이 닿지 않는 곳에 보관한다. 
2) 직사광선을 피하고 될 수 있으면 습기가 적고 서늘한 곳에 밀전(뚜껑을 꼭 닫아, 단단히 마개로 막아)하여 보관한다. 
3) 오, 남용을 피하고, 품질을 보호, 유지하기 위해 다른 용기에 넣지 않는다.",47210,[47210]저함량 비타민 및 미네랄 제제,(주)유유제약
200208124,비타미산,"- 육체피로, 임신·수유기, 병중·병후의 체력저하 시, 비타민B2, B6, C의 보급
- 기미·주근깨의 완화","8세 이상의 소아 및 성인 : 1회 1포, 1일 1회 복용","1) 이 제품 및 이 제품에 포함된 성분에 과민증이 있는 환자
2) 3개월 미만의 영아


1) 의사의 치료를 받고 있는 환자
2) 과수산뇨증 환자(hyperoxaluria : 뇨중에 과량의 수산염이 배설되는 상태)
3) 임부, 수유부


1) 이 제품 투여에 의하여 다음의 증상이 있을 경우에는 복용을 중지하고 의사 또는 약사와 상의 합니다.
- 구역, 구토, 설사, 식욕부진, 복부팽만감
2) 장기간 고용량을 투여할 경우 내성이 생길 수 있다.
3) 피리독신을 1일 500mg ∼ 2g의 용량으로 장기간 복용하면 감각신경병 또는 신경병적 증상 (neuropathy : 말초신경계의 기능적 장애 또는 병적변화)이 나타날 수 있다.


1) 정해진 용법·용량을 지킨다.
2) 어린이에게 투여할 경우에는 보호자의 지도·감독하에 투여한다.
3) 1개월 정도 투여하여도 증상의 개선이 없을 경우에는 의사 또는 약사와 상의한다.


이 제품을 투여할 경우에는 다음의 약제를 투여하지 말 것. - 레보도파


3개월 미만의 영아에게는 투여하지 말 것.


1) 각종 뇨검사시에 혈당의 검출을 방해할 수 있다.
2) 뇨를 황색으로 변하게 하여 임상검사치에 영향을 줄 수 있다.


1) 어린이의 손이 닿지 않는 곳에 보관한다.
2) 직사광선을 피하고 될 수 있으면 습기가 적고 서늘한 곳에 밀전하여 보관한다.
3) 오·남용을 피하고, 품질을 보호·유지하기 위해 다른 용기에 넣지 않는다.",47210,[47210]저함량 비타민 및 미네랄 제제,롯데제과(주)건강사업본부
200508190,닥터차헤모비타액,"철의 보급, 육체피로, 임신수유기, 병중병후의 체력저하시, 비타민 B1, B2, B6의 보급","14세 이상의 소아 및 성인 : 1일 1회, 1회 10밀리리터","1) 이 제품 및 이 제품에 포함된 성분에 과민증이 있는 환자
2) 12개월 미만의 영아
3) 혈색소증(철대사이상으로 철이 간장, 췌장에 침착하는 질환), 헤모시데린침착증, 비철결핍성빈혈(철분함유제제)


1) 의사의 치료를 받고 있는자.
2) 과수산뇨중 환자(hyperoxaluria : 뇨중 과량의 수산염이 배설되는 상태 )
3) 임부, 수유부
4) 소화성궤양, 만성궤양성대장염, 국한성대장염등의 위장질환이 있는 환자.
5) 심장, 순환기계 장애 환자
6) 신장장애 환자
7) 저단백혈증 환자


1) 이 제품 투여에 의하여 다음의 증상이 있을 경우에는 복용을 중지하고 의사 또는 약사와 상의 합니다.
① 구역, 구토, 설사, 묽은변, 식욕부진, 복부팽민감
② 두드러기, 가려움증, 광선과민증, 복부, 위통증, 경련, 구토, 설사, 열, 혼수
2) 피리독신을 1일 500mgㅡ2g의 용량으로 장기간 복용하면 감각신경병 또는 신경병적 증상이나타날 수 있습니다.
3) 대량투여로 인해 구역, 구토 등의 위장증상, 고나트륨혈증, 울혈성심부전, 부종 등의 증상이 나타날 수 있습니다.


1) 정해진 용법 용량을 지킨다.
2) 어린이에게 투여할 경우에는 보호자의 지도, 감독하에 투여한다.
3) 1개월 정도 투여 하여도 증상의 개선이 없을 경우에는 의사 또는 약사와 상의한다.


1) 항알도스테론제, 트리암시테렌과 병용투여시 고칼륨 혈중을 일으킬 수가 있으므로 주의 할 것.
2) 이 제품을 투여할 경우에는 다음의 약제를 투여하지 말것.
가) 인산염, 칼슘염, 경구용테트라사이클린계 제제, 제산제제
나) 레보도파
3) 녹차, 홍차 등 탄닌을 함유하는 차는 복용중, 복용후에는 피할 것.


12개월 미만의 영아에게는 투여하지 말것.


뇨를 황색으로 변하게 하여 임상검사치에 영향을 줄 수 있다.


1) 어린이 손이 닿지 않는 곳에 보관한다.
2) 직사광선을 피하고 될 수 있으면 습기가 적고 서늘한 곳에 밀전하여 보관한다.
3) 오, 남용을 피하고 품질을 보호, 유지하기 위해 다른 용기에 넣지 않는다.",47210,[47210]저함량 비타민 및 미네랄 제제,롯데제과(주)건강사업본부
200407993,멜라프리정,,"14세이상 소아 및 성인:1회1정, 1일3회 복용","1) 과칼슘혈증(hypercalciumia: 혈액중에 칼슘이 과잉으로 존재하는 상태)환자, 유육정용, 신질환환자
2) 이 제품 및 이 제품에 포함된 성분에 과민증이 있는 환자
3) 12개월 미만의 영아


1) 의사의 치료를 받고 있는 환자
2) 햇빛을 많이 보고 정상적인 식사를 하는 어린이에게는 비타민D 또는 칼슘의 투여를 피한다.
3) 과수산뇨증환자(hyperoxaluria: 뇨중에 과량의 수산염이 배설되는 상태)
4) 임부, 수유부
5) 심장·순환기계기능 장애 환자
6) 신장애 환자
7) 저단백혈증 환자


1) 이제품 투여에 의하여 구역, 구토, 설사, 변비, 저혈압, 얼굴달아오름, 심박동불규칙, 구역질, 구토, 피부발진의 증상이 있을 경우에는 복용을 중지하고 의사 또는 약사와 상의합니다.
2) 장기간 고용량을 투여할 경우 내성이 생길 수 있다.
3) 대량투여로 인해 구역, 구토 등의 위장증상, 고나트륨혈증, 울혈성심부전, 부종 등의 증상이 나타날 수 있다.


1) 정해진 용법·용량을 지킨다.
2) 어린이에게 투여할 경우에는 보호자의 지도·감독하에 투여한다.
3) 1개월 정도 투여하여도 증상의 개선이 없을 경우에는 의사 또는 약사와 상의한다.


1) 항알도스테론제, 트리암테렌과 병용투여시 고칼륨혈증을 일으킬 수가 있으므로 주의할 것
2) 이 제품을 투여할 경우에는 다음의 약제를 투여하지 말 것
①인산염, 칼슘염, 경구용테트라사이클린계 제제, 제산제 
3) 녹차, 홍차 등 탄닌을 함유하는 차는 복용중, 복용전후에는 피할 것


12개월 미만의 영아에게는 투여하지 말 것


①각종 뇨검사시에 혈당의 검출을 방해할 수 있다.


1) 어린이의 손이 닿지 않는 곳에 보관한다.
2) 직사광선을 피하고 될 수 있으면 습기가 적고 서늘한 곳에 밀전하여 보관한다.
3) 오·남용을 피하고, 품질을 보호·유지하기 위해 다른 용기에 넣지 않는다.",47210,[47210]저함량 비타민 및 미네랄 제제,롯데제과(주)건강사업본부
200407992,롯데비타존골드정,"육체피로, 임신·수유기, 병중·병후의 체력저하시 비타민 B1, B2, B6, C의 보급 노년기의 비타민E 보급
기미·주근깨의 완화","1회 1정, 1일 2회","1)이 제품 및 이 제품에 포함된 성분에 과민증이 있는 환자
2)3개월 미만의 영아


1)의사의 치료를 받고 있는 환자
2)과수산뇨증환자(hyperoxaluria : 뇨중에 과량의 수산염이 배설되는 상태)
3)임부,수유부


1)이 제품의 투여에 의하여 구역,구토, 식욕부진,위부불쾌감,복부팽만감, 묽은변,설사,변비,발진,발적, 구내염의 증상이 있을 경우에는 복용을 중지하고 의사 또는 약사와 상의합니다.
2)이 제품의 투여에 의하여 생리가 예정보다 빨라지거나 양이 점점 많아 질수 있으며, 출혈이 오래 지속될 수도 있다.
3)에스트로젠을 포함한 경구용 피임제를 복용하는 여성, 또는 혈전성 소인이 있는 환자가 비타민E를 복용할 경우 혈전증의 위험이 증가될 수 있다.
4)장기간 고용량을 투여할 경우 내성이 생길 수 있다.
5)피리독신을 1일 500mg-2g의 용량으로 장기간 복용하면 감각신경병 또는 신경병적 증상(neuropathy : 말초신경계의 기능적 장애 또는 병적변화)이 나타날 수 있다.
6)엽산이 부족한 환자에게 비타민 B12를 1일 10㎍이상 투여할 경우 혈액학적 반응이 발생할 수 있다.


1)정해진 용법·용량을 지킨다.
2)1개월 정도 투여하여도 증상의 개선이 없을 경우에는 의사 또는 약사와 상의한다.


이 제품을 투여할 경우에는 레보도파 약제를 투여하지 말 것 


1)각종 뇨검사시에 혈당의 검출을 방해할 수 있다.
2)뇨를 황색으로 변하게 하여 임상검사치에 영향을 줄 수 있다.


1)어린이의 손이 닿지 않는 곳에 보관한다.
2)직사광선을 피하고, 될 수 있으면 습기가 적고 서늘한 곳에 밀전하여 보관한다.
3)오·남용을 피하고, 품질을 보호·유지하기 위해 다른 용기에 넣지 않는다.",47210,[47210]저함량 비타민 및 미네랄 제제,롯데제과(주)건강사업본부
201209575,오스칼울트라디정,,"만 14세 이상의 소아 및 성인: 1일 1회 1정, 식사 후 복용.","1) 과칼슘혈증(hypercalciumia : 혈액중에 칼슘이 과잉으로 존재하는 상태)환자, 유육정용, 신질환 환자
2) 이 제품 및 이 제품에 포함된 성분에 과민증이 있는 환자
3) 만 1세 미만의 영아


1) 의사의 치료를 받고 있는 환자
2) 햇빛을 많이 보고 정상적인 식사를 하는 어린이에게는 비타민 D 또는 칼슘의 투여를 피한다.
3) 임부, 수유부
4) 심장&#8901;순환기계기능 장애 환자
5) 신장애 환자
6) 저단백혈증 환자


1) 이 제품의 투여에 의하여 다음의 증상이 있을 경우에는 복용을 중지하고 의사 또는 약사와 상의합니다. : 구역, 구토, 설사, 변비, 저혈압, 얼굴 달아오름, 심박동불규칙, 구역질, 구토, 피부발진
2) 대량투여로 인해 구역, 구토 등의 위장증상, 고나트륨혈증, 울혈성심부전, 부종 등의 증상이 나타날 수 있다.


1) 정해진 용법&#8901;용량을 지킨다.
2) 1개월 정도 투여하여도 증상의 개선이 없을 경우에는 의사 또는 약사와 상의한다.


1) 항알도스테론제, 트리암테렌과 병용투여시 고칼륨혈증을 일으킬 수 있으므로 주의할 것.
2) 이 제품을 투여할 경우에는 다음의 약제를 투여하지 말 것: 인산염, 칼슘염, 경구용 테트라사이클린계 제제, 제산제
3) 녹차, 홍차 등 탄닌을 함유하는 차는 복용중, 복용전후에는 피할 것


1) 비타민 D는 모유로 분비되어 신생아에게 과칼슘혈증을 일으킬 수 있다
2) 만 1세 미만의 영아에게는 투여하지 말 것


1) 어린이의 손이 닿지 않는 곳에 보관한다.
2) 직사광선을 피하고 될 수 있으면 습기가 적고 서늘한 곳에 밀전하여 보관한다.
3) 오&#8901;남용을 피하고, 품질을 보 호&#8901;유지하기 위해 다른 용기에 넣지 않는다.",47210,[47210]저함량 비타민 및 미네랄 제제,(주)한독
201603991,비타원골드프리미엄정,"- 육체피로, 임신·수유기, 병중·병후의 체력 저하 시 비타민 B1, B2, C의 보급
- 임신·수유기, 병중·병후의 체력 저하 시의 비타민 B6의 보급
- 기미·주근깨의 완화
- 노년기의 비타민 E 보급
- 칼슘, 철, 아연의 보급","만 14세 이상 및 성인 : 1회 1정, 1일 2회 복용","(1) 만 6세 이하의 어린이가 복용할 경우 독성이 나타날 수 있다.


(1) 과칼슘혈증(hypercalciumia: 혈액 중에 칼슘이 과잉으로 존재하는 상태) 환자, 유육정용, 신질환 환자
(2) 이 제품 및 이 제품에 포함된 성분에 과민증이 있는 환자
(3) 만 1세 미만의 영아
(4) 혈색소증(철 대사 이상으로 철이 간장, 췌장에 침착하는 질환), 헤모시데린 침착증, 비철결핍성 빈혈


(1) 의사의 치료를 받고 있는 환자
(2) 햇빛을 많이 보고 정상적인 식사를 하는 어린이에게는 비타민D 또는 칼슘의 투여를 피한다.
(3) 과수산뇨증 환자(hyperoxaluria: 뇨 중에 과량의 수산염이 배설되는 상태)
(4) 임부, 수유부
(5) 소화성 궤양, 만성 궤양성 대장염, 국한성 대장염 등의 위장 질환이 있는 환자
(6) 심장&#8901;순환기계 기능 장애 환자
(7) 신장애 환자
(8) 저단백혈증 환자


(1) 이 제품의 투여에 의하여 다음의 증상이 있을 경우에는 복용을 중지하고 의사 또는 약사와 상의한다.
구역, 구토, 묽은변, 식욕부진, 복부팽만감, 설사, 위부불쾌감, 변비, 발진, 발적, 저혈압, 얼굴 달아오름, 심박동불규칙, 구역질, 피부발진, 두드러기, 가려움증, 광선과민증, 복부·위통증, 경련, 열, 혼수, 위장관장애, 소화장애, 상복부통증, 폐부종
(2) 이 제품의 투여에 의하여 생리가 예정보다 빨라지거나 양이 점점 많아질 수 있으며, 출혈이 오래 지속될 수도 있다.
(3) 에스트로겐을 포함한 경구용 피임제를 복용하는 여성 또는 혈전성 소인이 있는 환자가 비타민E를 복용할 경우 혈전증의 위험이 증가될 수 있다.
(4) 장기간 고용량을 투여할 경우 내성이 생길 수 있다.
(5) 피리독신을 1일 500㎎ ~ 2g의 용량으로 장기간 복용하면 감각신경병 또는 신경병적 증상(neuropathy: 말초신경계의 기능적 장애 또는 병적 변화)이 나타날 수 있다.
(6) 엽산이 부족한 환자에게 비타민B12를 1일 10㎍ 이상 투여할 경우 혈액학적 반응이 발생할 수 있다.
(7) 대량 투여로 인해 구역, 구토 등의 위장증상, 고나트륨혈증, 울혈성심부전, 부종 등의 증상이 나타날 수 있다.


(1) 정해진 용법&#8901;용량을 지킨다.
(2) 1개월 정도 투여하여도 증상의 개선이 없을 경우에는 의사 또는 약사와 상의한다.


(1) 항알도스테론제, 트리암테렌과 병용 투여 시 고칼륨혈증을 일으킬 수 있으므로 주의할 것.
(2) 이 제품을 투여할 경우에는 다음의 약제를 투여하지 말 것
① 인산염, 칼슘염, 경구용 테트라사이클린계 제제, 제산제
② 레보도파
(3) 녹차, 홍차 등 탄닌을 함유하는 차는 복용 중, 복용 전후에는 피할 것


(1) 만 1세 미만의 영아에게는 투여하지 말 것
(2) 만 3개월 미만의 영아에게는 투여하지 말 것


(1) 각종 뇨 검사 시에 혈당의 검출을 방해할 수 있다.
(2) 오줌을 황색으로 변하게 하여 임상검사 치에 영향을 줄 수 있다.


(1) 어린이의 손이 닿지 않는 곳에 보관한다.
(2) 직사광선을 피하고 될 수 있으면 습기가 적고 서늘한 곳에 밀전하여 보관한다.
(3) 오&#8901;남용을 피하고, 품질을 보호&#8901;유지하기 위해 다른 용기에 넣지 않는다.",47210,[47210]저함량 비타민 및 미네랄 제제,(주)종근당
200800955,멀티비타원프리미엄정,"- 육체피로, 임신&#8231;수유기, 병중&#8231;병후의 체력저하시 비타민 B1, B2, C의 보급
- 임신&#8231;수유기, 병중&#8231;병후의 체력저하시 비타민 A, B6의 보급
- 기미&#8231;주근깨의 완화
- 노년기의 비타민 E의 보급
- 임신&#8231;수유기, 발육기, 노년기의 비타민 D의 보급
- 칼슘, 철, 아연의 보급","14세 이상의 소아 및 성인 : 1일 1회, 1정씩 복용","1) 임부에 비타민A(레티놀)를 1일 5,000IU이상 투여하는 경우에는 선천성 기형을 유발할 위험이 있으므로 임신 3개월 이내 또는 임신한 가능성 있는 부인에는 비타민 A를 5,000IU/일 이상 투여하지 않는다.(비타민 A결핍증 환자는 제외)
2) 6세 이하의 어린이가 복용할 경우 독성이 나타날 수 있다.


1) 과칼슘혈증(hypercalciumia : 혈액중에 칼슘이 과잉으로 존재하는 상태)환자, 유육정용, 신질환 환자
2) 이 제품 및 이 제품에 포함된 성분에 과민증이 있는 환자
3) 12개월 미만의 영아
4) 혈색소증(철대사이상으로 철이 간장, 췌장에 침착하는 질환), 헤모시데린침착증, 비철결핍성 빈혈


1) 1세 미만의 영아
2) 의사의 치료를 받고 있는 환자
3) 햇빛을 많이 보고 정상적인 식사를 하는 어린이에게는 비타민 D 또는 칼슘의 투여를 피한다.
4) 과수산뇨증환자(hyperoxaluria : 뇨중에 과량의 수산염이 배설되는 상태)
5) 임부, 수유부
6) 소화성궤양, 만성궤양성대장염, 국한성대장염 등의 위장질환이 있는 환자
7) 심장&#8901;순환기계기능 장애 환자
8) 신장애 환자
9) 저단백혈증 환자


1) 이 제품의 투여에 의하여 다음의 증상이 있을 경우에는 복용을 중지하고 의사 또는 약사와 상의합니다.구역, 구토, 설사, 묽은변, 가려움증, 건조하고 거친피부, 통증성 관절부종, 위부불쾌감, 변비, 발진, 발적, 구내염, 식욕부진, 복부팽만감, 변비, 저혈압, 얼굴 달아오름, 심박동불규칙, 피부발진, 두드러기, 가려움증, 광선과민증, 복부&#8901;위통증, 경련, 열, 혼수, 위장관장애, 소화장애, 상복부통증, 저혈압, 폐부종
2) 이 제품의 투여에 의하여 생리가 예정보다 빨라지거나 양이 점점 많아질 수 있으며, 출혈이 오래 지속될 수도 있다.
3) 에스트로젠을 포함한 경구용 피임제를 복용하는 여성 또는 혈전성 소인이 있는 환자가 비타민E를 복용할 경우 혈전증의 위험이 증가될 수 있다.
4) 장기간 고용량을 투여할 경우 내성이 생길 수 있다.
5) 피리독신을 1일 500㎎~2g의 용량으로 장기간 복용하면 감각신경병 또는 신경병적 증상(neuropathy : 말초신경계의 기능적 장애 또는 병적변화)이 나타날 수 있다.
6) 엽산이 부족한 환자에게 비타민 B12를 1일 10㎍이상 투여할 경우 혈액학적 반응이 발생할 수 있다.
7) 대량투여로 인해 구역, 구토 등의 위장증상, 고나트륨혈증, 울혈성심부전, 부종 등의 증상이 나타날 수 있다.


1) 정해진 용법&#8901;용량을 지킨다.
2) 1개월 정도 투여하여도 증상의 개선이 없을 경우에는 의사 또는 약사와 상의한다.
3) 이 제품에 함유된 비타민A는 정상적인 식이에서 충분히 공급되므로 보조요법의 용량은 1일 5,000IU이상을 넘지 않도록 한다.


1) 항알도스테론제, 트리암테렌과 병용투여시 고칼륨혈증을 일으킬 수 있으므로 주의할 것.
2) 이 제품을 투여할 경우에는 다음의 약제를 투여하지 말 것
가) 인산염, 칼슘염, 경구용테트라사이클린계 제제, 제산제
나) 레보도파
3) 녹차, 홍차 등 탄닌을 함유하는 차는 복용중, 복용전후에는 피할 것


1) 외국에서 임신전 3개월부터 임신초기 3개월까지 비타민 A를 10,000IU/일 이상 섭취한 여성으로부터 태어난 아이에서 두부신경릉 등을 중심으로 하는 기형발현 증가가 추정된다는 역학조사결과가 있으므로 임신 3개월이내 또는 임신하고 있을 가능성이 있는 부인에는 비타민 A 결핍증치료에 사용하는 경우를 제외하고는 이 제품을 투여하지 않는다. 또한 비타민 A 보급을 목적으로 이 제품을 사용하는 경우는 식품 등으로부터의 섭취량에 주의하고 이 제품에 의한 비타민 A 투여는 5,000IU/일 미만에 머물도록 하는 등 적절한 주의를 한다.
2) 비타민 D는 모유로 분비되어 신생아에게 과칼슘혈증을 일으킬 수 있다.
3) 12개월 미만의 영아에게는 투여하지 말 것


1) 각종 뇨검사시에 혈당의 검출을 방해할 수 있다.
2) 뇨를 황색으로 변하게 하여 임상검사치에 영향을 줄 수 있다.


1) 어린이의 손이 닿지 않는 곳에 보관한다.
2) 직사광선을 피하고 될 수 있으면 습기가 적고 서늘한 곳에 밀전하여 보관한다.
3) 오&#8901;남용을 피하고, 품질을 보호&#8901;유지하기 위해 다른 용기에 넣지 않는다.",47210,[47210]저함량 비타민 및 미네랄 제제,(주)종근당
200903098,락슈프리정,"임신&#8901;수유기, 병중&#8901;병후의 체력저하시 비타민 A의 보급
노년기의 비타민E보급
임신&#8901;수유기, 발육기, 노년기의 비타민 D보급",만 8세 이상 소아 및 성인 : 1회 1정씩 1일 3회,"임부에 비타민A(레티놀)를 1일 5,000IU이상 투여하는 경우에는 선천성 기형을 유발할 위험이 있으므로 임신 3개월 이내 또는 임신할 가능성 있는 부인에는 비타민 A를 5,000IU/일 이상 투여하지 않는다.(비타민 A결핍증 환자는 제외)


1) 과칼슘혈증(hypercalciumia : 혈액중에 칼슘이 과잉으로 존재하는 상태)환자, 유육정용, 신질환 환자
2) 이 제품 및 이 제품에 포함된 성분에 과민증이 있는 환자
3) 만 3개월 미만의 영아


1) 만 1세 미만의 영아
2) 의사의 치료를 받고 있는 환자
3) 햇빛을 많이 보고 정상적인 식사를 하는 어린이에게는 비타민 D 또는 칼슘의 투여를 피한다.
4) 임부, 수유부


1) 이 제품의 투여에 의하여 다음의 증상이 있을 경우에는 복용을 중지하고 의사 또는 약사와 상의합니다. : 구역, 구토, 가려움증, 건조하고 거친피부, 통증성 관절부종, 위부불쾌감, 설사, 변비, 발진, 발적
2) 이 제품의 투여에 의하여 생리가 예정보다 빨라지거나 양이 점점 많아질 수 있으며, 출혈이 오래 지속될 수도 있다.
3) 에스트로젠을 포함한 경구용 피임제를 복용하는 여성 또는 혈전성 소인이 있는 환자가 비타민E를 복용할 경우 혈전증의 위험이 증가될 수 있다. 


1) 정해진 용법&#8901;용량을 지킨다.
2) 어린이에 투여할 경우에는 보호자의 지도&#8901;감독하에 투여한다. 
3) 1개월 정도 투여하여도 증상의 개선이 없을 경우에는 의사 또는 약사와 상의한다.
4) 이 제품에 함유된 비타민A는 정상적인 식이에서 충분히 공급되므로 보조요법의 용량은 1일 5,000IU이상을 넘지 않도록 한다.


1) 외국에서 임신전 3개월부터 임신초기 3개월까지 비타민 A를 10,000IU/일 이상 섭취한 여성으로부터 태어난 아이에서 두부신경릉 등을 중심으로 하는 기형발현 증가가 추정된다는 역학조사결과가 있으므로 임신 3개월이내 또는 임신하고 있을 가능성이 있는 부인에는 비타민 A 결핍증치료에 사용하는 경우를 제외하고는 이 제품을 투여하지 않는다. 또한 비타민 A 보급을 목적으로 이 제품을 사용하는 경우는 식품 등으로부터의 섭취량에 주의하고 이 제품에 의한 비타민 A 투여는 5,000IU/일 미만에 머물도록 하는 등 적절한 주의를 한다. 
2) 비타민 D는 모유로 분비되어 신생아에게 과칼슘혈증을 일으킬 수 있다.
3) 만 3개월 미만의 영아에게는 투여하지 말 것


1) 어린이의 손이 닿지 않는 곳에 보관한다.
2) 직사광선을 피하고 될 수 있으면 습기가 적고 서늘한 곳에 밀전하여 보관한다.
3) 오&#8901;남용을 피하고, 품질을 보호&#8901;유지하기 위해 다른 용기에 넣지 않는다.",47210,[47210]저함량 비타민 및 미네랄 제제,(주)종근당
200107128,비타원골드정,"육체피로, 임신 수유기, 병중 병후의 체력저하시 비타민 B1,B2,B6 C의 보급, 노년기의 비타민 E 보급, 기미 주근깨의 완화","1회 1정, 1일 2회","1) 이 제품 및 이 제품에 포함된 성분이 과민증이 이있는 환자
2) 3개월 미만의 영아


1)의사의 치료를 받고 있는 환자
2)과수산뇨증환(hyperoxaluria: 뇨증에 과량의 수산화염이 배설되는 상태)
3)임부 수유부


1)이 제품 투여에 의하여 구역, 구토, 식욕부진, 위부불쾌감, 복부펭만감, 묽은변설사, 변비, 발적, 구내염의 증상이 있을 경우에는 복용을 중지하고 의사 또는 약사와 상의합니다.
2) 이 제품의 투여에 의하여 생리가 예정보다 빨라지거나 양이 점점 많아 질 수 있으며, 출혈이 오래 지속될 수도 있다.
3)에스트로젠을 포함한 경구용 피임제를 복용하는 여성 또는 혈전성 소인이 있는 환자가 비타민E를 복용할 경우 혈전증의 위험이 증가될 수 있다.
4) 장기간 고용량을 투여할 경우 내성이 생길 수 있다.
5) 피리독신을 1일 500mg~2g의 용량으로 장기간 복용하면 감각신경병 또는 신경병적 증상(neuropathy:말초신경계의 기능적 장애 또는 병적변화)이 나타 날수 있다.
6)엽산이 부족한 환자에게 비타민 B12를 1일 10ug이상 투여할 경우 혈액학적 반응이 발생 할 수 있다.


1) 정해진 용법 용량을 지킨다.
2) 1개월 정도 투여하더라도 증상의 개선이 없을 경우에는 의사 또는 약사와 상의한다.


이 제품을 투여할 경우에는 레보도파 약제를 투여하지 말 것.


1) 각종 뇨검사시에 혈당의 검출을 방해할 수 있다.
2) 뇨를 황색으로 변하게 하여 임상검사치에 영향을 줄 수 있다.


1) 어린이의 손이 닿지 않는 곳에 보관한다.
2) 직사광선을 피하고 될 수 있으면 습기가 적고 서늘한 곳에 밀전하여 보관한다.
3)오 남용을 피하고 , 품질을 보호 유지하기 위해 다른 용기에 넣지 않는다.",47210,[47210]저함량 비타민 및 미네랄 제제,(주)종근당
200508627,비타원골드플러스정,"- 육체피로, 임신·수유기, 병중·병후의 체력저하시 비타민 B1, B2, C의 보급
- 임신·수유기, 병중·병후의 체력저하시 비타민 B6의 보급
- 기미·주근깨의 완화
- 노년기의 비타민 E 보급
- 칼슘, 철, 아연의 보급","14세이상-성인 : 1회 1정, 1일 2회 복용","이 약에는 철분이 함유되어 있어 6세 이하의 어린이가 복용할 경우 독성이 나타날 수 있다.


1) 과칼슘혈증(hypercalcemia : 혈액중에 칼슘이 과잉으로 존재하는 상태)환자, 유육정용, 신질환 환자
2) 이 제품 및 이 제품에 포함된 성분에 과민증에 있는 환자
3) 12개월 미만의 영아
4) 혈색소증(철대사 이상으로 철이 간장, 췌장에 침착하는 질환), 헤모시데린침착증, 비철결핍성 빈혈


1) 의사의 치료를 받고 있는 환자
2) 과수산뇨증환자(hyperoxaluria : 뇨중에 과량의 수산염이 배설되는 상태)
3) 임부, 수유부
4) 소화성궤양, 만성궤양성대장염, 국한성대장염 등의 위장질환이 있는 환자
5) 심장ㆍ순환기계기능 장애 환자
6) 신장애 환자
7) 저단백혈증 환자


l) 이 제품 투여에 의하여 다음의 증상이 있을 경우에는 복용을 중지하고 의사 또는 약사와 상의한다. 
- 구역, 구토, 설사, 위부불쾌감, 변비, 발진, 발적, 묽은변, 구내염, 식욕부진, 복부팽만감, 저혈압, 얼굴달아오름, 심박동불규칙, 두드러기, 가려움증, 광선과민증, 복부ㆍ위통증, 경련, 열, 혼수, 위장관장애, 소화장애, 상복부통증, 폐부종 
2) 이 제품의 투여에 의하여 생리가 예정보다 빨라지거나 양이 점점 많아 질 수 있으며, 출혈이 오래 지속될 수도 있다.
3) 에스트로겐을 포함한 경구용 피임제를 복용하는 여성 또는 혈전성 소인이 있는 환자가 비타민 E를 복용할 경우 혈전증의 위험이 증가될 수 있다.
4) 장기간 고용량을 투여할 경우 내성이 생길 수 있다.
5) 피리독신을 l일 500mg∼2g의 용량으로 장기간 복용하면 감각신경병 또는 신경병적 증상(neuropathy : 말초신경계의 기능적 장애 또는 병적 변화)이 나타날 수 있다.
6) 엽산이 부족한 환자에게 비타민 B12를 1일 10ug 이상 투여할 경우 혈액학적 반응이 발생할 수 있다.
7) 대량투여로 인해 구역, 구토 등의 위장증상, 고나트륨혈증, 울혈성심부전, 부종 등의 증상이 나타날 수 있다.


1) 정해진 용법ㆍ용량을 지킨다.
2) 어린이에게 투여할 경우에는 보호자의 지도ㆍ감독하에 투여한다.
3) 1개월 정도 투여하여도 증상의 개선이 없을 경우에는 의사 또는 약사와 상의한다.


1) 항알도스테론제, 트리암테렌과 병용투여시 고칼륨 혈증을 일으킬 수가 있으므로 주의할 것
2) 이 제품을 투여할 경우에는 다음의 약제를 투여하지 말 것
- 인산염, 칼슘염, 경구용테트라사이클린계 제제, 제산제, 레보도파


12개월 미만의 영아에게는 투여하지 말 것


1) 각종 뇨검사시에 혈당의 검출을 방해할 수 있다.
2) 뇨를 황색으로 변하게 하여 임상검사치에 영향을 줄 수 있다.


l) 어린이의 손이 닿지 않는 곳에 보관한다.
2) 직사광선을 피하고 될 수 있으면 습기가 적고 서늘한 곳에 밀전하여 보관한다.
3) 오ㆍ남용을 피하고, 품질을 보호ㆍ유지하기 위해 다른 용기에 넣지 않는다.",47210,[47210]저함량 비타민 및 미네랄 제제,(주)종근당
200508628,비타원비씨플러스정,"- 육체피로, 임신·수유기, 병중·병후의 체력저하시 비타민 B1, B2, C의 보급
- 임신·수유기, 병중·병후의 체력저하시 비타민 B6의 보급
- 기미·주근깨의 완화
- 노년기의 비타민 E 보급
- 칼슘, 철, 아연의 보급","14세이상-성인 : 1회 1정, 1일 2회 복용","이 약에는 철분이 함유되어 있어 6세 이하의 어린이가 복용할 경우 독성이 나타날 수 있다.


1) 과칼슘혈증(hypercalcemia : 혈액중에 칼슘이 과잉으로 존재하는 상태)환자, 유육정용, 신질환 환자
2) 이 제품 및 이 제품에 포함된 성분에 과민증에 있는 환자
3) 12개월 미만의 영아
4) 혈색소증(철대사 이상으로 철이 간장, 췌장에 침착하는 질환), 헤모시데린침착증, 비철결핍성 빈혈


1) 의사의 치료를 받고 있는 환자
2) 과수산뇨증환자(hyperoxaluria : 뇨중에 과량의 수산염이 배설되는 상태)
3) 임부, 수유부
4) 소화성궤양, 만성궤양성대장염, 국한성대장염 등의 위장질환이 있는 환자
5) 심장ㆍ순환기계기능 장애 환자
6) 신장애 환자
7) 저단백혈증 환자
8) 이 약은 황색5호(선셋옐로우 FCF, Sunset Yellow FCF)를 함유하고 있으므로 이 성분에 과민하거나 알레르기 병력이 있는 환자에는 신중히 투여한다.


l) 이 제품 투여에 의하여 다음의 증상이 있을 경우에는 복용을 중지하고 의사 또는 약사와 상의한다. 
- 구역, 구토, 설사, 위부불쾌감, 변비, 발진, 발적, 묽은변, 구내염, 식욕부진, 복부팽만감, 저혈압, 얼굴달아오름, 심박동불규칙, 두드러기, 가려움증, 광선과민증, 복부ㆍ위통증, 경련, 열, 혼수, 위장관장애, 소화장애, 상복부통증, 폐부종 
2) 이 제품의 투여에 의하여 생리가 예정보다 빨라지거나 양이 점점 많아 질 수 있으며, 출혈이 오래 지속될 수도 있다.
3) 에스트로겐을 포함한 경구용 피임제를 복용하는 여성 또는 혈전성 소인이 있는 환자가 비타민 E를 복용할 경우 혈전증의 위험이 증가될 수 있다.
4) 장기간 고용량을 투여할 경우 내성이 생길 수 있다.
5) 피리독신을 l일 500mg∼2g의 용량으로 장기간 복용하면 감각신경병 또는 신경병적 증상(neuropathy : 말초신경계의 기능적 장애 또는 병적 변화)이 나타날 수 있다.
6) 엽산이 부족한 환자에게 비타민 B12를 1일 10ug 이상 투여할 경우 혈액학적 반응이 발생할 수 있다.
7) 대량투여로 인해 구역, 구토 등의 위장증상, 고나트륨혈증, 울혈성심부전, 부종 등의 증상이 나타날 수 있다.


1) 정해진 용법ㆍ용량을 지킨다.
2) 어린이에게 투여할 경우에는 보호자의 지도ㆍ감독하에 투여한다.
3) 1개월 정도 투여하여도 증상의 개선이 없을 경우에는 의사 또는 약사와 상의한다.


1) 항알도스테론제, 트리암테렌과 병용투여시 고칼륨 혈증을 일으킬 수가 있으므로 주의할 것
2) 이 제품을 투여할 경우에는 다음의 약제를 투여하지 말 것
- 인산염, 칼슘염, 경구용테트라사이클린계 제제, 제산제, 레보도파


12개월 미만의 영아에게는 투여하지 말 것


l) 각종 뇨검사시에 혈당의 검출을 방해할 수 있다.
2) 뇨를 황색으로 변하게 하여 임상검사치에 영향을 줄 수 있다.


l) 어린이의 손이 닿지 않는 곳에 보관한다.
2) 직사광선을 피하고 될 수 있으면 습기가 적고 서늘한 곳에 밀전하여 보관한다.
3) 오ㆍ남용을 피하고, 품질을 보호ㆍ유지하기 위해 다른 용기에 넣지 않는다.",47210,[47210]저함량 비타민 및 미네랄 제제,(주)종근당
200107133,비타원뷰티캅셀,"육체피로, 임신ㆍ수유기, 병중ㆍ병후의 체력저하시 비타민 A,B1,B2,B6,C의 보급, 노년기의 비타민E 보급, Ca의 보급, 기미ㆍ주근깨의 완화","1회 1캅셀, 1일 3회","임부에 비타민A(레티놀)를 1일 5,000IU이상 투여하는 경우에는 선천성 기형을 유발할 위험이 있으므로 임신 3개월 이내 또는 임신한 가능성이 있는 부인에는 비타민 A를 5,000IU/일 이상 투여하지 않는다.(비타민 A결핍증 환자는 제외)


1) 과칼슘혈증(hypercalciumia: 혈액중에 칼슘이 과잉으로 존재하는 상태)환자, 유육정용, 신질환 환자
2) 이 제품 및 이 제품에 포함된 성분에 과민증이 있는 환자
3) 12개월 미만의 영아


1) 의사의 치료를 받고 있는 환자
2) 햇빛을 많이 보고 정상적인 식사를 하는 어린이에게는 비타민 D 또는 칼슘의 투여를 피한다.
3) 과수산뇨증환자(hyperoxaluria: 뇨중에 과량의 수산화염이 배설되는 상태)
4) 임부, 수유부
5) 심장ㆍ순환기계기능 장애 환자
6) 신장애 환자
7) 저단백혈증 환자


1) 이 제품 투여에 의하여 구역, 구토, 위부불쾌감, 묽은변, 설사, 변비, 발진, 발적, 가려움증, 건조하고 거친피부, 통증성 관절부종, 저혈압, 얼굴달아오름, 심박동불규칙의 증상이 있을 경우에는 복용을 중지하고 의사 또는 약사와 상의합니다.
2) 이 제품의 투여에 의하여 생리가 예정보다 빨라지거나 양이 점점 많아 질 수 있으며, 출혈이 오래 지속될 수도 있다.
3) 에스트로젠을 포함한 경구용 피임제를 복용하는 여성 또는 혈전성 소인이 있는 환자가 비타민 E를 복용할 경우 혈전증의 위험이 증가될 수 있다.
4) 장시간 고용량을 투여할 경우 내성이 생길 수 있다.
5) 피리독신을 1일 500mg~2g의 용량으로 장기간 복용하면 감각신경병 또는 신경병적 증상(neuropathy : 말초신경계의 기능적 장애 또는 병적변화)이 나타날 수 있다.
6) 염산이 부족한 환자에게 비타민 B12를 1일 10ug이상 투여할 경우 혈액학적 반응이 발생할 수 있다.
7) 대량투여로 인해 구역, 구토 등의 위장증상, 고나트륨혈증, 울혈성심부전, 부종 등의 증상이 나타날 수 있다.


1) 정해진 용법ㆍ용량을 지킨다.
2) 1개월 정도 투여하여도 증상의 개선이 없을 경우에는 의사 또는 약사와 상의한다.
3) 이 제품에 함유된 비타민A는 정상적인 식이에서 충분히 공급되므로 보조요법의 용량은 1일 5000IU이상을 넘지 않도록 한다.


1) 항알도스테론제, 트리암테렌과 병용투여시 고칼륨 혈증을 일으킬 수가 있으므로 주의할 것
2) 이 제품을 투여할 경우에는 다음의 약제를 투여하지 말 것
가) 인산염, 칼슘염, 경구용테트라사이클린계 제제, 제산제
나) 레보도파
3) 녹차, 홍차 등 탄닌을 함유하는 자는 복용증, 복용전후에는 피할 것


1) 외국에서 임신전 3개월부터 임신초기 3개월까지 비타민 A를 10,000IU/일 이상 섭취한 여성으로부터 태어난 아이에게 두부신경릉 등을 중심으로 하는 기형발현 증가가 추정된다는 역학조사결과가 있으므로 임신 3개월이내 또는 임신하고 있을 가능성이 있는 부인에는 비타민A 결핍증치료에 사용하는 경우를 제외하고는 이 제품을 투여하지 않는다. 또한 비타민 A 보급을 목적으로 이 제품을 사용하는 경우는 식품 등으로 부터의 섭취량에 주의하고 이 제품에 의한 비타민 A투여는 5,000IU/일 미만에 머물도록 하는 등 적절한 주의를 한다.
2) 12개월 미만의 영아에게는 투여하지 말 것


1) 각종 뇨검사시에 혈당의 검출을 방해할 수 있다.
2) 뇨를 황색으로 변하게 하여 임상검사치에 영향을 줄 수 있다.


1) 어린이의 손이 닿지 않는 곳에 보관한다.
2) 직사광선을 피하고 될 수 있으면 습기가 적고 서늘한 곳에 밀전하여 보관한다.
3) 오ㆍ남용을 피하고, 품질을 보호ㆍ유지하기 위해 다른 용기에 넣지 않는다.",47210,[47210]저함량 비타민 및 미네랄 제제,(주)종근당
200107131,비타원씨산,"육체피로, 임신 수유기, 병중 병후의 체력저하시 비타민B2, B6, C의 보급, 기미 주근깨의 완화","성인 1회 1포, 1일 1회, 2-7세 성인의 1/2, 3개월-1세 성인1/4","1)이 제품 및 이 제품에 포함된 성분에 과민증이 있는 환자
2)3개월 미만의 영아


1)의사의 치료를 받고 있는 환자
2)과수산뇨증환자(hyperoxaluria: 뇨증에 과량의 수산염이 배설되는 상태)
3)임부 수유부


1)이 제품 투여에 의하여 구역, 구토, 설사 증상이 잇을 경우에는 복용을 중지하고 의사 또는 약사와 상의합니다.
2)장기간 고용량을 투여할 경우 내성이 생길수 있다.
3)피리독신을 1일 500mg~2g의 용량으로 장기간 복용하면 감각신경병또는 신경병적 증상(neuropathy: 말초시경계의 기능적 장애 또는 병적 변화)이 나타날 수 있다.


1)정해진 용법 용량을 지킨다
2)어린이에게 투여할 경우에는 보호자의 지도 감독 하에 투여 한다
3)1개월 정도 투여하여도 증상의 개선이 없을 경우에는 의사 또는 약사와 상의 한다


이 제품을 투여할 경우에는 레보도과 약제를 투여하지 말 것


1)각종 뇨검사시에 형당의 검출을 방해할 수 있다.
2)뇨를 황색으로 변하게 하여 임상검사치에 영향을 줄수있다.


1)어린이의 손이 닿지 않는 곳에 보관한다
2)직사광선을 피하고 될 수 있으면 습기가 적고 서늘한 곳에 밀전하여 보관한다.
3)오 남용을 피하고, 품질의 보호 유지하기 위해 용기에 넣지 않는다.",47210,[47210]저함량 비타민 및 미네랄 제제,(주)종근당
200107130,비타원씨플러스정,"육체피로, 임신 수유기, 병중 병후의 체력저하시 비타민B1, B2, B6, C의 보급, 노년기의 비타민 E 보급, 기미 주근깨의 완화","성인 및 8세이상 어린이: 1회 1정, 1일 2회 입안에서 녹이거나 씹어서 복용하십시오.","1) 이 제품 및 이 제품에 포함된 성분에 과민증이 있는 환자
2) 3개월 미만의 영아


1) 의사의 치료를 받고 있는 환자
2) 과수산뇨증환자(hyperocaluria: 뇨증에 과량의 수산염이 배설되는 상태)
3) 임부 수유부
4) 이 약은 황색5호(선셋옐로우 FCF, Sunset Yellow FCF)를 함유하고 있으므로 이 성분에 과민하거나 알레르기 병력이 있는 환자에는 신중히 투여한다.


1) 이 제품을 투여에 의하여 구역, 쿠토, 위부불쾌감, 설사, 변비, 발적 증상이 있을 경우에는 복용을 중지하고 의사 또는 약사와 상의합니다.
2) 이 제품의 투여에 의하여 생리가 예정보다 빨라지거나 양이 점점 많아 질 수 있으며, 출혈이 오래 지속될 수도 있다.
3) 에스트로젠을 포함한 경구용 피임제를 복용하는 여성또는 혈전성 소인이 있는 환자가 비타민E를 복용할 경우 혈전증의 위험이 증가될 수 있다.
4) 장기간 고용량을 투여할 경우 내성이 생길 수 있다.
5) 피리독신을 1일 500mg~2g의 용량으로 장기간 복용하면 감각신경병 또는 신경병적 증상(neuropathy; 말초신경계의 기능적 장애 또는 병적변화)이 나타날 수 있다.


1) 정해진 용법 용량을 지킨다
2) 어린이에게 투여할 경우에는 보호자의 지도 감독하에 투여한다
3) 1개월 정도 투여하여도 증상의 개선이 없을 경우에는 의사 또는 약사와 상의 한다


이 제품을 투여할 경우에는 레보도파 약제를 투여하지 말 것


1) 각종 뇨 검사시에 혈당의 검출을 방해할 수 있다.
2) 뇨를 황색으로 변하게 하여 임상검사지에 영향을 줄 수 있다.


1) 어린이의 손이 닿지 않는 곳에 보관한다.
2) 직사광선을 피하고 될 수 있으면 습기가 적고 서늘한 곳에 밀전하여 보관한다.
3) 오 남용을 피하고 품질을 보호 유지하기 위해 다른 용기에 넣지 않는다.",47210,[47210]저함량 비타민 및 미네랄 제제,(주)종근당
200107129,비타원비씨정,"육체피로, 임신 수유기, 병중 병후의 체력저하시 비타민B1, B2, B6, C의 보급,기미 주근깨 완화","1회 1정, 1일 1회","1) 이 제품 및 이 제품에 포함된 성분에 과민증이 있는 환자
2) 3개월 미만의 영아


1) 의사의 치료를 받고 있는 환자
2) 과수산뇨증환자(hyperoxaiuria: 뇨중에 과량의 수산염이 배설되는 상태)
3) 임부, 수유부
4) 이 약은 황색5호(선셋옐로우 FCF, Sunset Yellow FCF)를 함유하고 있으므로 이 성분에 과민하거나 알레르기 병력이 있는 환자에는 신중히 투여한다.


1) 이 제품 투여에 의하여 구토, 구역, 묽은변, 설사의 증상이 있을 경우에는 복용을 중지하고 의사 또는 약사와 상의합니다.
2) 장기간 고용량을 투여할 경우 내성이 생길 수 있다.
3) 피리독신을 1일 500mg~2g의 용량으로 장기간 복용하면 감각신경병 또는 신경병적 증상(neuropathy:말초신경계의 기능적 장애 또는 병적변화)이 나타날 수 있다.
4) 엽산이 부족한 환자에게는 비타민 B12를 1일 10ug이상 투여할 경우 혈액학적 반응 이 발생할 수 있다.
5) 고용량 투여에 의해 소화성 궤양을 촉진시키고 당내성 손상(glucose tolerance impairment: 신체의 포도당을 대사하는 능력 장애), 과요산혈증(hyperisemia, 혈액중에 요산이 과잉으로 존재하는 상태), 간 손상을 일으킬 수 있다.


1) 정해진 용량을 지킨다.
2) 1개월 정도 투여 하여도 증상의 개선이 없을 경우에는 의사 또는 약사와 상의한다.


이 제품을 투여할 경우에는 레보도파 약제를 투여하지 말 것


1) 각종 뇨검사시에 혈당의 검출을 방해할 수 있다.
2) 뇨를 황색으로 변하게 하여 임상검사치에 영향을 줄 수 있다.


1) 어린이의 손이 닿지 않는 곳에 보관한다.
2) 직사광선을 피하고 될 수 있으면 습기가 적고 서늘한 곳에 밀전하여 보관한다.",47210,[47210]저함량 비타민 및 미네랄 제제,(주)종근당
201402117,포덤정,"- 육체피로, 임신&#8901;수유기, 병중&#8901;병후의 체력저하시 비타민 C의 보급
- 기미&#8901;주근깨의 완화
- 아연의 보급",만 14세 이상의 소아 및 성인 : 1일 1회 1정,"1) 이 제품 및 이 제품에 포함된 성분에 과민증이 있는 환자
2) 만 3개월 미만의 영아
3) 만 1세 미만의 영아


1) 의사의 치료를 받고 있는 환자
2) 과수산뇨증환자(hyperoxaluria : 뇨중에 과량의 수산염이 배설되는 상태)
3) 임부, 수유부
4) 심장&#8901;순환기계기능 장애 환자
5) 신장애 환자
6) 저단백혈증 환자
7) 이 제품은 황색5호(선셋옐로우 FCF, Sunset Yellow FCF)를 함유하고 있으므로 이 성분에 과민하거나 알레르기 병력이 있는 환자에는 신중히 투여한다.


1) 이 제품의 투여에 의하여 다음의 증상이 있을 경우에는 복용을 중지하고 의사 또는 약사와 상의합니다.
: 구역, 구토, 설사, 위장관장애, 소화장애, 상복부통증, 구역질, 저혈압, 폐부종
2) 장기간 고용량을 투여할 경우 내성이 생길 수 있다.
3) 대량투여로 인해 구역, 구토 등의 위장증상, 고나트륨혈증, 울혈성심부전, 부종 등의 증상이 나타날 수 있다.


1) 정해진 용법&#8901;용량을 지킨다.
2) 어린이에 투여할 경우에는 보호자의 지도&#8901;감독하에 투여한다. 
3) 1개월 정도 투여하여도 증상의 개선이 없을 경우에는 의사 또는 약사와 상의한다.


1) 항알도스테론제, 트리암테렌과 병용투여시 고칼륨혈증을 일으킬 수 있으므로 주의할 것.
2) 이 제품을 투여할 경우에는 다음의 약제를 투여하지 말 것
가) 인산염, 칼슘염, 경구용테트라사이클린계 제제, 제산제
3) 녹차, 홍차 등 탄닌을 함유하는 차는 복용중, 복용전후에는 피할 것


1) 만 3개월 미만의 영아에게는 투여하지 말 것
2) 만 1세 미만의 영아에게는 투여하지 말 것


1) 각종 뇨검사시에 혈당의 검출을 방해할 수 있다. 


1) 어린이의 손이 닿지 않는 곳에 보관한다.
2) 직사광선을 피하고 될 수 있으면 습기가 적고 서늘한 곳에 밀전하여 보관한다.
3) 오&#8901;남용을 피하고, 품질을 보호&#8901;유지하기 위해 다른 용기에 넣지 않는다.",47210,[47210]저함량 비타민 및 미네랄 제제,(주)휴온스
201402432,포덤키즈츄어블정,"- 육체피로, 임신&#8901;수유기, 병중&#8901;병후의 체력저하시 비타민 C의 보급
- 기미&#8901;주근깨의 완화
- 아연의 보급","만 14세 이상의 소아 및 성인 : 1회 1정, 1일 3회 입안에서 녹이거나 씹어서 복용한다.","1) 이 제품 및 이 제품에 포함된 성분에 과민증이 있는 환자
2) 만 3개월 미만의 영아
3) 만 1세 미만의 영아


1) 의사의 치료를 받고 있는 환자
2) 과수산뇨증환자(hyperoxaluria : 뇨중에 과량의 수산염이 배설되는 상태)
3) 임부, 수유부
4) 심장&#8901;순환기계기능 장애 환자
5) 신장애 환자
6) 저단백혈증 환자


1) 이 제품의 투여에 의하여 다음의 증상이 있을 경우에는 복용을 중지하고 의사 또는 약사와 상의합니다.
: 구역, 구토, 설사, 위장관장애, 소화장애, 상복부통증, 구역질, 저혈압, 폐부종, 구토
2) 장기간 고용량을 투여할 경우 내성이 생길 수 있다.
3) 대량투여로 인해 구역, 구토 등의 위장증상, 고나트륨혈증, 울혈성심부전, 부종 등의 증상이 나타날 수 있다.


1) 정해진 용법&#8901;용량을 지킨다.
2) 어린이에 투여할 경우에는 보호자의 지도&#8901;감독하에 투여한다. 
3) 1개월 정도 투여하여도 증상의 개선이 없을 경우에는 의사 또는 약사와 상의한다.


1) 항알도스테론제, 트리암테렌과 병용투여시 고칼륨혈증을 일으킬 수 있으므로 주의할 것.
2) 이 제품을 투여할 경우에는 다음의 약제를 투여하지 말 것
가) 인산염, 칼슘염, 경구용테트라사이클린계 제제, 제산제
3) 녹차, 홍차 등 탄닌을 함유하는 차는 복용중, 복용전후에는 피할 것


1) 만 3개월 미만의 영아에게는 투여하지 말 것
2) 만 1세 미만의 영아에게는 투여하지 말 것


1) 각종 뇨검사시에 혈당의 검출을 방해할 수 있다. 


1) 어린이의 손이 닿지 않는 곳에 보관한다.
2) 직사광선을 피하고 될 수 있으면 습기가 적고 서늘한 곳에 밀전하여 보관한다.
3) 오&#8901;남용을 피하고, 품질을 보호&#8901;유지하기 위해 다른 용기에 넣지 않는다.",47210,[47210]저함량 비타민 및 미네랄 제제,(주)휴온스
201402119,비타민팩토리더블액,"육체피로, 임신 수유기, 병중 병후의 체력저하시의 비타민 B1,B2, B6, C의 보급, 기미주근깨 완화",만 14세 이상의 소아 및 성인: 1일 1회 1병을 복용한다,"1) 이 제품 및 이 제품에 포함된 성분에 과민증이 있는 환자
2) 만 3개월 미만의 영아


1) 의사의 치료를 받고 있는 환자
2) 과수산뇨증환자(hyperoxaluria : 뇨중에 과량의 수산염이 배설되는 상태)
3) 임부, 수유부


1) 이 제품의 투여에 의하여 다음의 증상이 있을 경우에는 복용을 중지하고 의사 또는 약사와 상의합니다 : 구역,구토,설사,묽은변
2) 장기간 고용량을 투여할 경우 내성이 생길 수 있다.
3) 피리독신을 1일 500㎎~2g의 용량으로 장기간 복용하면 감각신경병 또는 신경병적 증상(neuropathy : 말초신경계의 기능적 장애 또는 병적변화)이 나타날 수 있다
4) 고용량 투여에 의해 소화성 궤양을 촉진시키고 당내성 손상(glucose tolerance impairment : 신체의 포도당을 대사하는 능력 장애), 과요산혈증(hyperurisemia, 혈액중에 요산이 과잉으로 존재하는 상태), 간손상을 일으킬 수 있다


1) 정해진 용법&#8901;용량을 지킨다.
2) 어린이에 투여할 경우에는 보호자의 지도&#8901;감독하에 투여한다.
3) 1개월 정도 투여하여도 증상의 개선이 없을 경우에는 의사 또는 약사와 상의한다.


이 제품을 투여할 경우에는 다음의 약제를 투여하지 말 것 : 레보도파


1) 만 3개월 미만의 영아에게는 투여하지 말 것


1) 각종 뇨검사시에 혈당의 검출을 방해할 수 있다. 
2) 뇨를 황색으로 변하게 하여 임상검사치에 영향을 줄 수 있다. 


1) 어린이의 손이 닿지 않는 곳에 보관한다.
2) 직사광선을 피하고 될 수 있으면 습기가 적고 서늘한 곳에 밀전하여 보관한다.
3) 오&#8901;남용을 피하고, 품질을 보호&#8901;유지하기 위해 다른 용기에 넣지 않는다.",47210,[47210]저함량 비타민 및 미네랄 제제,해태에이치티비(주)
201401873,비타민팩토리액,"육체피로, 임신 수유기, 병중 병후의 체력저하시의 비타민 B1,B2, B6, C의 보급, 
기미주근깨 완화",만 14세 이상의 소아 및 성인: 1일 1회 1병을 복용한다,"1) 이 제품 및 이 제품에 포함된 성분에 과민증이 있는 환자
2) 만 3개월 미만의 영아


1) 의사의 치료를 받고 있는 환자
2) 과수산뇨증환자(hyperoxaluria : 뇨중에 과량의 수산염이 배설되는 상태)
3) 임부, 수유부


1) 이 제품의 투여에 의하여 다음의 증상이 있을 경우에는 복용을 중지하고 의사 또는 약사와 상의합니다 : 구역,구토,설사,묽은변
2) 장기간 고용량을 투여할 경우 내성이 생길 수 있다.
3) 피리독신을 1일 500㎎~2g의 용량으로 장기간 복용하면 감각신경병 또는 신경병적 증상(neuropathy : 말초신경계의 기능적 장애 또는 병적변화)이 나타날 수 있다
4) 고용량 투여에 의해 소화성 궤양을 촉진시키고 당내성 손상(glucose tolerance impairment : 신체의 포도당을 대사하는 능력 장애), 과요산혈증(hyperurisemia, 혈액중에 요산이 과잉으로 존재하는 상태), 간손상을 일으킬 수 있다


1) 정해진 용법&#8901;용량을 지킨다.
2) 어린이에 투여할 경우에는 보호자의 지도&#8901;감독하에 투여한다.
3) 1개월 정도 투여하여도 증상의 개선이 없을 경우에는 의사 또는 약사와 상의한다.


이 제품을 투여할 경우에는 다음의 약제를 투여하지 말 것 : 레보도파


1) 만 3개월 미만의 영아에게는 투여하지 말 것


1) 각종 뇨검사시에 혈당의 검출을 방해할 수 있다. 
2) 뇨를 황색으로 변하게 하여 임상검사치에 영향을 줄 수 있다. 


1) 어린이의 손이 닿지 않는 곳에 보관한다.
2) 직사광선을 피하고 될 수 있으면 습기가 적고 서늘한 곳에 밀전하여 보관한다.
3) 오&#8901;남용을 피하고, 품질을 보호&#8901;유지하기 위해 다른 용기에 넣지 않는다.",47210,[47210]저함량 비타민 및 미네랄 제제,해태에이치티비(주)
201705677,페이클리어정,"* 기미·주근깨의 완화
* 노년기의 비타민E 보급
* 육체피로, 임신·수유기, 병중·병후의 체력저하 시 비타민B2, C의 보급","만 8세 이상: 1일 2회, 1회 2정","1) 이 제품 및 이 제품에 포함된 성분에 과민증이 있는 환자
2) 만 3개월 미만의 영아
3) 이 약은 유당을 함유하고 있으므로, 갈락토오스 불내성(galactose intolerance), Lapp 유당분해효소 결핍증(Lapp lactase deficiency) 또는 포도당-갈락토오스 흡수장애(glucose-galactose malabsorption) 등의 유전적인 문제가 있는 환자에게는 투여하면 안 된다.


1) 의사의 치료를 받고 있는 환자
2) 과수산뇨증환자(hyperoxaluria: 뇨중에 과량의 수산염이 배설되는 상태)
3) 임부, 수유부


1) 이 제품의 투여에 의하여 다음의 증상이 있을 경우에는 복용을 중지하고 의사 또는 약사와 상의합니다.
 - 위부불쾌감, 설사, 변비, 발진, 발적, 구역, 구토
2) 이 제품의 투여에 의하여 생리가 예정보다 빨라지거나 양이 점점 많아질 수 있으며, 출혈이 오래 지속될 수도 있다.
3) 에스트로겐을 포함한 경구용 피임제를 복용하는 여성 또는 혈전성 소인이 있는 환자가 비타민E를 복용할 경우 혈전증의 위험이 증가될 수 있다.
4) 장기간 고용량을 투여할 경우 내성이 생길 수 있다.


1) 정해진 용법&#8901;용량을 지킨다.
2) 어린이에 투여할 경우에는 보호자의 지도 &#8901; 감독하에 투여한다.
3) 1개월 정도 투여하여도 증상의 개선이 없을 경우에는 의사 또는 약사와 상의한다.


1) 만 3개월 미만의 영아에게는 투여하지 말 것


1) 각종 뇨검사 시에 혈당의 검출을 방해할 수 있다.
2) 뇨를 황색으로 변하게 하여 임상검사치에 영향을 줄 수 있다.


1) 어린이의 손이 닿지 않는 곳에 보관한다.
2) 직사광선을 피하고 될 수 있으면 습기가 적고 서늘한 곳에 밀전하여 보관한다.
3) 오&#8901;남용을 피하고, 품질을 보호&#8901;유지하기 위해 다른 용기에 넣지 않는다.",47210,[47210]저함량 비타민 및 미네랄 제제,코오롱제약(주)
