prdkind,rawmtrl
소맥,소맥효소처리스테비아
소맥,소맥단백
소맥,볶음조미소맥분
소맥,밀백소맥뻥
소맥,혼합소맥전분
소맥,가공소맥분
소맥,알파소맥분
소맥,소맥전분
소맥,활성소맥글루텐
소맥,소맥
소맥,소맥분말
소맥,소맥배아및호분층
소맥,유기농소맥
소맥,소맥주정
소맥,밀황소맥뻥
소맥,소맥분
소맥,듀럼세몰리나소맥분
소맥,아파소맥
소맥,소맥글루텐
소맥,소맥미국산
소맥,알파소맥
소맥,알파소맥전분
계란,국내산계란
계란,누리웰깐계란
계란,삶은계란
계란,계란찜분말
계란,계란
계란,계란맛어포
계란,유기농계란
계란,계란스크램블
계란,계란노른자
계란,땅콩계란
계란,무항생제계란
계란,계란후레이크
계란,계란블럭
계란,계란말이후레이크
계란,계란난황립
계란,계란흰자분말
계란,계란흰자
계란,계란지단
계란,계란구이
계란,계란자숙액
계란,계란흰지분말
계란,계란고명
계란,계란과립
조개류함유,
잣,잣향
잣,잣
잣,잣페이스트
잣,유기농잣
우유가,
가리비,가리비추출물분말
가리비,가리비살
가리비,가리비
괘지고기,
함흥비빔냉면,
돼지고기,돼지고기목살
돼지고기,돼지고기
돼지고기,돼지고기등심
돼지고기,돼지고기용양념소스
돼지고기,돼지고기뒷다리
돼지고기,무항생제돼지고기
돼지고기,돼지고기안심
돼지고기,제주산흑돼지고기
돼지고기,다진돼지고기
돼지고기,돼지고기목뼈
돼지고기,수입냉동돼지고기
돼지고기,냉동돼지고기
돼지고기,돼지고기지방
돼지고기,국산돼지고기
돼지고기,돼지고기삼겹살
돼지고기,돼지고기베이스
돼지고기,돼지고기정육
돼지고기,유기농돼지고기
돼지고기,돼지고기갈비살
명산,명산
볶음분말,짜장볶음분말
볶음분말,양파비프볶음분말
볶음분말,흑미볶음분말
볶음분말,중화풍볶음분말
볶음분말,비프볶음분말
볶음분말,절임고추볶음분말
볶음분말,조미소고기볶음분말
볶음분말,표고버섯볶음분말
볶음분말,야채볶음분말
볶음분말,제육볶음분말
볶음분말,대두볶음분말
볶음분말,발효렌틸콩볶음분말
볶음분말,고추장볶음분말
볶음분말,렌틸콩볶음분말
팬케이크,
복숭아함유,
유래,과일유래유산균
돼고기,
탕콩,꿀탕콩
아황산나트륨함유,
유당,유당분해효소
유당,유당
유당,덱스트린유당
유당,유당코코아매스
유당,유당카제인나트륨
유당,유당분말
유당,유기농유당
유당,유당코코아버터
유당,유당혼합분말
유당,식물성유지유당유화제
유당,산양유당
유당,유당과즙분말
유당,밀키페이스트유당
고등어추출액,
우유제품,
호두마른정과,
쇠고기,쇠고기맛양념분말
쇠고기,쇠고기전골에스
쇠고기,쇠고기맛분
쇠고기,쇠고기맛
쇠고기,행복한맛남쇠고기맛국물내기
쇠고기,쇠고기추출액
쇠고기,쇠고기맛분말시즈닝
쇠고기,쇠고기맛조미료엔엠
쇠고기,쇠고기농축조미분
쇠고기,쇠고기진육
쇠고기,한그릇쇠고기우린액
쇠고기,쇠고기시즈닝오일
쇠고기,쇠고기치즈믹스
쇠고기,쇠고기일품다시
쇠고기,고풍미쇠고기분말
쇠고기,쇠고기간장분말
쇠고기,쇠고기양념분말골드
쇠고기,쇠고기육장
쇠고기,쇠고기엑기스
쇠고기,쇠고기육수농축액
쇠고기,쇠고기맛본다시
쇠고기,조미쇠고기분말
쇠고기,쇠고기농축엑기스
쇠고기,쇠고기미다시
쇠고기,쇠고기우린액
쇠고기,쇠고기농축페이스트
쇠고기,쇠고기풍미베이스
쇠고기,쇠고기맛플러스
쇠고기,다시다쇠고기
쇠고기,쇠고기육수
쇠고기,쇠고기다시마
쇠고기,쇠고기칩
쇠고기,쇠고기척롤
쇠고기,쇠고기엑기스페이스트
쇠고기,쇠고기맛베이스
쇠고기,쇠고기장국분말
쇠고기,쇠고기풍미유
쇠고기,갈비맛쇠고기후레이크
쇠고기,카레쇠고기맛씨즈닝
쇠고기,참맛쇠고기양념분말
쇠고기,쇠고기맛국물내기엔엠
쇠고기,쇠고기볶음맛분말
쇠고기,쇠고기다시다용분말
쇠고기,쇠고기조림분말
쇠고기,쇠고기추출분말
쇠고기,참맛매운쇠고기분말
쇠고기,쇠고기찬다시
쇠고기,쇠고기양념분말
쇠고기,쇠고기갈비
쇠고기,쇠고기소스
쇠고기,쇠고기분
쇠고기,쇠고기맛국물내기식
쇠고기,시아스다쇠고기
쇠고기,쇠고기맛나
쇠고기,맑은쇠고기추출농축액
쇠고기,진한쇠고기맛분말
쇠고기,쇠고기조미소스
쇠고기,쇠고기우린분말
쇠고기,건조조미쇠고기
쇠고기,유기농쇠고기
쇠고기,쇠고기육수베이스
쇠고기,효소분해쇠고기엑기스
쇠고기,다림쇠고기육수
쇠고기,쇠고기분해액
쇠고기,쇠고기맛내기
쇠고기,쇠고기다시
쇠고기,쇠고기장조림베이스
쇠고기,쇠고기고추장볶음
쇠고기,쇠고기육편
쇠고기,쇠고기
쇠고기,쇠고기그린다시
쇠고기,쇠고기야채베이스
쇠고기,쇠고기참다시
쇠고기,쇠고기국물농축액
쇠고기,쇠고기가루
쇠고기,쇠고기맛다시다
쇠고기,쇠고기추출물
쇠고기,쇠고기육수분말
쇠고기,쇠고기맛씨즈닝
쇠고기,쇠고기맛농축액
쇠고기,쇠고기맛드림다시
쇠고기,남쇠고기국물맛내기
쇠고기,양념쇠고기맛분말
쇠고기,쇠고기함유
쇠고기,쇠고기양념엑기스
쇠고기,피코크쇠고기국간장소스
쇠고기,쇠고기농축엑
쇠고기,쇠고기야채우린물
쇠고기,쇠고기수육
쇠고기,수입쇠고기갈비
쇠고기,쇠고기조미분말
쇠고기,쇠고기베이스
쇠고기,한우쇠고기엑기스
쇠고기,쇠고기사태엑기스
쇠고기,쇠고기부만엘
쇠고기,쇠고기페이스트
쇠고기,쇠고기전골
쇠고기,쇠고기농축분말
쇠고기,쇠고기효모농축액
쇠고기,볶음쇠고기베이스
쇠고기,다시쇠고기
쇠고기,쇠고기브이용
쇠고기,쇠고기분해농축액
쇠고기,쇠고기프리믹스
쇠고기,쇠고기다시다
쇠고기,효소분해쇠고기분말
쇠고기,쇠고기추출물분말
쇠고기,구운쇠고기분말
쇠고기,쇠고기맛조미료
쇠고기,쇠고기풍미분말
쇠고기,시아스다쇠고기골드
쇠고기,쇠고기엑기스분말
쇠고기,산들애쇠고기
쇠고기,행복한맛남쇠고기국물맛내기
쇠고기,효소분해쇠고기엑기스분말
쇠고기,쇠고기조미유
쇠고기,쇠고기맛국물내기분말엔엠
쇠고기,쇠고기풍미분말씨
쇠고기,고풍미쇠고기맛분말
쇠고기,쇠고기분말
쇠고기,쇠고기정육추출액
쇠고기,쇠고기진국다시
쇠고기,쇠고기맛혼합양념
쇠고기,농축쇠고기엑기스
쇠고기,쇠고기맛분말
쇠고기,쇠고기하이미
쇠고기,수입냉동쇠고기
쇠고기,조미쇠고기맛후레이크
쇠고기,쇠고기농축액
쇠고기,쇠고기향미분말
쇠고기,쇠고기베이스분말
쇠고기,쇠고기분말엔
쇠고기,무항생제쇠고기
쇠고기,쇠고기농축엑기스분말
쇠고기,진한쇠고기맛양념
쇠고기,쇠고기하이마
쇠고기,한우쇠고기분말
쇠고기,볶음쇠고기
쇠고기,조미건조쇠고기
쇠고기,쇠고기맛국물내기와이
쇠고기,쇠고기진한다시
쇠고기,쇠고기맛다시
쇠고기,쇠고기브이용분말
쇠고기,쇠고기맛국물내기
홍합,홍합엑기스
홍합,생홍합엑기스
홍합,홍합지미베이스분말
홍합,건홍합
홍합,홍합추출농축액
홍합,진한홍합가루
홍합,홍합농축액
홍합,홍합조미분말
홍합,홍합
홍합,홍합살
홍합,홍합짬뽕베이스
홍합,홍합농축분말
홍합,홍합조미추출물
홍합,홍합맛분말
홍합,홍합가루
홍합,홍합포함
홍합,홍합베이스분말
홍합,홍합분말
홍합,홍합볼
홍합,건조홍합
홍합,오징어조미분말홍합엑기스분말
홍합,홍합추출물
홍합,멸치홍합스톡
홍합,홍합조미분
홍합,홍합엑기스분말
밀함유식품,
아황산류,아황산류
토마토함유,
게농축액,게농축액분말
게농축액,붉은대게농축액
게농축액,꽃게농축액
게농축액,게농축액
새우가루,새우가루
메밀함유,
오징어,오징어먹물추출분말
오징어,오징어엑스분말
오징어,오징어추출물
오징어,오징어추출페이스트
오징어,오징어해씨볼
오징어,오징어양념분말
오징어,건조오징어
오징어,오징어육
오징어,오징어찌개분말
오징어,오징어맛후레이크
오징어,조미오징어분말
오징어,오징어조미후레이크
오징어,오징어채
오징어,오징어조미분말
오징어,베베오징어
오징어,오징어먹물색소
오징어,오징어볼어묵
오징어,오징어풍미료
오징어,오징어향
오징어,아메리카대왕오징어
오징어,오징어엑기스
오징어,오징어귀
오징어,오징어씨즈닝
오징어,오징어
오징어,오징어페이스트
오징어,오징어맛조미분말
오징어,오징어반응엑기스
오징어,오징어후레이크
오징어,오징어분말티케이에프
오징어,오징어베이스
오징어,오징어어묵
오징어,오징어베이스분말
오징어,조미썰은오징어
오징어,건오징어
오징어,오징어살
오징어,동결건조오징어
오징어,오징어분말
오징어,갑오징어
오징어,버터구이오징어맛시즈닝
오징어,오징어추출물분말
오징어,자숙오징어
오징어,오징어농축분말
오징어,오징어볶음양념장
오징어,면중오징어
오징어,오징어엑기스분말
오징어,오징어링후레이크
오징어,오징어다이스
오징어,오징어조미액
오징어,오징어풍미분말
오징어,오징어농축액
오징어,조미찢은오징어
오징어,구운오징어향
오징어,오징어조미분말홍합엑기스분말
오징어,조미오징어몸
오징어,대왕오징어
오징어,오징어풍미페이스트
오징어,오징어다리
오징어,오징어맛농축액
오징어,조미오징어
오징어,오징어를
오징어,철판구이슬림오징어
오징어,건미역조미오징어분말
오징어,오징어족
오징어,육포맛오징어시즈닝
오징어,오징어분말티케이
오징어,매운오징어덮밥
오징어,갑오징어분말
오징어,오징어땡
오징어,오징어문어추출물분말
굴포함,
대두,대두볼
대두,부분경화대두유
대두,볶음대두분
대두,수용성대두다당류
대두,대두분등
대두,대두액
대두,조직농축대두단백
대두,대두재래된장
대두,대두단백분발
대두,대두응고제
대두,대두다낵
대두,대두단백후레이크
대두,대두형
대두,미트프로엠대두단백
대두,조미대두단백
대두,대두산백
대두,대두함유
대두,찐대두분
대두,대두조직단백
대두,대두인지질
대두,조직화대두단백
대두,콩단백발효액대두
대두,발효대두추출혼합분말
대두,유기농탈지대두
대두,찐대두분말
대두,대두분리단백
대두,탈지대두후레이크
대두,탈지대두단백
대두,대두분리단백너겟
대두,대두고형분
대두,볶음대두분말
대두,대두화이바
대두,무농약대두분
대두,탈지대두분
대두,대두분
대두,분리대두단백
대두,대두콩
대두,정제대두유
대두,건조대두단백
대두,대두단백분말
대두,대두경화유
대두,알피탈지대두분
대두,무농약대두
대두,발효대두페이스트
대두,탈지대두분말
대두,미배아대두발효추출물
대두,대두너겟
대두,대두유
대두,양파대두단백
대두,대두에스테르화유
대두,대두추출물분말
대두,간장대두
대두,대두
대두,대두당백
대두,경화대두유
대두,알파탈지대두분
대두,대두다당
대두,농출대두단백
대두,대두유액
대두,대두볶음콩가루
대두,대두레시틴
대두,입자성대두단백
대두,가수분해대두단백
대두,대두분말
대두,대두식이섬유결정과당
대두,유기농대두
대두,농축대두단백월콘에스제이
대두,대두조직단백질
대두,조직대두단백
대두,대두펩타이드
대두,대두가루
대두,대두레시틴분말
대두,알파대두분
대두,대두화이버
대두,유기농대두유
대두,농추대두단백
대두,농축대두단백
대두,대두볶음분말
대두,대두난백
대두,대두식이섬유
대두,볶음탈지대두분
대두,대두리세틴
대두,입상대두단백
대두,가수분해대두단백질
대두,탈지대두인도산
대두,탈지대두
대두,유기대두유
대두,대두다당유
대두,대두이소플라본
대두,볶은대두분말
대두,대두류
대두,대두유혼합제제
대두,대두다당류
대두,분리대두단백너겟
대두,볶은대두분
대두,부리대두단백
대두,국산대두
대두,대두발효펩타이드
대두,대두단백
오징어함유,
현미유과,현미유과
대듀,
소맥분,볶음조미소맥분
소맥분,가공소맥분
소맥분,알파소맥분
소맥분,소맥분말
소맥분,소맥분
소맥분,듀럼세몰리나소맥분
우유포함,우유포함
우유포함,농축우유포함
돼지,돼지불고기
돼지,돼지목심살
돼지,돼지고기목살
돼지,소들녘돼지양념소스
돼지,돼지감자과즙농축액
돼지,돼지고기
돼지,돼지곱창
돼지,돼지고기등심
돼지,돼지갈매기살
돼지,돼지삼겹
돼지,돼지고기용양념소스
돼지,돼지정육
돼지,돼지고기뒷다리
돼지,돼지머리고기
돼지,흑돼지
돼지,돼지껍데기
돼지,양념돼지불고기
돼지,삶은돼지곱창
돼지,무항생제돼지고기
돼지,돼지등뼈추출물
돼지,돼지갈비양념장
돼지,돼지소창
돼지,돼지고기안심
돼지,삶은돼지막창
돼지,흑돼지구이용
돼지,돼지지육
돼지,양념소스돼지장
돼지,돼지갈비
돼지,돼지장족
돼지,유기농돼지감자농축액
돼지,제주산흑돼지고기
돼지,돼지지방
돼지,돼지
돼지,다진돼지고기
돼지,돼지갈비살
돼지,돼지앞다리
돼지,돼지감자분말
돼지,돼지고기목뼈
돼지,돼지감자농축액
돼지,돼지간
돼지,돼지오돌뼈
돼지,돼지등갈비
돼지,돼지소장
돼지,수입냉동돼지고기
돼지,돼지족
돼지,돼지족발
돼지,냉동돼지고기
돼지,돼지껍질
돼지,돼지뼈추출물
돼지,돼지갈비양념
돼지,꿀맛돼지갈비장
돼지,돼지목살
돼지,다진돼지고긱
돼지,돼지등뼈
돼지,돼지뼈
돼지,돼지선지
돼지,돼지고기지방
돼지,돼지삼겹살
돼지,허브돼지막창
돼지,돼지불고기양념
돼지,돼지뒷다리
돼지,국산돼지고기
돼지,돼지고기삼겹살
돼지,돼지고기베이스
돼지,돼지고기정육
돼지,돼지전지
돼지,돼지사태
돼지,돼지감자
돼지,돼지안심살
돼지,유기농돼지고기
돼지,돼지등심
돼지,돼지막창
돼지,돼지고기갈비살
돼지,돼지뒷다리살
돼지,제주돼지갈릭구이
건식빵가루,건식빵가루
난류함유,
대두함유,대두함유
조미유부,건조조미유부
조미유부,조미유부
돼지고기함유식품,
이제품은,
쇠고기를,
소고기함유,
게,게농축액분말
게,꽃게짬뽕해물건더기
게,가라아게배터믹스
게,가라아게염지제
게,콜라겐게이싱
게,붉은대게농축분말
게,스파게티소스분말
게,붉은대게살
게,게살오므라이스
게,믹스넛투게더
게,토마토스파게티소스
게,가라게알파믹스
게,부대찌게향미유
게,게맛살조미후레이크
게,동결건조스파게티면
게,붉은대게농축액
게,홍게
게,꽃게추출물
게,붉은대게자숙액
게,튀긴꽃게오일
게,스파게티
게,게맛살
게,스파게티소스
게,게엑기스
게,붉은대게엑기스
게,게엑기스분말
게,쓰리인원내츄럴믹스게향
게,크림스파게티베이스
게,페스토스파게티야채건더기
게,게라닐아세테이트
게,붉은대게농축페이스트
게,꽃게탕분말스프
게,일동락토바실루스스포로게네스
게,게랑드천일염
게,냉동붉은대게살
게,구운꽃게엑기스
게,꽃게씨즈닝분말
게,스파게티면
게,홍게살
게,토마토스파게티소스분말
게,홍게다리살
게,동결건조토마토스파게티
게,꽃게엑기스
게,마르게리타다이스토마토
게,멍게
게,울진붉은대게
게,대게페이스트
게,부대찌게맛분말
게,게향
게,홍게맛살
게,콘베리게이트
게,크림스파게티분말
게,조미게엑기스분말
게,게추출농축액
게,꽃게
게,짜파게티맛시즈닝
게,꽃게농축액
게,다시마게
게,투게더클래식
게,게란후레이크
게,홍게엑기스분말
게,가라아게믹스므
게,치킨엑게스
게,꽃게짬뽕
게,꽃게베이스
게,유게놀
게,말토게닉아밀라아제
게,붉은대게다리살
게,크림스파게티소스
게,꽃게풍미베이스
게,칠리토마토스파게티소스
게,게농축액
게,게
게,유화게
게,게다리살
게,게라나올
게,꽃게풍미유
게,꽃게탕액상스프
게,게엑기스엔엠
게,꽃게탕면건더기
게,생강엑게스분말
게,가라아게배터
게,레드가라게믹스
게,스파게티용믹스
게,꽃게추출물분말
게,냉동게
게,스파게티소스시즈닝믹스
게,게랑드소금
조개루,
난백,난백백분말
난백,동결난백
난백,난백파우더
난백,난백가루
난백,난백파우다
난백,분말난백
난백,냉동난백
난백,난백분말
난백,난백액
난백,유난백
난백,난백
난백,난백류
난백,글리신분말난백
난백,살균난백액
난백,대두난백
난백,난백분
양조간장,오푸드유기농양조간장
양조간장,유기동양조간장
양조간장,본양조간장
양조간장,양조간장분말
양조간장,발효양조간장시즈닝
양조간장,양조간장페이스트
양조간장,양조간장
양조간장,양조간장조미분말
양조간장,유기농양조간장
양조간장,연한양조간장원액
양조간장,양조간장원액
양조간장,탈염농축양조간장
양조간장,조미양조간장분말
쇠구기함유,
돈지,돈지쇼트닝
돈지,정제돈지
돈지,조미돈지분말
돈지,식용돈지
돈지,돈지
돈지,돈지방
돈지,오모리묵은지돈지
돈지,조미돈지
돈지,돈지쇼트닝프리
본,본고장데우찌면
본,본소
본,아이본
본,갈비본살
본,일본
본,본양조간장
본,양념소갈비본살구이
본,쇠고기맛본다시
본,비본오일분말
본,치킨본엑스
본,치킨본엑기스
본,일본식
본,치킨본추출액
본,치킨본육추출물
본,일본산
본,카라멜리본
본,비프레그본익스트렉트
본,치킨본베이스
본,대두이소플라본
본,피프본밀
본,비프본오일분말
본,본펩
달걀,달걀
함유식품,
타요견과,타요견과
아황산류함유,
호두함유,
아황산나트륨,메타중아황산나트륨
아황산나트륨,차아황산나트륨
아황산나트륨,산성아황산나트륨
아황산나트륨,산선아황산나트륨
아황산나트륨,아황산나트륨
새우,건새우분말
새우,자숙새우
새우,새우오일
새우,새우맛덴카츠시즈닝
새우,새우추출분말엔엠
새우,농축새우분말
새우,새우씨즈닝
새우,새우맛볼후레이크
새우,밥새우
새우,새우엑기스
새우,새우펠렛
새우,새우를
새우,새우어묵
새우,새우액젓
새우,새우추출분말
새우,새우분말에스
새우,흰다리새우
새우,새우젓쪽파
새우,구운꽃새우우린육수
새우,새우맛조미유
새우,새우살어묵
새우,건조새우
새우,새우베이스
새우,갈아만든광천토굴새우젓
새우,조미새우분말
새우,종가집새우액젓
새우,새우풍미유
새우,새우탕베이스
새우,새우가루
새우,새우조미분말
새우,새우젓
새우,새우함유
새우,새우모양후레이크
새우,새우엑기스분말
새우,새우소금구이맛시즈닝
새우,새우분
새우,갈은냉동새우
새우,진한새우액젓
새우,꽃새우엑기스
새우,새우추출농축액
새우,홍새우
새우,새우젓발효원액
새우,새우탕맛베이스
새우,새우조미시즈닝
새우,깐풍새우맛시즈닝
새우,새우엑기스분말엔엠
새우,새우맛분말
새우,볶음새우분말
새우,새우농축액
새우,생새우
새우,새우추출물
새우,새우분태분말
새우,꽃새우시즈닝오일
새우,도화새우분말
새우,새우볶음밥용조미액
새우,냉동홍새우
새우,구운새우맛시느징
새우,새우땅콩볼
새우,염장새우
새우,새우
새우,새우추출물분말
새우,새우마요맛씨즈닝
새우,새우시즈닝분말
새우,볶음새우
새우,새우베이스분말
새우,조미새우
새우,참맛새우
새우,진한새우엑기스
새우,자맛새우짬뽕액상스프
새우,새우분말
새우,냉동새우
새우,건조조미새우
새우,솔솔새우
새우,새우씨즈닝분말
새우,새우크래커
새우,새우맛시즈닝
새우,수염새우
새우,구운보리새우우린육수
새우,새우조미액
새우,새우맛볼
새우,새우살
새우,새우형맛살
새우,건새우
새우,흰다리새우살
새우,새우밑국물
새우,새우풍미분
새우,새우젓분말
새우,새우농축페이스트
오징어새우,
밀,통메밀
밀,우리밀밀가루
밀,밀크티크림
밀,가쓰오부시맛메밀스프
밀,밀크리스피
밀,녹차밀
밀,밀크크림향
밀,유기밀가루
밀,크림밀크향
밀,알파메밀분
밀,밀분해액
밀,딸기밀
밀,밀시럽
밀,밀제조전분
밀,밀크초코크림
밀,밀단백추출물
밀,티코밀크초코
밀,아밀라아제
밀,그라함밀
밀,제일제면소혼합메밀가루
밀,치즈밀떡
밀,통밀
밀,밀현미
밀,활성밀글루텐
밀,밀크향베이스
밀,이소밀토올리고당
밀,유장밀
밀,밀단백
밀,밀키마그네슘
밀,자맛메밀막국수건더기
밀,발아통밀가루
밀,밀크바닐라향
밀,오트밀현미분말
밀,자맛메밀냉소바액상스프
밀,밀플레이크
밀,밀분해추출물에이
밀,밀크버드
밀,버터밀크파우더
밀,밀함유
밀,밀크오일
밀,박력밀가루
밀,로만밀베이커스믹스
밀,후레쉬밀크향
밀,버터바닐라밀크향
밀,밀크씨슬추출분말
밀,호밀분말
밀,동충하초밀리타리스
밀,유기농밀
밀,발아밀가루
밀,밀키페이스트
밀,통밀분말
밀,중앙전지밀
밀,밀크튜브
밀,낙우밀
밀,당밀
밀,온주밀감
밀,밀백소맥뻥
밀,맥아호밀가루
밀,활성밀글루텐유화제
밀,유기농통밀가루
밀,밀전분
밀,밀분해농축액
밀,밀크크럼
밀,우리밀간장
밀,통밀플레이크
밀,데일리밀키
밀,푸르밀유크림
밀,밀크리피드
밀,메밀가루
밀,호밀가루
밀,밀크씨추출물
밀,밀크아이스크림향
밀,무농약백밀가루
밀,허쉬밀크초콜릿칩
밀,우리밀발아통밀가루
밀,볶은밀
밀,기타밀가루
밀,우리밀튀김가루
밀,밀크
밀,리치밀감자전분가공품
밀,밀분해추출물
밀,스위트밀키시즈닝
밀,코코넛밀크액
밀,통호밀플레이크
밀,밀쌀분
밀,당밀시럼
밀,리얼밀크초콜릿
밀,통밀후레이크씨리얼
밀,밀납
밀,메밀생면용건더기
밀,밀크초콜렛향분말
밀,밀블랜
밀,멀티밀레감자전분
밀,허니밀크씨즈닝
밀,무농약우리밀
밀,자맛메밀냉소바건더기
밀,볶음메밀가루
밀,우거지밀링
밀,밀크크럼향
밀,크리밀
밀,밀리터리스
밀,통밀분
밀,메밀쌀
밀,바나나밀크향
밀,오트밀
밀,밀조제전분
밀,가공밀가루
밀,밀크칼슘
밀,찐밀쌀가루
밀,밀크향분말
밀,영양강화밀가루
밀,밀크칼슘파우더
밀,밀크에멀죤
밀,국내산밀
밀,무농약우리밀백밀가루
밀,밀
밀,세전당밀
밀,콘밀
밀,아마밀
밀,볶음메밀분말
밀,밀발효물
밀,밀크크림
밀,밀가
밀,이소아밀부틸레이트
밀,밀감농축액
밀,코코넛밀크
밀,브라운밀크분말
밀,팽화밀가루
밀,유기농밀가루
밀,우리밀
밀,밀단백질
밀,오트밀분말
밀,밀쌀
밀,우리밀춘장
밀,밀크베이스
밀,혼합메밀가루
밀,밀크런치
밀,아파아밀라아제
밀,밀새싹
밀,우리백밀가루
밀,밀크씨슬추출물에스
밀,밀가류
밀,통밀가루강력
밀,밀단백농축분말
밀,밀감꿀
밀,밀단백분말
밀,타타리메밀
밀,락토밀
밀,전지밀
밀,버터밀크분말
밀,통밀가루
밀,밀크혼합분말
밀,호밀농축액
밀,밀싹
밀,건조분말당밀
밀,통밀식빵
밀,밀크농축분말
밀,밀크시슬추출액
밀,프리믹스메밀
밀,밀쌀가루
밀,밀가루풀
밀,호밀식이섬유
밀,아이스밀크
밀,밀추출물
밀,조미밀단백
밀,메밀가루프리믹스
밀,호밀
밀,밀크바나나맛씨즈닝
밀,밀크시즈닝
밀,밀크카라멜향
밀,탈지밀
밀,발아밀분말
밀,알파아밀라제
밀,밀크인핸서
밀,유기농코코넛밀크
밀,후레쉬밀키메스
밀,코코넛밀크파우더
밀,혼합제제밀가루
밀,호밀발효종
밀,버터밀크
밀,밀글루텐
밀,논팻밀크
밀,밀크쉐이크
밀,로우슈가밀크초콜릿
밀,우리밀구운빵가루
밀,밀리타리스동충하초
밀,코코넛밀크파우다
밀,우리밀백밀가루
밀,퓨어밀크초콜릿청크
밀,밀황소맥뻥
밀,고운통밀가루
밀,밀락골드
밀,밀감
밀,밀크필링
밀,밀가루
밀,자맛황태메밀막국수건더기
밀,알파밀가루
밀,우리밀진간장
밀,밀크혼합문말
밀,밀크롤링시트
밀,밀크초코크럼
밀,자맛메밀막국수액상스프
밀,듀럼밀
밀,무농약밀가루
밀,볶은달단메밀
밀,밀크향
밀,알파밀쌀가루
밀,알파아밀레아제
밀,크럼밀크향
밀,말토게닉아밀라아제
밀,발아통밀
밀,볶음밀
밀,밀크씨슬추출액
밀,후레쉬밀키에스
밀,무농약우리밀빵가루
밀,밀크씨슬추출물
밀,알파아밀라아제
밀,밀크초콜릿
밀,밀크맛시럽
밀,이소아밀이소발러레이트
밀,가나디럭스밀크스위트
밀,복분자밀
밀,소밀
밀,볶은메밀가루
밀,밀순분말
밀,알파아밀아아제
밀,코코넛밀크분말
밀,밀크레진
밀,강력밀가루
밀,밀크카라멜
밀,밀브랜
밀,패밀리밀크초콜릿
밀,말랑밀떡볶이떡
밀,밀크테이스트분말향
밀,밀식이섬유
밀,우리밀가루
밀,전립밀가루
밀,호밀플레이크
밀,우리밀고추장
밀,메밀가루혼합분말
밀,당밀분말
밀,통호밀
밀,우리밀빵가루
밀,밀크퍼키에이트
밀,볶은통밀분말
밀,피프본밀
밀,건조당밀
밀,호밀분
밀,밀크바닐라분말향
밀,크림밀크분말
밀,땅콩밀키
밀,밀키페이스트유당
밀,밀크맛분말
밀,밀크쨈
밀,밀크씨슬분말
밀,중력밀가루
밀,당밀시럽
밀,우리밀통밀가루
밀,메밀
밀,볶음메밀분
닭고기,유기농닭고기
닭고기,닭고기추출농축액
닭고기,닭고기정육
닭고기,조미닭고기후레이크
닭고기,닭고기맛분말씨즈닝
닭고기,닭고기향가루
닭고기,닭고기분쇄육
닭고기,닭고기살
닭고기,닭고기맛분말시즈닝
닭고기,닭고기고명
닭고기,닭고기향
닭고기,액상스프중닭고기함량
닭고기,닭고기분해액
닭고기,닭고기조미분말
닭고기,닭고기지방
닭고기,국산닭고기
닭고기,조미닭고기후레이트
닭고기,닭고기안심
닭고기,농축닭고기부용
닭고기,마이일반응된닭고기향
닭고기,닭고기진육
닭고기,닭고기우엉덮밥
닭고기,베베닭고기
닭고기,닭고기
닭고기,닭고기맛베이스
닭고기,무항생제닭고기
유청,유청
유청,유청단백질
유청,유기농고단백유청분말
유청,수용성유청칼슘분말
유청,유청농축단백분말
유청,유청농축단백질
유청,유기농탈염유청분말
유청,탈염유청분말농축유청단백
유청,농축유청단백
유청,탈염유청혼합탈지분유
유청,가공유청분말제이
유청,유기농유청단백분말
유청,호박씨유청분말
유청,유청분리단백
유청,탈염유청퍼미에이트
유청,탈염유청분말
유청,유청칼슘
유청,유청분
유청,농축유청
유청,농유청단백
유청,가공유청분말제아
유청,분리유청단백
유청,산양유청단백
유청,유청분말에스
유청,가수분해유청단백질
유청,농축유청단백분말
유청,유청단백
유청,농축유청액
유청,농축유청단백질
유청,유청단백질채종유
유청,유청농축단백
유청,유청퍼메이트
유청,유청단백가수분해물
유청,분리유청단백분말
유청,가공유청분말
유청,고단백유청분말
유청,탈염유청
유청,유청부말
유청,가수분해유청단백
유청,유청단백농축분말
유청,유청원유
유청,유기농농축유청단백
유청,유청단백분말
유청,유청단백질분말
유청,유청분말
유청,초유농축유청단백
유청,유기농유청분말
밀함유,밀함유
토마도,
밀쌀,밀쌀분
밀쌀,메밀쌀
밀쌀,찐밀쌀가루
밀쌀,밀쌀
밀쌀,밀쌀가루
밀쌀,알파밀쌀가루
헤이즐넛,헤이즐넛초코크림
헤이즐넛,헤이즐넛페이스트
헤이즐넛,천연헤이즐넛행
헤이즐넛,헤이즐넛프랄린
헤이즐넛,헤이즐넛분말
헤이즐넛,헤이즐넛페이스트분말
헤이즐넛,헤이즐넛액
헤이즐넛,천연헤이즐넛향
헤이즐넛,헤이즐넛
헤이즐넛,구운헤이즐넛
헤이즐넛,헤이즐넛향
헤이즐넛,헤이즐넛초코시럽
헤이즐넛,헤이즐넛스프레드위드코코아
닭가슴살,닭가슴살복합시즈닝
닭가슴살,발효닭가슴살
닭가슴살,굽네닭가슴살오리지널씨즈닝
닭가슴살,국내산닭가슴살
닭가슴살,국내산닭가슴살정육
닭가슴살,조미닭가슴살후레이크
닭가슴살,닭가슴살용염지제
닭가슴살,닭가슴살정육
닭가슴살,닭가슴살순양념
닭가슴살,닭가슴살분말
닭가슴살,무항생제닭가슴살
닭가슴살,닭가슴살
닭가슴살,힘닭가슴살
닭가슴살,그릴닭가슴살용염지제
닭가슴살,갈릭닭가슴살용염지제
닭가슴살,아임닭가슴살시즈닝
메밀,통메밀
메밀,가쓰오부시맛메밀스프
메밀,알파메밀분
메밀,제일제면소혼합메밀가루
메밀,자맛메밀막국수건더기
메밀,자맛메밀냉소바액상스프
메밀,메밀가루
메밀,메밀생면용건더기
메밀,자맛메밀냉소바건더기
메밀,볶음메밀가루
메밀,메밀쌀
메밀,볶음메밀분말
메밀,혼합메밀가루
메밀,타타리메밀
메밀,프리믹스메밀
메밀,메밀가루프리믹스
메밀,자맛황태메밀막국수건더기
메밀,자맛메밀막국수액상스프
메밀,볶은달단메밀
메밀,볶은메밀가루
메밀,메밀가루혼합분말
메밀,메밀
메밀,볶음메밀분
땅콩볶음분,땅콩볶음분
유우,
조개류,조개류
돈혈,돈혈
굴을,
계산,
돈지방,돈지방
알파소맥,알파소맥분
알파소맥,알파소맥
알파소맥,알파소맥전분
떡볶이떡,한입떡볶이떡
떡볶이떡,쌀떡볶이떡
떡볶이떡,떡볶이떡
떡볶이떡,말랑밀떡볶이떡
피칸,피칸
피칸,구운피칸
피칸,허니버터피칸
피칸,피칸분태
밀가루,우리밀밀가루
밀가루,유기밀가루
밀가루,제일제면소혼합메밀가루
밀가루,발아통밀가루
밀가루,박력밀가루
밀가루,발아밀가루
밀가루,맥아호밀가루
밀가루,유기농통밀가루
밀가루,메밀가루
밀가루,호밀가루
밀가루,무농약백밀가루
밀가루,우리밀발아통밀가루
밀가루,기타밀가루
밀가루,볶음메밀가루
밀가루,가공밀가루
밀가루,영양강화밀가루
밀가루,무농약우리밀백밀가루
밀가루,팽화밀가루
밀가루,유기농밀가루
밀가루,혼합메밀가루
밀가루,우리백밀가루
밀가루,통밀가루강력
밀가루,통밀가루
밀가루,밀가루풀
밀가루,메밀가루프리믹스
밀가루,혼합제제밀가루
밀가루,우리밀백밀가루
밀가루,고운통밀가루
밀가루,밀가루
밀가루,알파밀가루
밀가루,무농약밀가루
밀가루,볶은메밀가루
밀가루,강력밀가루
밀가루,우리밀가루
밀가루,전립밀가루
밀가루,메밀가루혼합분말
밀가루,중력밀가루
밀가루,우리밀통밀가루
난황,냉동난황
난황,가당난황분말
난황,난황액피엘
난황,난황파우더
난황,난황색
난황,가당난황액
난황,난황분
난황,난황립
난황,난황액
난황,가당난황
난황,계란난황립
난황,난황
난황,유정가염난황
난황,난황오일
난황,난황분말
난황,가염난황액
난황,난황액에스
난황,가염난황
난황,유기농난황액
난황,난황액오티
호두,호두알갱이
호두,콩고물호두
호두,호두향
호두,호두
호두,호두혼합견과페이스트
호두,호두유
호두,호두이상국산
호두,당코팅호두분태
호두,호두분태
호두,호두살
호두,허니버터호두
호두,호두분
호두,호두향분말
호두,호두액
호두,호두페이스트
호두,호두분말
새우엑기스,새우엑기스
새우엑기스,새우엑기스분말
새우엑기스,꽃새우엑기스
새우엑기스,새우엑기스분말엔엠
새우엑기스,진한새우엑기스
닭,닭
닭,아임닭
닭,즉석닭육수
닭,닭추출농축베이스
닭,화끈한불닭소스
닭,닭똥집
닭,통닭
닭,닭뼈
닭,유기농닭고기
닭,닭염통
닭,닭강정시즈닝믹스
닭,닭추출액
닭,닭고기추출농축액
닭,무뼈닭발
닭,닭고기정육
닭,조미닭고기후레이크
닭,안동식찜닭소스
닭,불닭맛씨즈닝
닭,닭고기맛분말씨즈닝
닭,닭고기향가루
닭,닭자숙액
닭,햇불닭소스
닭,닭고기분쇄육
닭,매운닭갈비소스
닭,닭고기살
닭,닭고기맛분말시즈닝
닭,닭고기고명
닭,닭가슴살복합시즈닝
닭,발효닭가슴살
닭,닭다리살
닭,닭유수
닭,닭육수
닭,닭고기향
닭,닭곱창
닭,굽네닭가슴살오리지널씨즈닝
닭,불닭맛씨즈닝에스와이
닭,동해닭강정염지제
닭,국내산닭가슴살
닭,닭근위
닭,국내산닭가슴살정육
닭,닭발육수
닭,조미닭가슴살후레이크
닭,닭가슴살용염지제
닭,삶은닭다리살
닭,매콤불닭양념
닭,닭발효소분해물
닭,액상스프중닭고기함량
닭,닭강정핫베이스
닭,하림닭육수
닭,불닭볶음맛씨즈닝
닭,닭고기분해액
닭,불오닭소스
닭,통닭발
닭,매콤닭발양념장
닭,닭발
닭,닭다리
닭,불닭소스
닭,치즈불닭맛씨즈닝
닭,치즈불닭소스
닭,아임닭카레
닭,닭육수분말베이스
닭,달콤한닭강정소스
닭,닭고기조미분말
닭,닭가슴살정육
닭,닭안심
닭,닭고기지방
닭,닭가슴살순양념
닭,국산닭고기
닭,닭볶음탕양념
닭,허닭시즈닝
닭,하림닭육슈
닭,닭간
닭,닭가슴살분말
닭,무뼈닭발양념
닭,닭다리정육
닭,닭강정맛소스
닭,조미닭고기후레이트
닭,매콤한닭강정소스
닭,화끈불닭소스
닭,닭갈비조미분
닭,불닭볶음맛떡볶이시즈닝
닭,삶은닭발
닭,닭스킨
닭,닭고기안심
닭,닭정육
닭,농축닭고기부용
닭,아임닭소스
닭,닭갈비용양념매운맛
닭,아임닭프랑크소시지시즈닝
닭,수비드닭다리살
닭,불닭구이소스
닭,닭조림양념장
닭,닭갈비볶음
닭,닭볶음소스
닭,마이일반응된닭고기향
닭,닭고기진육
닭,닭고기우엉덮밥
닭,닭육수농축액
닭,닭발발
닭,삼계닭
닭,닭강정파우더
닭,닭갈비맛양념장
닭,무항생제닭가슴살
닭,닭강정소스
닭,닭가슴살
닭,힘닭가슴살
닭,찜닭소스
닭,닭백숙분말
닭,진한닭육수
닭,닭살
닭,닭갈비맛분말
닭,그릴닭가슴살용염지제
닭,핵불닭볶음면소스
닭,비비고닭곰탕육수
닭,닭날개
닭,국물진한닭발육수
닭,닭육수분말
닭,베베닭고기
닭,닭고기
닭,조미닭후레이크
닭,갈릭닭가슴살용염지제
닭,닭고기맛베이스
닭,닭다리형펠렛
닭,아임닭가슴살시즈닝
닭,무항생제닭고기
닭,닭갈비소스
우유함유식품,
유유,함유유지
유유,유유락
유유,분유유크림
유유,팜올레인에스테르화유유
유유,유유
이,향신지미베이스
이,황태해장국베이스
이,제이인산안모늄
이,슬라이스올리브
이,파라다이스넛
이,복합스파이스알에스
이,수프후레이버
이,파라다이스넛추출분말
이,꽃송이버섯균사체분말
이,토마토페이스토
이,마이배터믹스
이,다이제초코렛
이,장수베이스
이,로마노치즈페이스트
이,파슬리플레이크
이,캠핑용스파이스
이,들깨페이스트
이,이노신산
이,이스트농축
이,그레이티드파마산치즈
이,육스맛조미베이스
이,뉴틀레오타이드혼합제제
이,건표고버섯후레이크
이,간장양념베이스
이,생강페이스트
이,스파이시믹스파우더
이,에스와이
이,화이트초코칩
이,스테비오사이드
이,비프맛베이스조미분말
이,실리콘디옥사이드
이,양념베이스
이,스파이스
이,핫스파이스시즈닝분말
이,하이겔
이,팽이버섯
이,핫테이스트시즈닝
이,삼계탕베이스분말
이,콜라켄케이싱
이,양념해물베이스
이,호두알갱이
이,진베이스
이,바닐라페이스트
이,엠엔와이
이,다다기오이
이,닭추출농축베이스
이,화이트페퍼
이,용해형올스파이스향신조미료
이,아사이베리과즙
이,화이바졸
이,메이스
이,오렌지식이섬유
이,후렌치후라이드아몬드
이,볶음양파페이스트
이,팽이고춧가루
이,완두플레이크
이,초이스
이,떡볶이소스맛분말
이,옥스파이스오일
이,화로구이맛소스
이,튀김감자다이스
이,크리스피브라운아이스
이,이프리믹스
이,말레이시아산등
이,소세지맛후레이크
이,떡볶이맛조미분말
이,케이준스타일브래더
이,화이바솔
이,야채짬뽕베이스
이,티브이피
이,토마토페이스트
이,믹스드스파이스에스
이,햇맛쌀떡볶이
이,종가집순한다시마베이스
이,이스트농축액
이,베이컨맛후레이크
이,다이제초콜릿
이,후라이드치킨시즈닝
이,건브로콜리후레이크
이,코코아프리퍼레이숀
이,고메이파우더
이,텐더마리네이드
이,쿡메이트에프씨
이,떡볶이베이스
이,헤이즐넛초코크림
이,자메이카
이,버섯전골베이스
이,곰탕베이스
이,군고구마페이스트
이,조미액베이스
이,화이트초코
이,양송이홀
이,에스지에이
이,낙지볶음페이스트
이,매운소스에이치
이,고추냉이분말
이,된장찌개베이스
이,유기아가베식이섬유
이,해장베이스
이,콩이온엿
이,플레어비트솔트프리프레이스
이,바타민에이아세테이트
이,맛베이스에스
이,이뮤노
이,간장베이스
이,옥수수페이스트
이,제이씨엔원
이,치즈메이트
이,이스트익스트랙트파우다
이,파라과이등
이,숯불갈비맛스파이스
이,어니언스파이스
이,텐더베이스엔엠
이,로스티드라이스향
이,매생이건더기블럭
이,말레이시아등
이,발사믹소스맛베이스
이,요구르트베이스
이,하이치
이,조미육베이스
이,혼합육수베이스
이,사천우육베이스
이,아이본
이,와사비맛페이스트
이,에이원페퍼
이,케찹스파이스브랜드
이,셰이드
이,척아이롤
이,소이미네랄
이,새우맛볼후레이크
이,표고버섯화이버
이,드레싱베이스
이,떡볶이페이스트
이,칼국수베이스
이,하이테인
이,볶음양념베이스
이,하이겔믹스
이,버터향페이스트
이,복합스파이스에이
이,밀크향베이스
이,직화구이맛인헨서
이,육조미베이스
이,오트후레이크
이,씨제이양념베터믹스
이,이소밀토올리고당
이,햄스파이스디비
이,허쉬프리미어화이트칩
이,카레양념베이스
이,완두콩꼬마새송이야채절임
이,그레이트블랜더
이,이즈니버터
이,숯불햄맛스파이스
이,현미플레이크
이,식물성콩발효베이스
이,바베큐소스에이
이,화이트볼
이,케이엔페퍼그라운드
이,조개농축액베이스분말
이,케이디비타
이,로이신
이,나이지리아
이,하늘초페이스트
이,수리타이스리라차칠리소스
이,강정맛내기베이스
이,볶음슬라이스아몬드
이,하이면
이,스파이스오일블렌드
이,이스트푸드
이,된장용지미베이스
이,이산화규산
이,냉동군고구마페이스트
이,페퍼갈릭스테이크맛씨즈닝
이,초코크림후레이크
이,우엉후레이크
이,콘푸레이크
이,이스트추출물분말
이,요거트레이즌
이,이츠웰죽순채
이,케찹스파이스믹스
이,참맛브로콜리후레이크
이,마늘페이스트
이,진서스파이스
이,비프엑기스페이스트
이,그릭요거트에이스
이,올스파이스조미분
이,짜장양념베이스
이,야채베이스분말
이,홍합지미베이스분말
이,해물맛베이스
이,해물볶음베이스분말
이,조미비프맛후레이크
이,건조크랜베리바이츠
이,다이미엔엠
이,스프플레이버
이,화이트와인식초
이,화이트그레이프향
이,우육페이스트
이,황산칼슘제이인산나트륨
이,화이트크라우디
이,복합스파이스에스
이,이
이,갈비양념베이스
이,해물액상베이스
이,소이
이,검정깨페이스트
이,에그알부민파우더하이겔
이,하와이안코나블랜드
이,김말이쌀과자
이,헤이즐넛페이스트
이,아스코르빌파르미테이드
이,사과다이스잼
이,천연헤이즐넛행
이,글리코매크로펩타이드
이,밀플레이크
이,밀분해추출물에이
이,브라운카라멜베이스믹스
이,리뉴얼화이트
이,향신료베이스
이,에이스
이,쌀페이스트
이,검정참깨페이스트
이,가쓰오후레이크
이,콜라겐게이싱
이,올스파이스스파이스로얄
이,엑스포젤베이스아메리카
이,오징어추출페이스트
이,조미닭고기후레이크
이,레이지레몬쥬스
이,김치국물베이스
이,미트소스베이스
이,야채베이스
이,콩향키베이스
이,화이트크림소스
이,에이스포테이토
이,복합조미베이스
이,고구마파이내용물
이,이태리
이,이스트후드
이,프로타이제
이,절임얼갈이배추
이,망고페이스트
이,아사이베리혼합농축과즙
이,핫치킨페이스트
이,브로콜리후레이크
이,제이씨엔투
이,겨자베이스
이,한입떡볶이떡
이,제이지분말
이,호박후레이크
이,참맛간짜장페이스트
이,대두단백후레이크
이,바지락베이스
이,후라이업
이,세이보리분말
이,무장국베이스분말
이,와일드라이스
이,야채풍미베이스골드
이,에이스소고기양념
이,고추맛베이스
이,쌀국수스프베이스
이,프라이드오니온씨즈닝
이,유기농딸기슬라이스
이,마늘슬라이스
이,덴마크하이체다치즈
이,카로틴베이스
이,로마노페이스트
이,티알이
이,얼갈이
이,건조호박후레이크
이,절임오이
이,그레이비스농축불만
이,베이콘시즈닝
이,구이양념베이스
이,화이버졸
이,보이차
이,포리믹스지에이
이,헤젤넛트페이스트
이,카디몬스파이스로얄
이,명태곤이
이,피코크양념베이스
이,하이말토스
이,부이토니토마토쿨리
이,헤이즐넛프랄린
이,미니새송이버섯
이,건브로클리후레이크
이,게살오므라이스
이,캡사이신
이,비프페이스트
이,비티스켐프퍼리케이농축액
이,로만밀베이커스믹스
이,숯불구이향
이,머스타드페이스트
이,양념소갈비본살구이
이,혼합야채베이스
이,콘센트레이티드치킨스탁
이,후라이드믹스
이,용해형메이스향신조미료
이,화이트코팅초콜릿
이,볶음해선베이스
이,해피스테이크소스
이,메이플시럽혼합페이스트
이,소고기맛베이스
이,헤이즐넛분말
이,새송이버섯치킨샐러드믹스
이,직화불맛에이트
이,김치스프베이스
이,베이립
이,이스트조미베이스
이,프리파레이션
이,쌀떡볶이떡
이,귀리후레이크
이,콘후레이크피
이,이노신산나트륨
이,하이라이스소스
이,그레이비분말
이,카푸치노베이스
이,소스베이스
이,필라프용베이스
이,바닐라아이스크림맛시즈닝
이,올스파이스코팅
이,팔미테이트
이,이노신산이타느륨
이,참살이
이,건조감자플레이크
이,참치씨즈닝페이스트
이,말레이시아
이,양파추출베이스
이,푸드메이트
이,스테이크베이스
이,마리네이션
이,스파이시핫소스
이,어육살꾸이
이,코팅스파이스머스타드
이,소용돌이맛살
이,베이지
이,간짜장페이스트
이,매운고추지미베이스분말
이,피스타치오페이스트
이,버터향베이스
이,분말오부라이트
이,포도믹스지에이
이,가쯔오부시후레이크
이,할라피뇨고추피클슬라이스
이,파슬리후레이크
이,제이인산칼륨구연산나트륨
이,아스코르빌파르미테이트
이,케이디
이,스톡베이스
이,페라스파이스로얄
이,타이그린커리페이스트
이,오징어맛후레이크
이,화이트컴파운드버튼
이,파프리카스파이스로얄
이,참진한육수베이스
이,케러웨이
이,조미페이스트
이,부용베이스
이,포리믹스지에이등
이,햄맛베이스분말
이,화이바겔
이,그릴스테이크소스
이,치킨스프베이스
이,밀키페이스트
이,그린루이보스
이,아세티이트
이,스핑고마이엘린
이,올레오레진후추이산화규소
이,농축베이스
이,마요베이스
이,에이치에스
이,참이맛
이,화이트코팅
이,화이트엠디
이,김말랭이
이,복합허브추출물제이
이,크림베이스분
이,햄스스파이스
이,연두베이스
이,가다랭이분말
이,치즈플레이크
이,세이버리스튜
이,제이인산나트륨
이,베이리브분말
이,케이에스피
이,호두혼합견과페이스트
이,비프스파이스소스
이,치킨육수베이스
이,진저페이스트
이,가다랑어숙성베이스
이,티아민모노나이트레이트
이,호스이앤알
이,오이즙
이,헤이즐럿향
이,슬라이스할라피뇨피클
이,스파이시립마리네이트
이,푸룬다이스드
이,오징어조미후레이크
이,바이오더블유제이
이,아이리쉬크림향
이,리틀이태리시즈닝
이,우동베이스분말
이,멸치밴댕이
이,쌈무조미액베이스
이,베이컨칩
이,혼합다시베이스
이,찰베이스
이,아이스모찌떡
이,굴소스타케이
이,갈비구이맛분말
이,그릴스파이스
이,후레이크
이,갈릭스테이크소스
이,고소한맛페이스트
이,베이스믹스
이,메이스스파이스로얄
이,글리세린지방세이스테르
이,아몬드볼에이
이,피지에이
이,이질산나트륨
이,단호박베이스
이,조미편육후레이크
이,돌파인애플슬라이스
이,포테이토청크
이,나쵸슬라이스드할라페뇨페퍼
이,왕구이장
이,비빔베이스
이,열무냉면베이스
이,햄스파이스티비
이,플라이쉬부어스트델리에스
이,더블다이스드크랜베리
이,이온엿
이,호두이상국산
이,어니언베이글
이,푸실리면베이스
이,제이모짜렐라치즈
이,가공유청분말제이
이,케이엔페퍼
이,흑미플레이크
이,자연드림네이처오일
이,곤쟁이등
이,바베큐페이스트
이,에이씨비
이,비프육수페이스트
이,그레이프후르츠에센스
이,이산화티타늄
이,국가명은홈페이지에별도표시
이,요구르트페이스트
이,인산화이알파전분
이,키위그레이프식초
이,비피와이
이,떡볶이지미베이스
이,이스트엑기스
이,포도페이스트
이,시금치후레이크
이,귀리식이섬유
이,와이즈베이스
이,해골페이스트
이,데리야끼방어구이
이,발효실크펩타이드액
이,게맛살조미후레이크
이,쇠고기농축페이스트
이,이탈리아산
이,청경채후레이크
이,마이쮸딸기
이,이스트익스트랙트
이,에티오파이산
이,말레이지아
이,유기농토마토페이스트
이,제이하이멜트치즈
이,양송이맛후레이크
이,감자플레이크
이,깊고진한맛베이스
이,스파이스조미분말
이,루이보스티추출액
이,아세틸아디핀산이전분
이,비프스톡베이스
이,바질갈릭양념베이스
이,숯불구이맛팜베이스
이,쇠고기풍미베이스
이,세이퍼엠
이,푸룬페이스트
이,육수조미베이스분말
이,메이플맛분말
이,브라운슈가향베이스
이,딸기다이스시럽
이,해물볶음베이슨분말
이,새우베이스
이,잣페이스트
이,명태엑기스에이
이,화이트소스
이,찌개베이스
이,하비프베이스
이,믹스드스파이스
이,베이컨시즈닝
이,탈지대두후레이크
이,이스모크치킨시즈닝
이,파인애플슬라이스
이,소이레시틴
이,카라멜라이즈드슈가시럽
이,스테이크에센스
이,레몬그라스페이스트
이,히프로멜로오스프탈레이트
이,치즈맛페이스트
이,탈염유청퍼미에이트
이,이집트등
이,혼합이곡
이,통밀플레이크
이,화이트트러플맛씨즈닝
이,매콤양념베이스
이,짜장베이스
이,후레쉬베이컨
이,이온물엿
이,믹스드스파이스엠엔
이,파이오렌비
이,캐러웨이분말
이,청국장양념베이스
이,구이맛팜시즈닝
이,락색소엘에이
이,리얼그레이티드파마산치즈
이,유기농달맞이꽃종자유
이,베이홀
이,고구마샐러드바베이스
이,조제겨자스파이시브라운
이,수세미오이농축액
이,제이인산염
이,건마늘후레이크
이,건청경채후레이크
이,간장분말에이치
이,곡물페이스트
이,불닭맛씨즈닝에스와이
이,초코후레이크
이,소고기베이스분
이,소이소스파우더
이,베이컨용시즈닝
이,고소미베이스
이,파이로렌
이,짬뽕맛베이스
이,메이져킹
이,나이아산아미드
이,후추스아이스
이,김후레이크
이,우골베이스분말
이,홍고추페이스트
이,이몰트넘버
이,건파후레이크
이,짬뽕맛조미유베이스
이,쇠고기엑기스페이스트
이,숯불구이맛시즈닝
이,스프베이스
이,화이트구아바퓨레
이,유자슬라이스
이,조미분말베이스
이,칼라믹스시에이
이,양송이큐브
이,죽용조미베이스
이,화이트젠
이,콜라겐화이바
이,지미맛베이스
이,쇠고기맛베이스
이,이디오피아
이,허벌엣센스디에이
이,혼합조미베이스
이,하이올레익해바라기유
이,패파이스로얄
이,사골우거지베이스
이,홀리소르베이트
이,파프리카스파이스
이,핫스파이스마리네이드
이,쿡메이트
이,팜경화유말레이시아산
이,케이퍼
이,화이트클라우디
이,밀크아이스크림향
이,에그포테이토용시즈닝
이,볶음짜장베이스
이,클로렐라레이크
이,하와이안
이,마살라그래이비
이,맛나베이스
이,에스와이그레이프칼라
이,갈비맛쇠고기후레이크
이,헤즐너트페이스트
이,산들참베이스
이,갈비맛베이스
이,파이토슈퍼푸드혼합분말
이,심영순구이간장소스
이,링홍고추후레이크
이,겨자페이스트
이,타마린드페이스트
이,콰트로치즈페이스트
이,소고기농축베이스
이,우유세라마이드
이,유기농쥐눈이콩
이,이스피탐
이,진황황태육수베이스
이,김치베이스
이,후추스파이스
이,미도내열성까망베르다이스치즈
이,맛베이스조미분말
이,사과후레이버
이,타이두리소스
이,화이트그래이비
이,대두화이바
이,불고기양념베이스
이,경기도이천산
이,새우탕베이스
이,히드록시프로필인산이전분
이,구아닌산이나트륨
이,하이올레익볶음땅콩
이,메이플슈가
이,천일에스에이
이,치즈티케이
이,허니버터구이용시즈닝
이,혼합감자후레이크
이,이스트분말
이,스낵베이스분말
이,아일랜드베이스
이,쿡메이트에프에스
이,양지무베이스분말
이,감자식이섬유
이,핫스위트테이스트파우더
이,믹스드스파이스엑스
이,크랜베리다이스
이,굴베이스
이,베이컨스타일탑핑
이,메이플시럽분말
이,육수맛조미베이스
이,드라이아몬드
이,스파이시염지제
이,다크스위트체리베이스
이,새송이버섯가루
이,멸치엑기스에이
이,아이스혼합유
이,소이갈릭마리네이드
이,조미닭가슴살후레이크
이,소야파이브
이,산효베이스
이,이스트
이,새송이
이,아몬드슬라이스
이,솔루블올스파이스오일분말
이,아몬드플레이크
이,숯불구이맛떡갈비시즈닝
이,베이컨시즈닝베이스분말
이,돈육수베이스분말
이,조미액에이
이,퓨어메이플시럽라이트
이,올스파이스
이,토마토페이스
이,그릭스타일요거트플레이버레이즌
이,트레이세틴
이,건조김치후레이크
이,멸치추출물베이스
이,떡볶이맛양념분말
이,통호밀플레이크
이,이산화탄소
이,팜올레인유말레이시아산
이,흑돼지구이용
이,떡볶이맛시즈닝
이,소르비탄트리스테레이트
이,홍합짬뽕베이스
이,양념간장베이스
이,크림스파게티베이스
이,아사이주스
이,통밀후레이크씨리얼
이,구운김후레이크
이,야채즙베이스
이,플레인메쉬드포테이토
이,내열성레드체다다이스치즈
이,생강가루이상
이,콜라겐화이버
이,베이리브분
이,알렉스스테이크소스
이,전저스파이스
이,메이스코팅분말
이,가당사과다이스
이,가쓰오부시베이스
이,맛선생감칠맛페이스트
이,수리타이쓰리라차칠리소스
이,뉴클레오이리단백
이,레드빈페이스트
이,페이스트
이,게라닐아세테이트
이,우골베이스
이,그릭요거트요에이스
이,식이섬유
이,팟타이오일
이,햄맛후레이크
이,올스타이스오일
이,소디움아세테이트
이,냉이향미유
이,소프테이스트
이,감마리놀렌산달맞이유
이,스테빌라이저
이,이스트추출물분말에스
이,뉴클레오타이드혼합제제
이,고추장삼겹살구이양념
이,스테이크카레분
이,캡사이신매운맛소스
이,순한연두베이스
이,복합스파이스에스에이
이,크리스프브라운라이스
이,붉은대게농축페이스트
이,마늘후레이크
이,헤이즐넛페이스트분말
이,유화이엠
이,골드브라운하이스
이,가쓰오우동베이스
이,믹스스파이스디엘
이,효모베이스분말
이,매콤떡볶이맛시즈닝
이,커리분말제이
이,배타싸이클로덱스트린
이,이스라엘산
이,에스제이배터
이,카라멜향베이스
이,프룬다이스
이,화이트초콜릿
이,가염땅콩페이스트
이,베이컨까르보나라용소스
이,호박산이나트륨짬뽕건더기
이,다시물베이스
이,아이미베타
이,야채말이어묵
이,후레이버믹스
이,프리미엄후랑크베이스시즈닝
이,스위스다이스치즈
이,육수베이스
이,닭강정핫베이스
이,비프복합베이스
이,화이트페파믹스
이,맛내기베이스
이,감이유
이,굿파트너마린네이드
이,치카이트
이,빅마마하와이안
이,메이스클래식
이,치킨베이스
이,치킨브레스트마리네이드
이,에스제이크림치즈
이,파라다이스넛추출물
이,빠데아글라세이브와
이,슬라이스용
이,야채추출베이스
이,니코탄산아이드
이,카다몬스파이스로얄
이,세이버리인헨서
이,리치화이트스위트
이,브이크림
이,스파이시립마리네이드
이,조미분말믹스케이
이,농축스프베이스
이,비빔참치베이스
이,크리스피브라운라이스
이,숯불구이맛오리소스
이,식이섬유혼합분말
이,후라이드치킨맛분말
이,소이소스치킨씨즈닝
이,포리믹스에이
이,물엿아이스당
이,이델리베이컨시즈닝
이,레이
이,테이스트인헨서
이,천연케이싱
이,부대찌개베이스
이,댕댕이나무열매농축액
이,소이미레랄
이,인산이
이,에스와이블루칼라
이,비엔나복합스파이스
이,드라이이스트
이,이소말토올리고당카르복시메탈셀룰로오스나트륨
이,갈비맛페이스트
이,발효대두페이스트
이,복합식이섬유
이,올레오레진화이트페퍼
이,스테이크장
이,혼합김베이스
이,이스톡
이,에이치브이피엠에프
이,화로구이소스
이,폴리소르베이트
이,귀리플레이크
이,명인명촌양념구이
이,이란산
이,발효이마씨골드
이,햄베이스분말
이,하이미
이,비프맛갈릭베이스
이,고추장구이소스
이,하이포마
이,유기이소말토쌀올리고당
이,통이통이돈까스소스
이,직화구이복합스파이스
이,유기농검정깨페이스트
이,새우모양후레이크
이,송이크래커
이,버텍스아이지
이,화이트필링
이,플레이버
이,볶음소스베이스
이,진한국물베이스
이,혼합스파이스
이,캬라멜페이스트
이,트라이세틴
이,볶음짬봉베이스
이,라이스크래커
이,폴리인산에이
이,오징어페이스트
이,스테이크용소스
이,인테이크미네랄밸런스
이,레몬베이스
이,아사이베리
이,자색고구마베이글
이,나이아신
이,디티에이칼슘이나트륨
이,부침베이스
이,짜장시즈닝베이스
이,비타민미네랄믹스에스와이
이,양조간장페이스트
이,강캡사이신
이,새우소금구이맛시즈닝
이,함흥냉면지미베이스
이,해물베이스분말엔엠
이,불맛베이스
이,파세리후레이크
이,스테비오사이드혼합분말
이,아가베이눌린
이,볶음콩베이스분말
이,허니베이스분말
이,롯데엔네이처부드러운프랑크
이,초코페이스트
이,올스파이스유
이,복합스파이스
이,리치스파이스
이,제이인산칼슌
이,복합스파이스유
이,화이트그레이프농축액
이,치커리파이바
이,동결건조딸기다이스
이,가쓰오부시후레이크
이,견과혼합페이스트
이,사이다향분말
이,햄스파이스에스
이,김스낵용페이스트
이,짬뽕베이스분말
이,복숭아다이스
이,치킨마리네이드
이,카이저약드부르스트시즈닝
이,비프플레이버
이,동치미맛육수베이스
이,메틸사이클로펜테놀론
이,이스트조미분말
이,고추페이스트
이,냉동양송이슬라이스
이,고꾸미풍미액에이
이,얼큰육개장베이스
이,뉴클레오타이드혼합제제영양강화제
이,드리이비타민
이,수세미오이
이,브이지
이,레드칼라엘에이
이,프로바이오틱유산균
이,호박산제이나트륨
이,오징어후레이크
이,요거트크림페이스트
이,케이준위너
이,베이컨후레바
이,찌개양념베이스
이,육개장제이스
이,콘후레이크알파
이,잔치국수베이스
이,방울토마토페이스트
이,양송이분말
이,포테이토어니언수프맛씨즈닝
이,북어후레이크
이,베지포테이토튜브펠렛
이,다시마엑기스페이스트
이,스파이스믹스
이,멸치맛베이스골드
이,베이립분말
이,자몽베이스
이,비프베이스분말
이,건표고갓후레이크
이,순베이컨
이,복합스파이스엠
이,하바네로맛베이스
이,가쓰오베이스분말
이,와이스워스트
이,초콜렛키베이스
이,추어페이스트
이,이가네볶음콩가루
이,제이에이치베터씨에스
이,풍미유베이스분말
이,우크라이나산
이,증숙고구마페이스트
이,단무지조미베이스
이,얼그레이프렌치블루
이,베이컨류
이,피로인산제이철혼합제제
이,데미그레이스소스믹스
이,캡사이신분말
이,양지육수페이스트
이,에스제이시즈닝
이,진한맛베이스
이,아세틸아다핀산이전분
이,짬뽕베이스
이,불맛짬뽕페이스트
이,콘소메포테이토맛씨즈닝
이,크리에이션에스케이
이,한방베이스
이,소르비탄모노스테아레이트
이,소이마스킹향
이,리드세이프티
이,세이지그라운드
이,비엔나복합스파이스에스
이,닭육수분말베이스
이,하이캡
이,양파다이스
이,가릭스파이스
이,네이쳐소스
이,핫브레이더
이,짜장베이스분말
이,세이지오일
이,에이치와이비
이,우엉연근보이차추출액
이,제이비비
이,약드스파이스
이,동치미엑기스에이
이,하이키
이,직화볶음춘장베이스
이,하이체다치즈
이,코팅용화이트
이,화이트크림후레이크
이,하이얼트치즈
이,하이
이,우동소스베이스
이,복합시즈닝케이비에프
이,블랙티베이스
이,케이준스타일시즈닝
이,떡볶이맛아몬드
이,고추피클슬라이스
이,숯불구이향분말
이,씨즈닝제이엠
이,파라다이스넛추출물분말
이,아이미
이,찰흑미팽이버섯제육불고기
이,팜스테이린유
이,제이골드스트링치즈
이,화이트초코외
이,그린핫스파이스
이,검베이스혼합제제
이,해물맛베이스분말
이,나이아신아미드
이,오이피클
이,베이킹
이,오징어분말티케이에프
이,화이트체다씨즈닝
이,케이준원너시즈닝
이,오리구이용염지제
이,델리스파이스믹스
이,맛선생베이스
이,오렌지필다이스
이,찡오랑몸탱이
이,마린네이드
이,케이준윈너시즈닝
이,헤즐넛페이스트
이,크림베이스
이,카라웨이분말
이,채소와미역후레이크
이,이노사톨
이,케이크소시지복합씨즈닝
이,화이트와인비네가
이,글루텐펩타이드
이,이스트풍미
이,양파페이스트
이,아이시즈닝
이,쇠고기육수베이스
이,포스파티딜이노시톨
이,글루메이트
이,딸기가당다이스
이,셀룰로우스케이싱
이,찌개양념용베이스
이,이소아밀부틸레이트
이,가쓰오부시플레이크
이,캘리포니아햄스파이스
이,마이크로펠렛
이,커리스파이스믹스
이,스페이스콤프
이,보리플레이크
이,포리믹스지에이함수결정포도당
이,인디안스파이스
이,바이텍에스
이,스프레이펫엠피
이,씨에이플러스
이,화이버겔
이,칙카이트
이,티제이
이,망고다이스
이,조미양송이분말
이,진저스파이스
이,불린목이버섯
이,치킨베이스분말
이,콘프라이트
이,자이리톨
이,모노앤디글리세라이드
이,리치스슬라이스블랙올리브
이,매운고추베이스
이,부대찌개페이스트
이,요구르트테이스티
이,알에프비케이
이,치킨스톡베이스
이,파타이지미베이스분말
이,라이스볼
이,호스이엔알
이,루이보스티
이,피지베이스
이,제주한라봉슬라이스
이,세사미플레이버
이,구이시즈닝
이,양송이버섯
이,양파베이스
이,바이탈뷰티발효추출물
이,명신씨엠이
이,씨즈닝베이스
이,포테이토플러스
이,식이섬유아카시아검
이,이노신산이나트륨
이,누룽지맛베이스
이,야쿠르트유산균락토바실러스카제이배양액농축분말
이,사이클로
이,리보뉴클레오티드이나트륨
이,오징어베이스
이,검은참깨페이스트
이,머스타드플레이버
이,떡볶이맛프레첼
이,쇠고기장조림베이스
이,용해형을스파이스향신료
이,고꾸미베이스
이,유기농아사이베리과즙
이,녹차베이스
이,싸이클로덱스트린
이,케이언페퍼
이,누라이스
이,샐러드소스베이스
이,탱크보이
이,곤쟁이기타어류
이,씨케이전용유
이,씨엠이
이,새우탕맛베이스
이,맥적구이양념
이,포리인산에이
이,타이미
이,화이트트리플오일
이,오징어베이스분말
이,블랙올리브슬라이스
이,양파베이컨맛시즈닝
이,바닐라베이스
이,카라멜페이스트
이,마르게리타다이스토마토
이,씨알로우리쌀프레이트
이,소이플러스
이,이노시톨
이,계란후레이크
이,바비큐시즈닝아이
이,볶음짬뽕베이스
이,양송이분
이,미트햄맛후레이크
이,페이스트스프
이,껌베이스
이,토마토스페이스
이,육수맛내기베이스
이,에스와이옐로우칼라
이,코코아프리퍼레이션
이,혼합감자플레이크
이,락색소에이
이,고추기름베이스
이,혼합요구르트테이스티
이,콘센트레이티드크러쉬드토마토
이,멸치베이스분말
이,팟타이베이스
이,함박스테이크
이,바베큐양념페이스트
이,콘프레이크
이,건조마늘후레이크
이,범프드라이스
이,소시지시즈닝후레이크
이,그릴비프함박스테이크
이,구이용데리야끼맛염지제
이,산화이연
이,햄믹스드스파이스
이,자연드림네이처
이,쌀눈복합페이스트
이,간장숯불구이양념
이,능이버섯
이,지미베이스분
이,비프화이타맛씨즈닝
이,찰옥수수인산이알파전분
이,망고다이스시럽
이,조미베이스분말
이,복합해물베이스
이,떡볶이소스
이,폴리스르베이트
이,쿡메이트비에프
이,아사이베리착즙액
이,밀크베이스
이,쇠고기야채베이스
이,세이버리베이스
이,시즌라이트마리네이드
이,하이멜트체즈
이,짬뽕페이스트
이,마카다미아페이스트
이,숯불구이후레바오일
이,멸치베이스
이,베이브리분말
이,치킨카레맛베이스
이,화이트어니언소스
이,바나나스페이스
이,스테이크패티양념
이,매콤까르보나라떡볶이소스
이,헤이즐넛액
이,신불베이스
이,하이멜트
이,건조파인애플다이스
이,화이비솔
이,감자샐러드바베이스
이,간장베이스디
이,매콤산페이스트
이,우크라이나
이,이몰트
이,그레이프후르츠오일
이,유기농하이아미쌀
이,마리네이드브라인믹스
이,비프스테이크소스
이,건조김치플레이크
이,마늘베이스
이,부대찌개용베이스분말
이,리얼카카오후레이크
이,깐풍야채소용베이스
이,에스와이레드엘
이,요거트베이스
이,유기농슬라이스아몬드
이,요구르트향베이스
이,조미베이
이,하이말토스시럽
이,케이싱
이,이츠웰피자치즈
이,복합씨즈닝베이스유
이,고추후레이크
이,백설화이트식초
이,하이아미쌀
이,소고기베이스
이,이상화탄소
이,매운고추메이스분말
이,폴리옥시에틸렌솔비탄모노올레이트
이,명태육수베이스
이,흑마늘페이스트
이,소미메이트
이,아카시아식이섬유
이,니코틴산아이드
이,떡볶이분말
이,대게페이스트
이,할라피노슬라이스
이,에이치에스프리믹스
이,계란말이후레이크
이,분말이스트엑기스
이,코트롤티에이치
이,이상
이,로스팅베이직오일
이,복합스파이스엔
이,돈까스슬라이스시즈닝
이,데이스트인핸서
이,카페베네크림치즈베이스
이,머스코르넬파르미테이트
이,발효간장베이스
이,혼합제제베이킹파우더
이,건조망고다이스
이,미트텐더라이저
이,후코이단
이,비프스테이크시즈닝에스
이,혼합뉴클레오타이드
이,함침화이트초콜릿
이,에이취브이피와이큐
이,치즈케잌베이스
이,장국베이스
이,제키스필링화이트
이,디에이취에이칼슘분말
이,떡갈비소스에이취
이,겨자맛페이스트
이,고추양념페이스트
이,화이버솔
이,동결건조무후레이크
이,제이키퍼
이,바베큐시즈닝페이스트
이,메이스그라운드
이,캡사이신소스
이,치즈맛베이스분말
이,유산균발효다시마베이스
이,소고기엑기스페이스트
이,칼슘피지에이혼합제제
이,믹스스파이스
이,핫스파이스분말
이,효소처리스테이바
이,발효펩타이드프로유
이,스위트콘파우더프리퍼레이션
이,포테이토믹스펠렛
이,차그릴스테이크시즈닝
이,당적사과다이스
이,돈장케이싱
이,카제이
이,천연헤이즐넛향
이,바이오파우다
이,피자소미믹스베이스
이,화이트루
이,가쓰후레이크
이,햄스파이스유
이,복합스파이에스
이,치즈베이스믹스
이,요구르트분말베이스
이,미트베이스
이,에이치브이피
이,케이앤페퍼
이,조미건오이
이,콘베리게이트
이,쿨메이트에프씨
이,레시틴제이인산칼륨
이,미역국밥베이스
이,양념장베이스
이,썬화이버
이,케이크소시지복합시즈닝
이,화이트코팅베이스
이,토마토페이스트함량은가용성고형분
이,올레오레세이지
이,식혜농축베이스
이,직화불맛에이드
이,베이스시즈닝
이,포크커틀렛마리네이드
이,메이스스파이스
이,바이오페린
이,파스트라미복합스파이스
이,카라웨이
이,얼그레이
이,향미베이스
이,그레이프후르츠혼합액
이,이엠씨체다치즈
이,화이트컴파운드
이,비엔나믹스스파이스
이,아카이사벌꿀
이,매콤한양파맛베이스분말
이,비프맛키베이스
이,매콤쌈장베이스
이,조미닭고기후레이트
이,혼합해물베이스분말
이,화이트식초
이,복숭아퓨레다이스
이,메추리알모양후레이크
이,우마미풍미분케이
이,무국베이스
이,망고페이스트분말
이,복합시즈닝케이피
이,오지어맛후레이크
이,피로이산나트륨
이,야채오일베이스
이,파셀리후레이크
이,디엘알파토코페릴아세테이트
이,감자페이스트
이,참이맛뼈찜
이,후라이드분말
이,로스구이맛시즈닝
이,당근후레이크
이,이마트카레용분말
이,조미양념베이스
이,이디티에이칼슘이나트륨
이,유기농이소말토올리고당
이,청양고추베이스분말
이,피케이
이,켈리포니아햄용복합스파이스
이,해물페이스트
이,에스와이그린칼라
이,화이트페퍼믹스
이,소이파이브
이,그레이프후르츠분말
이,비빔장베이스
이,코토산케이
이,마이쮸포도
이,건당근후레이크
이,다대기베이스분
이,해물풍미페이스트
이,그레이프후르츠농축과즙
이,쪽파후레이크
이,뉴캡사이신분말
이,조미분에이
이,하이아미
이,소미샨탄이엑스
이,말레이시아산
이,비타오이피클
이,바닐라향베이스
이,우마미복합베이스
이,소고기페이스트
이,비베이스
이,카라벨라화이트
이,호박산이나트륨
이,만두맛베이스
이,고추양념베이스
이,호밀식이섬유
이,무절임후레이크
이,비엔나스파이스
이,발사믹풍미베이스
이,장류베이스
이,참베이스
이,이천햅쌀
이,하이프로
이,화이트페파
이,불닭볶음맛떡볶이시즈닝
이,레드자몽농축액베이스
이,울스파이스
이,치포레페퍼타입내추럴플레이버
이,비프추출페이스트
이,치킨보일드플레이버
이,간장베이스액
이,양송이통조림
이,메이플향
이,참치베이스
이,크레이지핫소스
이,대두식이섬유결정과당
이,덕마리네이드
이,화이트초콜릿향
이,매운맛베이스
이,유복합스파이스
이,배타믹스베이스
이,테이스트인핸서
이,히트떡볶이소스
이,지마베이스
이,코코넛슬라이스
이,포크세이버리조미유
이,건목이버섯
이,레드페퍼스파이시
이,냉스프베이스
이,마리네이딩믹스
이,콘라이스크리스피
이,에스제이분말
이,천연돈장케이싱
이,프로엠화이트
이,유자간장삼치구이
이,제이인산칼륨
이,올스파이스아롬
이,잡채베이스
이,골뱅이
이,스파이스시즈닝
이,후라이드용버터믹스
이,이소말토올리당
이,이트프로엠
이,헤이즐넛
이,농축대두단백월콘에스제이
이,케이퍼서파인즈
이,건조링홍고추후레이크
이,화이트버겔
이,떡볶이떡
이,간장페이스트
이,피자스파이믹스
이,식용달팽이추출액
이,인테이크비타민밸런스
이,인삼페이스트
이,이소알토올리고당
이,양파조미베이스
이,케이엠유
이,대두펩타이드
이,싸이덱스
이,고구마다이스
이,탈지베이스
이,생라면육수맛베이스
이,크랜베리슬라이스
이,화로구이장
이,우마미베이스
이,중화풍짜장베이스
이,짜장향신볶음페이스트
이,베이킹파우더
이,아이스밀크
이,화이트소시지
이,이소로이신
이,로스트세이보리엑기스
이,스테이크소스에스제이
이,스페이산
이,인산이칼륨
이,비프스파이스
이,하이치온와이에이치
이,간장분말에이취비
이,딸기향키베이스
이,사과페이스트
이,생이스트
이,시트러스화이버
이,요구르트크림페이스트
이,프리믹스베이스
이,지미베이스분말
이,밤다이스
이,아사이베리과즙분말
이,복합지미베이스
이,화이트식초머스타드드레싱
이,당면김말이
이,세이지
이,검은참께페이스트
이,갈비탕국물베이스
이,치커리화이버
이,와이에스조미액
이,버터구이오징어맛시즈닝
이,양파추출물베이스
이,미트플레이버터파우더
이,모노다글리세라이드
이,디케이
이,슬라이스만두속김치
이,칙카이드
이,해물베이스분말
이,동결건조두부디이스
이,유기이소말토올리고당
이,가당딸기슬라이스
이,복숭아다이스시럽
이,사과냉동다이스
이,오뗄스모크햄복합하이프로
이,베이컨칼라
이,요구르트테이스터
이,메이스분말
이,꽃송이버섯추출물
이,치킨농축베이스
이,파로마화이트소시지오리지날
이,마리네이드
이,케이준마리네이드
이,다시마엑기스분말티케이
이,선믹스엔에이치
이,상하치즈페이스트
이,버터페이스트
이,아몬드페이스
이,어니어스파이스
이,화이트체다시즈닝
이,볶음육베이스
이,건조냉이
이,이소말토
이,비앙카슬라이스치즈
이,피로인산제이철
이,양지맛무국베이스
이,고구마페이스트
이,씨트리에프아이
이,이노시돌
이,육수베이스분말
이,이형유엘
이,구운헤이즐넛
이,복합스파이스비이
이,이스트엑스
이,감자푸레이크
이,아몬드페이스트
이,비프인핸서페이스트
이,이탈리안스타일하드타입치즈
이,맥코믹몬트리얼스테이크시즈닝
이,단호박페이스트
이,비타믹스에이취
이,코팅용화이트도워
이,쇠고기베이스
이,홍합베이스분말
이,대두화이버
이,다시마베이스
이,멸치추출베이스
이,떡볶이맛베이스
이,송이버섯추출분말
이,커피향베이스
이,노루궁댕이버섯
이,올반카친진한황태육수베이스
이,바이오뉴트리젠믹스
이,직접갈은홍고추페이스트
이,떡볶이맛씨즈닝엔
이,케이알에스
이,지단후레이크
이,피쉬콜라겐펩타이드
이,베이컨향분말
이,가쓰오키베이스
이,지미베이스
이,맛나메이트
이,밑트베이스시즈닝
이,케이준위너스지닝
이,이초산나트륨
이,민트세이지허니
이,이스트액기스물엿
이,전갱이
이,플레인베이글
이,흑후추후레이크
이,바이오파우더
이,더블다이스크랜베리
이,이스트풍미분
이,베이컨맛씨즈닝
이,청포도향요거트레이즌
이,콜라겐펩타이드
이,오말이어묵
이,베이컨엑기스
이,베이크드빈스
이,차돌박이
이,콘베이스
이,양송이농축액
이,제이에이치배터씨에스
이,생강슬라이스
이,밀크쉐이크
이,체다치즈페이스트
이,분말간장씨제이
이,라이스볼브레더
이,베이컨시즈닝분말
이,화이트후랑크염지제
이,마르네이드
이,양송이후레이크
이,웨이퍼미에이트조제분말피막제
이,빠떼아글라세이브와
이,오토이스트분말
이,햄스파이스디비원
이,왕구이양념
이,포테이토비스킷
이,규소수지생이스트
이,사이다
이,게란후레이크
이,자메이카산
이,불닭구이소스
이,불고기맛베이스
이,쇠고기페이스트
이,타이거너츠페이스트
이,진한육수베이스분말
이,제이인산마그네슘
이,소고기그레이비페이스트
이,웍플레이버
이,오트푸레이크
이,화이트카카오버터
이,지미강화베이스분말
이,하이라이스씨즈닝
이,파인베이스
이,데미소스베이스
이,유청퍼메이트
이,복합스파이스시
이,리퀴드미트텐더라이저
이,숯불갈비맛베이스
이,베이커리롤치즈
이,치즈베이스분말
이,콘플레이크
이,쑥페이스트
이,김치조미베이스
이,루이보스바닐라허니
이,훼이퍼미에이트
이,체다다이스치즈
이,라이스크리스피
이,파인베이크
이,핫청페이스트
이,그릴스파이스믹스
이,짬뽕육수베이스
이,증숙자색고구마페이스트
이,숯불베이스분말
이,아사이펄프
이,하이멜트치즈
이,솔비탄트리스테아레이트
이,드라이드치킨후레바
이,이소말토올리고당
이,핫베이컨드레싱믹스
이,다이스드토마토
이,어묵볶음베이스
이,이보은의
이,이노신산이
이,이스트파우더
이,파인애플드레싱용베이스
이,브레이즈드비프분말
이,표고슬라이스
이,탄두리마리네이드
이,혼합허브앤스파이스
이,계란구이
이,어니언스파이
이,구이김후레이크
이,목이버섯
이,비프베이스
이,락토바실러스카제이
이,볶음쇠고기베이스
이,조개베이스분말
이,인스턴트이스트
이,후레시스함박스테이크시즈닝
이,천연양장케이싱
이,시즈닝베이스제
이,베이컨
이,마이일반응된닭고기향
이,복합스파이스스파이스
이,스파이스혼합농축액
이,부틸락테이트
이,생라면해물맛베이스
이,이산화황
이,스테이크소스
이,시나몬맛베이스분말
이,이스트맛분말
이,허브풍미베이스
이,양념구이조미분
이,아사이베리혼합농축액
이,바나나맛시럽베이스
이,새우베이스분말
이,핑크그레이프후르츠향캡슐
이,우동베이직소스
이,스파이스믹스에스엠
이,탈지분유프리퍼레이션
이,쇠고기브이용
이,스파이시갈릭바베큐소스
이,포크페이스트
이,펙틴이
이,그레이프화이트후레바
이,건조파파야다이스
이,당베이스
이,햄모양후레이크
이,더블다이스트크렌베리
이,볶은화이트퀴노아
이,오이향
이,프락토화이버
이,오징어링후레이크
이,인도네이사
이,아몬드향베이스
이,양송이베이스
이,제이인산칼슘혼합제제
이,리갈브라이믹스
이,헤이즐럿분말
이,오징어다이스
이,농후발효유베이스
이,오이농축액
이,둥근초콜릿후레이크
이,토롤라이스트분말
이,하이라이스시즈닝
이,베이킹마요네즈
이,이츠웰양송이슬라이스
이,사과다이스
이,라이스칩
이,표고갓슬라이스
이,검은깨페이스트
이,우크라이산
이,복합스파이스에이엘
이,아스코르빌팔미테이트
이,허브베이스
이,팜올레이유
이,카다몬스파이로스얄
이,아세테이트
이,화이트베이스믹스
이,싸이크로덱스트린
이,실속햄버거스테이크시즈닝
이,강글리오사이드
이,핫스파이시
이,척이이롤
이,케이씨
이,벨오또콘센트레이티드크러쉬드토마토
이,딸기슬라이스
이,국물내기베이스
이,오브라이트분말
이,겨우살이
이,스파이스믹스파우다
이,컴파운드화이트
이,양송이시즈닝파우더
이,이종임의
이,건조애플다이스
이,양념구이소스
이,에스와이그린에프
이,육개장베이스분말
이,파라과이산등
이,단무지조미액베이스
이,화이트그레이프맛
이,스파이스베이스
이,다시마후레이크
이,부스터메이트
이,스이엔알
이,곰탕육수베이스
이,토마토다이스
이,에이에이치
이,레벤캡사이신아주매운맛분말
이,전골스파이스분말
이,복합풍미베이스
이,감칠맛우린베이스
이,쥐눈이콩
이,흑임자페이스트
이,대두식이섬유
이,체다페이스트
이,오리엔탈허브베이스
이,화이트글레이징
이,에스제이양념장
이,하이포크염지제에스
이,제이이산칼슘
이,다시베이스
이,레몬향와이티오
이,하코플레이버치킨
이,복합스파이스케이에프
이,혼합요구르트베이스
이,시아스고구마무스골드베이스
이,슬라이스아몬드
이,곡물혼합페이스트
이,이츠웰표고버섯슬라이스
이,케찹베이스
이,햄맛페이스트
이,케이앤퍼페믹스
이,아이스올리고
이,클로렐라후레이크
이,한우시즈닝오일베이스
이,이스트스톡베이스
이,파프리카로얄스파이스
이,복합감칠맛베이스
이,에멀에이드
이,꽃게베이스
이,디엘알파토코페롤아세테이트
이,포테이토트위스트
이,쌀플레이크
이,미트테이스트분말
이,화이버올리고
이,치킨플에이버
이,청양고추베이스
이,육수맛베이스
이,떡말이
이,콘프레이크브레더
이,건열무후레이크
이,양송이
이,뉴클레오타이드
이,칠리페이스트위드소야빈오일
이,액상스프베이스
이,핑크그레이프후르츠향
이,이눌린
이,구아닐산이나트륨
이,화이트델리소스
이,자연드림네이터
이,이스트액기스분말
이,씨엠에이이온화칼슘
이,배터베이스분말
이,제이인칼슘
이,맥아이온물엿
이,단호박후레이크
이,육두구호스이엔알
이,양념페이스트
이,스테이크업핸서
이,호박고구마페이스트
이,베이킹파우다
이,베이질홀
이,제이인칼륨
이,씨즈닝분말제이엠
이,와이케이
이,브이비
이,곤쟁이등기타어류
이,카르틴베이스
이,후라이드양파맛씨즈닝
이,양파볶음베이스
이,비가레이드오일
이,세이버리분말
이,그레이프맛
이,토코페릴아세테이트
이,유기농아가베식이섬유
이,실크펩타이드
이,과채동치미베이스
이,밴댕이
이,이스트엑시스분말
이,토마토스테이크소스
이,자메이카블루마운틴
이,매운맛양념조미베이스
이,참맛양지육수페이스트
이,하이라이스분말
이,감칠맛국물베이스
이,꽃게풍미베이스
이,혼합야채후레이크
이,핫스파이스믹스
이,치즈케익베이스
이,블루베리다이스
이,체다치즈베이스
이,이소아밀이소발러레이트
이,이스트엑기스분말
이,표고버섯베이스
이,비프조미페이스트
이,유기농포도페이스트
이,딸기다이스
이,파슬리브레이크
이,맛베이스
이,파라과이
이,베이킹파우터
이,레드그레이프농축액
이,코다노하이멜트치즈
이,아미노베이스
이,노르웨이
이,콘푸라이트
이,립스파이스팩
이,감자후레이크
이,나쵸슬라이스
이,립양념베이스
이,건무후레이크
이,배터믹스에이
이,쌀이소말토올리고당
이,우동베이스
이,한식베이스
이,사이다향
이,올스파이스향신조미료
이,냉동고구마페이스트
이,슬라이스시즈닝
이,자맛통영굴짬뽕후레이크
이,감칠맛베이스에스
이,헤이즐페이스트
이,버터스카치향베이스
이,베이글
이,건조크랜베리쟈니바이트
이,슬라이스블랙올리브
이,화이브렉스
이,화이트크림
이,된장지미베이스
이,해물혼합베이스
이,생선살꾸이
이,애플다이스크림
이,모노디글리세라이드
이,양념볶음베이스
이,캡사이신매운맛
이,믹스베이스
이,라이코펜
이,라이토스트믹스
이,사골엑기스제이피
이,알라스카아이스티혼합농축과즙
이,자마이카
이,볶음베이스
이,제이인산암모늄
이,아와브레이크
이,해물베이스
이,디엘아파토코페랄아세테이드
이,샐러드베이스
이,카이져약드부르스트시즈닝
이,이집트콩
이,오지치즈후라이맛씨즈닝
이,청양고추스파이스
이,무국베이스분말
이,에이스타
이,아이스당
이,양념육수베이스
이,바나나플레이크
이,냉면풍미복합베이스
이,복합스파이스제이
이,국물맛내기베이스
이,프리퍼레이션피에이원
이,핵산아이지
이,체다슬라이스치즈
이,최셰프오일마리네이드
이,자색고구마페이스트
이,사과다이스사과
이,제이인산
이,브이용조미분
이,골든씨에이
이,감칠맛베이스
이,이츠웰스위트콘
이,카라멜색소비에이
이,참맛불고기후레이크
이,허브플레이버믹스
이,옥스파이스로얄
이,사이다맛씨즈닝
이,퍼스트라이스칩
이,니이아신아미드
이,떡볶이
이,케이준시즈닝
이,런천미트용스파이스
이,헤이즐넛향
이,새송이버섯
이,씨앗담은스테이크
이,우리아이우리쌀링
이,치킨구이용염지제
이,양송이버섯통조림
이,에이취브이피비
이,히드로시프로필인산이전분
이,메이플시럽
이,테이스티시럽
이,아몬드알갱이
이,이산화규소
이,숯불갈비맛베이스티
이,유기농이온화강화칼슘쌀눈
이,코팅스파이스머스타드분말
이,말레이지아산
이,꼬리곰탕베이스분말
이,멸치다시마베이스
이,찌개양념혼합베이스
이,쌀베이스
이,허니버터맛시즈닝에스와이
이,이소말토올리고당함량
이,판초코에이
이,양파스파이스로얄
이,체리향키베이스
이,오징어풍미페이스트
이,벨리메이드혼합야채
이,에이원믹스
이,멸치후레이크
이,허브스파이스시즈닝
이,코토신케이
이,캡사이신매운분말
이,핫앤스파이시배터
이,블루하와이향
이,홀레드빈페이스트
이,복합소스맛베이스
이,글리세린모노스테아레이트
이,스튀티스아이에프
이,달맞이꽃종자유
이,후라이드양파향
이,말랑밀떡볶이떡
이,밀크테이스트분말향
이,밀식이섬유
이,메이스스파이로얄
이,에이스초콜라또비스켓
이,화이브로우즈에프
이,세이지분말
이,담백한냉면베이스
이,철판구이슬림오징어
이,매운고추베이스분말
이,멜로소이
이,콜라겐케이싱
이,감자다이스
이,호두페이스트
이,돼지고기베이스
이,씨즈닝에이
이,풍미베이스
이,베이크드빈
이,현미후레이크
이,복합스파이스엘
이,이엘지
이,시즈닝베이스
이,무지방우유함유아이스프리마
이,호밀플레이크
이,땅콩알갱이
이,폴리솔베이트
이,숙성양념베이스
이,볶음풍미베이스
이,이스트조미분
이,드라이비타민
이,루이보스추출액
이,연두베이스순
이,얼큰맛베이스
이,현미감자플레이크
이,솔루블세이지오일분말
이,야채육베이스
이,따닥불고기베이스분말
이,화이트청크
이,이노시틀
이,콜라베이스
이,양파향베이스
이,치킨본베이스
이,페파스파이스로얄
이,라이스크런치
이,씨즈닝오일베이스
이,이스라엘
이,스테이크시즈닝믹스
이,간장소스베이스
이,화이트치즈
이,소시지조미후레이크
이,유부조미액베이스
이,화이트초콜릿파우더
이,대두이소플라본
이,쇠고기하이미
이,치커리식이섬유
이,글리코메크로펩타이드
이,레몬농축액베이스
이,식물성유지말레이시아산
이,양파맛베이스분말
이,떡볶이액상
이,혼합요구르트테이스터
이,가다랭이엑기스분말
이,궁정보이차
이,바이코
이,세이버리비프향
이,아니언스파이스
이,아사이베리즙
이,허브스파이스믹스
이,아미노산베이스
이,후레이크중파
이,인도네이사산
이,핫마리네이드
이,이유베이스
이,밤페이스트
이,아사이분말
이,맛어울림야채베이스
이,우렁이살
이,치커리화이바
이,나초슬라이스
이,음료베이스
이,에스와이카로틴베이스
이,완두콩플레이크
이,얼갈이배추
이,케이엔페퍼분말
이,포리믹스제에이
이,다진오이피클
이,화이트트러플오일
이,냉면육수베이스
이,배터믹스베이스
이,복합스파이스에프
이,쌀떡볶이
이,파이오렌디
이,조미닭후레이크
이,올스파이스코팅분
이,볶음콩베이스
이,알파옥베이분
이,블랙페퍼후레이크
이,양지맛페이스트
이,무말랭이
이,양념채소베이스
이,바이오핵산아이지
이,조미베이스
이,파이향
이,조미액페이스트
이,이엠씨
이,베이컨시즈닝분말에이
이,씨즈닝믹스베이스
이,푸룬다이스
이,고소쌈장베이스
이,닭고기맛베이스
이,복합수파이스에이
이,건조코코넛슬라이스
이,육개장베이스
이,짬뽕베이스조미액
이,치즈분말화이트
이,케이준스타일배터
이,스테이크시즈닝
이,케이준스파이스
이,조미쇠고기맛후레이크
이,밀크퍼키에이트
이,단호박샐러드바베이스
이,마이크로가드
이,피리독신하이드로클로라이드
이,복합스파이스케이
이,바나나페이스트
이,표고버섯페이스트
이,오븐구이용염지제
이,후르츠스테이크소스
이,멀티그에인웨이브펠렛
이,건홍피망후레이크
이,대추슬라이스
이,폭포이동갈비용양념
이,바이오핵산에이지
이,오징어분말티케이
이,청양고추키베이스
이,콘스프베이스분말
이,헤이즐넛초코시럽
이,이스트플러스
이,곡물베이글
이,만능육수베이스
이,치킨플레이버
이,코코아키베이스
이,버팔로윙마리네이션
이,햄형후레이크
이,루버스크레테이폴리우스농축액
이,핫바매콤베이스
이,이스트조미액
이,스테이크인핸서
이,화이트소시지오리지날시즈닝
이,비프지미베이스
이,우유사이알릴올리고당
이,마이크로펠렛포테이토
이,에이치엠프리믹스
이,캐러웨이
이,트리글리세라이드
이,폴리소프베이트
이,루이보스
이,화이트스파이스
이,조미베이스비
이,프리드리에이취아이
이,미니양파링베이스분말
이,올레오레진세이지
이,조개감칠맛분에이스
이,로스구이맛분말
이,웰빙스파이스
이,케이
이,얼그레이홍차
이,파이데코
이,핫베이스분말
이,이엠에스시즈닝
이,실크랩펩타이드
이,우리아이
이,호스이엔엘
이,슬라이스
이,깻잎불고기맛베이스
이,조미비프후레이크
이,탈염훼이퍼미에트
이,발효잠두페이스트
이,쇠고기베이스분말
이,파스퇴르요구르트베이스
이,고구마베이스
이,쿡메이트에프레스
이,양송이버섯슬라이스
이,새송이버섯불고기
이,대구곤이
이,파라과이산
이,요거트레이진
이,갈릭스파이스
이,비프햄스파이스
이,치킨부용베이스
이,사천짜장베이스
이,오부라이트분말
이,양파후레이크
이,크림치즈파이내용물
이,비후스파이스시즈닝
이,다진오이
이,과일베이스
이,밀키페이스트유당
이,장육베이스
이,다이미
이,무지방우유함유크리머아이스
이,이림미네랄
이,피클링스파이스
이,골드파인애플다이스
이,파이오렌
이,헤이즐넛스프레드위드코코아
이,모짜렐라치즈슬라이스
이,대두발효펩타이드
이,푸딩프리퍼레이션
이,나이지리아산
이,새우농축페이스트
이,이소말트
이,땡초말이어묵
이,매쉬드포테이토분말
이,우크라이나등
이,하이포크시즈닝에스
이,가다랑이엑기스분말
이,양식베이스
이,핫바용스파이스
이,하이큐푸드에스피
이,핫스파이스파우다
이,사이크로덱스트린
이,제이인산칼슘
이,땅콩페이스트
이,국밥베이스분말
이,탕수베이스
이,이스트에기스
이,평양지미베이스
이,오이
이,카레페이스트
이,치킨베이스믹스
이,메이플향베이스
이,이탈리아
이,베터베이스
이,쇠고기하이마
이,전골용베이스
이,화이트믹스분말
이,화이트와인
이,하이믹스
이,팥페이스트
이,된장분말와이
이,콘후레이크
이,구아닐산이난트륨
이,모짜렐라슬라이스
이,베지스테이블
이,양송이칩
이,스파이시허브믹스
이,건대파후레이크
이,우유강글리오사이드
이,매운볶음베이스
이,백일송이버섯
이,다이스토마토
이,델몬트파인애플슬라이스
이,혼합해물베이스
이,커피후레이버
이,이탈리안치즈조미분
이,쇠고기맛국물내기와이
이,건조크랜베리다이스
이,어니언페이스트
이,부이온향
이,양송이슬라이스
이,이상화항
이,라이스밸리
이,씨케이전용
이,소이메이트
이,버터구이맛시즈닝
이,탄탄면스프베이스
이,유기농콘푸레이크
이,구이김
이,무우말랭이
이,참진한스프베이스
이,마레이시아산
이,스윗앤스파이시소스
이,쇠고기브이용분말
이,하이치온
이,중쇄지방글리세라이드오일
이,제주돼지갈릭구이
이,이스트오일소스
이,베이리브
이,화이트튜브
이,이타리아산
이,생강스파이스로얄
이,새알쌀떡볶이
이,베이커리향
이,올스파이스코팅분말
이,사워소스베이스
이,파스타베이스
돈육,돈육엑기스
돈육,돈육삼겹살
돈육,돈육볶음조미양념
돈육,무항생제돈육
돈육,돈육등심
돈육,돈육풍미분말
돈육,돈육
돈육,국내산돈육
돈육,돈육수베이스분말
돈육,돈육사태
돈육,돈육볶음양념장
돈육,돈육안심
돈육,돈육뒷다리살
볶음새우,볶음새우분말
볶음새우,볶음새우
조개,조개관자액기스
조개,조개야채엑기스
조개,조개믹스분말엔엠
조개,키조개
조개,조개농축액베이스분말
조개,대합조개농축액
조개,조개엑기스분
조개,키조개관자
조개,조개엑기스분말
조개,다시다조개
조개,조개추출물
조개,조개분말
조개,조개
조개,모시조개
조개,조개관자엑기스
조개,조개류
조개,조개다시마엑기스
조개,조개분해농축액
조개,조개추출분말
조개,조개밑국물
조개,백합조개
조개,조개칼슘
조개,조개다시다
조개,조개베이스분말
조개,조개농축액
조개,조개감칠맛분에스
조개,개량조개
조개,복합조개농축액
조개,대합조개엑기스
조개,조개추출물분말
조개,조개엑기스
조개,조개농축액분말
조개,조개감칠맛분에이스
소뼈,한우소뼈추출액
소뼈,소뼈
소뼈,소뼈추출액
소뼈,육우소뼈
젤란검,젤란검
젤란검,엠에스씨젤란검
땅콩을,
소고기,소고기엑기스
소고기,소고기효소분해농축액
소고기,건조소고기맛어묵
소고기,소고기풍미오일
소고기,소고기시즈닝
소고기,한우소고기맛풍미유
소고기,소고기맛육수분말
소고기,에이스소고기양념
소고기,소고기시즈닝분말
소고기,소고기맛베이스
소고기,소고기양념액
소고기,소고기맛다시다
소고기,소고기맛고명
소고기,한후소고기추출액
소고기,소고기추출물
소고기,소고기분말
소고기,맛선생소고기양념가루
소고기,소고기베이스분
소고기,소고기육수맛분말
소고기,소고기가루
소고기,소고기전각
소고기,소고기농축베이스
소고기,소고기분말시즈닝
소고기,소고기추출액
소고기,조미소고기분말
소고기,조미소고기볶음분말
소고기,소고기추출분말
소고기,양지소고기엑기스
소고기,소고기정육추출액
소고기,소고기엑기스외
소고기,소고기매운맛분말
소고기,소고기베이스
소고기,양념소고기맛분말
소고기,소고기엑기스페이스트
소고기,소고기풍미분말
소고기,소고기우린가루
소고기,소고기맛분
소고기,소고기맛분말
소고기,소고기고형분햠량
소고기,소고기페이스트
소고기,소고기맛시다
소고기,소고기농축액
소고기,소고기전골
소고기,소고기그레이비페이스트
소고기,소고기풍미분
소고기,소고기전분
소고기,소고기다시
소고기,맛선생소고기양념분말
소고기,소고기향분말
소고기,소고기그린다시
소고기,한우소고기가루
소고기,소고기
소고기,소고기양념풍미료
소고기,소고기수육
소고기,양념소고기분말
소고기,소고기다시다
소고기,에스피골드소고기
소고기,소고기사태엑기스
소고기,유기농소고기
소고기,양지소고기추출물
함유,함유유지
함유,밀함유
함유,대두함유
함유,무지방우유함유크리머
함유,페닐알라닌함유
함유,셀렌함유
함유,유원료함유크리머
함유,알로에배라겔즙액함유절편
함유,무지방우유함유
함유,페닐알라난함유
함유,무지방우유함유식물성크림
함유,새우함유
함유,우유성분함유크리머
함유,알로에베라겔절편함유액
함유,페닐알리닌함유
함유,페닐알린함유
함유,알로에베라겔즙액함유절편
함유,쇠고기함유
함유,함유
함유,우유함유
함유,땅콩함유
함유,벌꿀함유크리머
함유,페닐아라닌함유
함유,락토페린함유
함유,알함유가공품
함유,무지방우유함유아이스프리마
함유,아라키돈산함유
함유,페니알라닌함유
함유,무지방우유함유크리머아이스
함유,유원료함유
유청분말,유기농고단백유청분말
유청분말,유기농탈염유청분말
유청분말,탈염유청분말농축유청단백
유청분말,가공유청분말제이
유청분말,호박씨유청분말
유청분말,탈염유청분말
유청분말,가공유청분말제아
유청분말,유청분말에스
유청분말,가공유청분말
유청분말,고단백유청분말
유청분말,유청분말
유청분말,유기농유청분말
우사골,우사골추출물
우사골,한우사골농축분말
우사골,한우사골육수
우사골,우사골엑기스
우사골,국산한우사골
우사골,한우사골도가니추출액
우사골,한우사골엑기스
우사골,한우사골
우사골,한우사골추출액
우사골,우사골
우사골,한우사골추출물
우사골,한우사골풍미분
우사골,한우사골추출농축액
우사골,한우사골농축액
우사골,한우사골뼈추출액
밀단백추출물,밀단백추출물
돈골추출액,돈골추출액
토마토함유식품,
산성아황산나트륨,산성아황산나트륨
옥수수,옥수수씨눈
옥수수,옥수수유
옥수수,황옥수수분말
옥수수,볶음조미옥수수분
옥수수,정제옥수수기름
옥수수,옥수수페이스트
옥수수,찰옥수수성분
옥수수,유기농볶은옥수수
옥수수,자색옥수수
옥수수,발아옥수수
옥수수,호화옥수수분등
옥수수,옥수수수염추출농축액
옥수수,찰옥수수전분
옥수수,옥수수염추출농축액
옥수수,옥수수브라질산
옥수수,동결건조옥수수
옥수수,옥수수비전분
옥수수,옥수수수염추출액
옥수수,구운옥수수맛씨즈닝분말
옥수수,옥수수크런치
옥수수,옥수수추출액
옥수수,옥수수혼합추출액성분
옥수수,옥수수차
옥수수,옥수수가루
옥수수,옥수수분말
옥수수,옥수수향
옥수수,옥수수크림
옥수수,알파옥수수분말
옥수수,옥수수염
옥수수,옥수수크리스피
옥수수,알파옥수수전분
옥수수,옥수수통조림
옥수수,건옥수수
옥수수,호화옥수수분
옥수수,옥수수분
옥수수,옥수수현미혼합추출액
옥수수,옥수수시럽
옥수수,농축옥수수단백질
옥수수,찰옥수수인산이알파전분
옥수수,옥수수튀김콘
옥수수,군옥수수시즈닝
옥수수,옥수수전문
옥수수,옥수수과립
옥수수,옥수수배아
옥수수,옥수수쌀
옥수수,옥수수가공품
옥수수,옥수수농축액
옥수수,옥수수전분분말
옥수수,알파옥수수가루
옥수수,옥수수전분등
옥수수,옥수수어묵
옥수수,옥수수혼합추출액
옥수수,군옥수수맛씨즈닝
옥수수,옥수수변성전분
옥수수,유기알파옥수수분말
옥수수,옥수수알파전분
옥수수,찰옥수수
옥수수,혼합옥수수분말
옥수수,볶은옥수수
옥수수,찰옥수수변성전분
옥수수,튀김옥수수칩
옥수수,옥수수콘
옥수수,옥수수펠렛
옥수수,찰옥수수알파전분
옥수수,옥수수
옥수수,알파찰옥수수전분
옥수수,군옥수수맛씨즈닝엠
옥수수,옥수수수염
옥수수,옥수수유등
옥수수,옥수수전분
옥수수,옥수수맛분
옥수수,옥수수당면
옥수수,군옥수수향분말
옥수수,옥수수추출농축액
옥수수,알파콘옥수수
옥수수,옥수수기름
옥수수,자주색옥수수색소
생선,조미생선포
생선,생선콜라센
생선,생선액기스
생선,생선콜라겐
생선,생선데리야끼조림소스
생선,생선살꾸이
생선,생선조림용소스
생선,생선유자간장조림소스
생선,생선조림양념
우유함유,무지방우유함유크리머
우유함유,무지방우유함유
우유함유,무지방우유함유식물성크림
우유함유,우유함유
우유함유,무지방우유함유아이스프리마
우유함유,무지방우유함유크리머아이스
참깨,볶은참깨가루
참깨,참깨향
참깨,볶음참깨분
참깨,참깨와김고명
참깨,볶음참깨
참깨,조미참깨용조미액
참깨,참깨강정
참깨,검정참깨페이스트
참깨,솔솔참깨
참깨,검은참깨
참깨,조미참깨
참깨,참깨분말
참깨,농가참깨가루
참깨,조미참깨용
참깨,참깨씨즈닝오일
참깨,볶음참깨분말
참깨,볶은참깨분말
참깨,참깨향기름
참깨,참깨추출유
참깨,볶은참깨
참깨,검은참깨페이스트
참깨,참깨가루
참깨,참맛참깨
참깨,농가볶은참깨
참깨,고소한참깨야채볶음
참깨,흑볶음참깨
참깨,볶음흑참깨
참깨,찹쌀풀참깨흑임자드레싱
참깨,참깨조미분말
참깨,베베참깨
참깨,국산참깨
참깨,볶음검은참깨
참깨,통참깨
참깨,참깨버터분말
참깨,옛날볶음참깨분말
참깨,유기농참깨
참깨,참깨
참깨,검정참깨
참깨,볶음참깨가루
참깨,탈지참깨분말
참깨,맛있는참깨야채볶음
참깨,볶은참깨분
사골,사골곰국
사골,사골추출액
사골,국내산사골엑기스
사골,농축사골액
사골,우사골추출물
사골,사골설렁탕분말
사골,비프사골풍미료
사골,사골된장분말
사골,국내산사골추출액
사골,한우사골농축분말
사골,사골에기스
사골,사골분말
사골,사골양념분말
사골,농출사골액
사골,사골추출물분말
사골,진한국물사골분말
사골,사골우거지베이스
사골,사골비프혼합추출물
사골,한우사골육수
사골,우사골엑기스
사골,진사골추출물분말
사골,사골설렁탕분
사골,양지뜰사골육수
사골,국산한우사골
사골,한우사골도가니추출액
사골,돈사골엑기스
사골,사골풍미분
사골,한우사골엑기스
사골,사골모둠뼈육수
사골,진사골추추물분말
사골,사골추출물
사골,돈사골
사골,조미사골풍미분
사골,사골육수
사골,사골추출지방
사골,돈사골육수
사골,사골농축엑기스
사골,한우사골
사골,참맛사골양념분말
사골,사골농축액
사골,사골
사골,사골된장분
사골,사골잡뼈육수
사골,한우사골추출액
사골,사골풍미인핸서
사골,우사골
사골,사골맛내기분말
사골,돈사골추출농축액
사골,진사골농축액
사골,사골추출분말
사골,사골육수농축액
사골,사골우거지양념
사골,한우사골추출물
사골,진사골엑기스
사골,사골엑기스제이피
사골,사골엑기스분말
사골,한우사골풍미분
사골,사골액기스
사골,손맛사골국분말스프
사골,사골추출농축액
사골,사골육수조미분
사골,사골엑기스
사골,사골풍미인헨서
사골,한우사골추출농축액
사골,사골농축분말
사골,한우사골농축액
사골,한우사골뼈추출액
사골,사골엑기스분
사골,사골우린가루
이산화황함유,
대두함유식품,
아황산류함유식품,
토마,토마토페이스토
토마,토마토케챂
토마,토마토페이스트
토마,토마토케첩
토마,토마토캐찹
토마,토마토케첩골드
토마,건조토마토
토마,토마토페잇트
토마,부이토니토마토쿨리
토마,토마토색소
토마,토마토퓨레시럽
토마,토마토통조림
토마,토마토스파게티소스
토마,토마토파우다
토마,유기농토마토페이스트
토마,토마토찹
토마,토마토과즙
토마,커리토마토소스
토마,토마토크러쉬드
토마,토마토소스
토마,토마토함량
토마,토마토페이스
토마,토마토스파케티소스
토마,방울토마토
토마,토마토홀
토마,필드프럼토마토
토마,토마토로
토마,토마토농축액
토마,토마토향미유
토마,토마토엔바질맛시즈닝
토마,토마토캐챂
토마,방울토마토페이스트
토마,토마토스파게티소스분말
토마,동결건조토마토스파게티
토마,마르게리타다이스토마토
토마,토마토캐첩
토마,토마토스페이스
토마,토마토가공품
토마,콘센트레이티드크러쉬드토마토
토마,맥앤토마토소스
토마,토마토퓨레
토마,토마토주스
토마,토마틴
토마,토마토페이스트함량은가용성고형분
토마,토마토펄프
토마,토마토쥬수
토마,홀토마토
토마,파인리찹토마토
토마,유기농토마토파우더
토마,토마토쥬스
토마,볶음토마토분말
토마,칠리토마토소스
토마,다이스드토마토
토마,토마토케찹
토마,토마토농축퓨레
토마,토마토레드
토마,생가득토마토소스
토마,홀필드토마토
토마,벨오또콘센트레이티드크러쉬드토마토
토마,토마토다이스
토마,당근캐비지토마토소테
토마,농축토마토
토마,토마토향
토마,상큼한토마토케찹
토마,토마토스테이크소스
토마,칠리토마토스파게티소스
토마,토마토피자소스
토마,토마토
토마,크러시드토마토
토마,토마토즙으로
토마,동결건조토마토분말
토마,크러쉬드토마토
토마,토마토분말
토마,토마토분
토마,토마토케쳡
토마,콜스그라운드토마토
토마,자연드림상큼한토마토케찹
토마,토마토쿨리
토마,다이스토마토
적두,발아적두
적두,적두설기
적두,적두
페닐알라닌,페닐알라닌함유
페닐알라닌,페닐알라닌
닭고기향가루,닭고기향가루
아몬드,카라멜코팅아몬드
아몬드,후렌치후라이드아몬드
아몬드,코팅아몬드
아몬드,벚꽃향가득아몬드
아몬드,볶음슬라이스아몬드
아몬드,치즈유산균아몬드
아몬드,버터갈릭맛아몬드
아몬드,볶음아몬드분태
아몬드,아몬드향
아몬드,아몬드볼에이
아몬드,볶음아몬드
아몬드,흑미아몬드강정
아몬드,허니버터아몬드
아몬드,아몬드크림
아몬드,아몬드파우더
아몬드,허니버터아몬드분태
아몬드,드라이아몬드
아몬드,아몬드슬라이스
아몬드,아몬드플레이크
아몬드,아몬드
아몬드,아몬드가루
아몬드,백미아몬드컵샐러드
아몬드,구운아몬드
아몬드,떡볶이맛아몬드
아몬드,통아몬드
아몬드,당코팅아몬드분태
아몬드,아몬드향분말
아몬드,볶음아몬드완태
아몬드,유기농슬라이스아몬드
아몬드,아몬드분말
아몬드,아몬드페이스
아몬드,아몬드페이스트
아몬드,볶은아몬드
아몬드,현미아몬드
아몬드,아몬드향베이스
아몬드,고구마아몬드용시즈닝
아몬드,아몬드코팅분태
아몬드,아몬드액
아몬드,아몬드프랄린
아몬드,슬라이스아몬드
아몬드,콩고물아몬드
아몬드,아몬드분태
아몬드,백아몬드분말
아몬드,아몬드크랜베리혼합분태
아몬드,아몬드알갱이
아몬드,구운아몬드분태
아몬드,아몬드초코볼
아몬드,천연아몬드향
아몬드,아몬드분
아몬드,아몬드유
아몬드,볶음아몬드분말
아몬드,콘소메맛아몬드
아몬드,당코팅아몬드
일수없음,
닭고기를,
이산화항,
알,면료첨가알칼리제
알,알로에베라겔즙액절편
알,복합스파이스알에스
알,날치알
알,알로에겔
알,알로에
알,알리오올리오조미분말
알,알로에베라겔파우다
알,호두알갱이
알,알찬고추장그린
알,알파메밀분
알,명태알
알,알긴신
알,알팔파잎분말
알,메추리알
알,알로에베라겔
알,알긴산나트륨등
알,볶음알땅콩
알,알로에베라겔피우다
알,에그알부민파우더하이겔
알,알뜰복합믹스
알,명랑알가공품
알,알수없음
알,칼라믹스알에스
알,티알이
알,알래스카훈제연어
알,알로에로환산시
알,알파미분믹스
알,알파옥배아분
알,알로에베라시럽
알,히알루론산
알,알로에겔동결건조분말
알,알파릭트알부민
알,알긴산에스테르
알,알뜰복합믹스외
알,알파현미분말
알,버터후레바파우다알
알,호스이앤알
알,가라게알파믹스
알,새알심
알,썬믹스알파
알,인산화이알파전분
알,페닐알라닌함유
알,알곡
알,알로에베라
알,면류청가알칼리제
알,황산알류미늄
알,씨알로오곡초코로핀
알,알긴산젤리
알,알긴산
알,알로에배라겔즙액함유절편
알,에그알부민파우더
알,실리코알루미산나트륨
알,포티윰알
알,알길산에스테르
알,알로에베리젤파우더
알,포티엄알
알,알로에베라겔주스
알,알팔파스프라우트
알,알파현미분
알,오알에프
알,알렉스스테이크소스
알,면류참가알칼리제
알,명란알가공
알,알파찹쌀
알,절임알타리무
알,알길산프로필렌글리콜
알,알파바닐라크림
알,트리알로스
알,알파덱스트린
알,된장분말면첨가알칼리제
알,알피탈지대두분
알,알긴산나트륨
알,에칠알콜
알,페닐알라난함유
알,알땅콩
알,알파락트알부민강화
알,알파현미
알,면류첨가알카리제
알,알타리무
알,알파미분
알,알프레도크림소스
알,알콘에스
알,알파옥수수분말
알,알코올
알,방향족알데히드류
알,실리코알루민산나트륨
알,유기알파미분
알,알로에베라겔절편함유액
알,알파옥수수전분
알,콘후레이크알파
알,퍼플칼라엠씨알
알,알콘
알,혼합유산균알파
알,알로에베리즙
알,황산알루미늄캄륨
알,알콘티
알,알파소맥분
알,알뜰비엔나시즈닝
알,에틸알콜
알,알로에겔동결분말
알,알파탈지대두분
알,페닐알리닌함유
알,알에프비케이
알,알비디팜스테아린
알,호스이엔알
알,날치알레드
알,알간산프로필렌글리콜
알,씨알로우리쌀프레이트
알,알로에즙액
알,알가공품
알,날치알골드
알,액상알룰로스
알,벤질알데히드
알,찰옥수수인산이알파전분
알,디엘알파토코페롤
알,알로에베라결분말
알,페닐알린함유
알,알파쌀분말
알,절임알타리부
알,알뜰비엔나염지제
알,황토알카리소금
알,푸르푸릴알코올
알,알파옥분
알,디엘알파토콜페롤
알,메추리알모양후레이크
알,면류첨가알칼리제탄산칼륨
알,디엘알파토코페릴아세테이트
알,알배기배추
알,알로에베라겔즙액함유절편
알,알톤
알,디엘알파토코페놀
알,알파소백분
알,페닐알라님
알,알폰소망고퓨레
알,이소알토올리고당
알,티알프리믹스
알,알긴산프로필렌글리콜
알,알파콘푸라워
알,알기산나트륨
알,카조멜알
알,알파아밀라제
알,알파옥수수가루
알,알로에베라겔파우더
알,알파찰옥분
알,페닐알리닌
알,알파콘
알,알파대두분
알,케이알에스
알,알파찹쌀분말
알,생강엑기스알파
알,알로에베라겔즙액주스
알,알룰로스
알,알리오올리오맛씨즈닝
알,히알루론산혼합제제
알,알뜰믹스
알,감자알파전분
알,유기알파옥수수분말
알,옥수수알파전분
알,알파밀가루
알,스이엔알
알,알로에절편
알,알바트로스
알,알파밀쌀가루
알,알파아밀레아제
알,디엘알파토코페롤아세테이트
알,알파락트알부민
알,알파감자분말
알,알파미
알,육두구호스이엔알
알,알비디팜스테아린유
알,페닐알라인
알,알로에베라즙
알,유기알로에베라분말
알,비프엠알파우더
알,페닐알라닌
알,알찬고추장
알,알파포리겔
알,알파아밀라아제
알,황산알루미늄암모늄
알,알부민
알,알토믹스트린
알,찰옥수수알파전분
알,알라스카아이스티혼합농축과즙
알,알파아밀아아제
알,알파콘씨
알,알함유가공품
알,깐메추리알
알,해찬들알찬고추장그린
알,열빙어알
알,아몬드알갱이
알,알파전분
알,알파찰옥수수전분
알,알라닌
알,단호박마알파옥분
알,알지후랑크믹스
알,청어알
알,면류참가알카리제
알,땅콩알갱이
알,황토알칼리소금
알,알폰소망고향
알,알파옥베이분
알,황산알루미늄칼륨
알,알로에베라겔절편
알,알바디팜스테아린
알,에틸알골
알,알래스카크랩스
알,알콘에스비
알,우유사이알릴올리고당
알,알목심
알,벤즈알데히드
알,페니알라닌함유
알,알파소맥
알,대구알
알,알파콘옥수수
알,알긴사나트륨
알,알로에베라겔즙액
알,알파쌀가루
알,알로에베라겔문말
알,알파소맥전분
알,씨알찰진순대
알,면류첨가알칼리제
알,누리웰깐메추리알
알,알로에베라겔분말
알,새알쌀떡볶이
탈지분유,혼합탈지분유분말
탈지분유,탈염유청혼합탈지분유
탈지분유,탈지분유
탈지분유,유기농혼합탈지분유
탈지분유,탈지분유분말
탈지분유,혼합탈지분유
탈지분유,조제탈지분유
탈지분유,탈지분유프리퍼레이션
탈지분유,유단백질혼합탈지분유
탈지분유,유기농탈지분유
우골,우골엑기스
우골,우골베이스분말
우골,우골엑기스분말
우골,우골베이스
우골,우골조미분말
우골,우골농축액
우골,우골
우골,우골마늘조미분
우골,우골설렁탕분말
우골,우골추출물
분리대두단백,분리대두단백
분리대두단백,분리대두단백너겟
꼬막,꼬막엑기스
꼬막,꼬막칼슘분말
꼬막,꼬막
난각칼슘,난각칼슘
난각칼슘,난각칼슘정제염
난각칼슘,난각칼슘분말
알러지유발식품없음,
풍성한어묵탕,풍성한어묵탕
바지락,바지락살
바지락,바지락베이스
바지락,바지락우린육수
바지락,바지락밑국물
바지락,바지락조미엑기스
바지락,바지락엑기스분말
바지락,바지락추출농축액
바지락,뽕잎바지락죽용양념
바지락,바지락엑기스
바지락,바지락추출물
바지락,바지락
바지락,바지락추출물분말
바지락,바지락농축액
바지락,바지락분해액
아산화황,
복숭아,복숭아홍차분말
복숭아,복숭아과즙분말
복숭아,복숭아시럽
복숭아,복숭아
복숭아,복숭아농축과즙
복숭아,복숭아분말향
복숭아,복숭아청징농축과즙
복숭아,복숭아농축과즙분말
복숭아,복숭아향
복숭아,복숭아향분말
복숭아,복숭아농축퓨레
복숭아,복숭아과즙농축액
복숭아,복숭아다이스
복숭아,천연복숭아향
복숭아,복숭아파인애플시럽
복숭아,복숭아농츱과즙
복숭아,복숭아농축과즙액
복숭아,복숭아농축과즈
복숭아,복숭아퓨레시럽
복숭아,복숭아청징농축액
복숭아,복숭아퓨레다이스
복숭아,복숭아엑기스분말
복숭아,복숭아다이스시럽
복숭아,복숭아과즙으로
복숭아,복숭아크림
복숭아,복숭아농축액
복숭아,복숭아액키스
복숭아,복숭아퓨레
복숭아,복숭아젬
복숭아,복숭아홍차혼합분말
복숭아,복숭아과즙
돈창,돈창자
돈창,돈창
돈창,돈창지
토마투,
고등어함유,
전복포함,전복포함
복훙아,
우류,
돼지고기에,
굴함유,
돼지고기함유,
계란함유,
위소라,위소라
모시조개,모시조개
돈골추출물,돈골추출물
알류,황산알류미늄
호도,호도
쇠소기,
콩,콩발효맛내기진
콩,배합땅콩
콩,콩발효농축액
콩,김치맛콩나물분말
콩,분말콩국
콩,볶은검정콩
콩,땅콩향
콩,생콩가루
콩,튀김땅콩
콩,렌틸콩분말
콩,콩이온엿
콩,검은콩나또
콩,볶음분태땅콩
콩,볶은콩
콩,구운검은콩
콩,흰콩
콩,검은콩농축액
콩,땅콩가공분
콩,적강낭콩
콩,유기농콩
콩,완두콩꼬마새송이야채절임
콩,식물성콩발효베이스
콩,강남콩
콩,볶은콩가루
콩,로커스트콩검
콩,현미귀리퀴노아렌틸콩혼합분말
콩,볶음알땅콩
콩,약콩
콩,콩고물크림
콩,볶은콩눈
콩,동결건조완두콩
콩,콩고물호두
콩,콩향키베이스
콩,검정콩
콩,검정콩보리밥
콩,검은콩추출물
콩,콩단백발효물
콩,작두콩
콩,안동검은콩낫또
콩,밤콩
콩,검은콩분말
콩,검은콩향
콩,땅콩코팅분태
콩,땅콩유
콩,고추장용콩메주
콩,볶은콩향
콩,우리콩메주
콩,스키피땅콩버터
콩,땅콩가루
콩,조검정콩
콩,콩단백발효액대두
콩,구운땅콩
콩,랜틸콩분말
콩,자연숙성콩발효맛내기
콩,우리콩양조원액
콩,조미콩단백
콩,땅콩버터향
콩,콩초코스위트
콩,일반콩가루
콩,초코땅콩
콩,매실콩발효액
콩,강낭콩
콩,콩식용유
콩,유기농쥐눈이콩
콩,검은콩추출액
콩,하이올레익볶음땅콩
콩,볶음렌틸콩
콩,완두콩
콩,콩발효맛내기분말
콩,볶은렌틸콩가루
콩,콩나물추출농축액
콩,대두콩
콩,땅콩계란
콩,콩
콩,초코크림땅콩분말
콩,가염땅콩페이스트
콩,땅콩강정
콩,크리미땅콩버터
콩,알땅콩
콩,동결건조검은콩
콩,볶음땅콩
콩,국산콩된장
콩,땅콩오일
콩,국산콩가루
콩,발아약콩
콩,땅콩
콩,콩과당
콩,볶음콩베이스분말
콩,콩향
콩,메주콩
콩,콩발효추출분물
콩,콩가루
콩,구운렌틸콩
콩,이가네볶음콩가루
콩,땅콩볶음분
콩,볶음땅콩분말
콩,콩고물
콩,자연콩발효액
콩,렌즈콩
콩,땅콩혼합분말
콩,땅콩또는견과류가공품
콩,햇살콩국산두부
콩,구수한메주콩된장
콩,렌팅콩분말
콩,콩간장
콩,완두콩과립
콩,대두볶음콩가루
콩,콩단백분말
콩,콩고물가루
콩,코팅땅콩반태
콩,콩발효추출물분말
콩,완두콩퓨레
콩,콩기름
콩,녹차와사비완두콩
콩,호경콩단백
콩,해찬들콩발효메주된장
콩,콩나물추출물분말
콩,콩발효맛내기
콩,강낭콩앙금
콩,땅콩소보루
콩,국산콩메주
콩,렌틸콩생나또
콩,배합땅콩버터
콩,발아약콩분말
콩,건완두콩
콩,검은콩가루
콩,볶은렌틸콩
콩,땅콩분
콩,땅콩전지
콩,로커스트콩염
콩,로코스트콩검
콩,볶음콩가루
콩,병아리콩볶음
콩,렌탈콩
콩,땅콩맛크림
콩,새우땅콩볼
콩,땅콩분말
콩,율무땅콩
콩,국산콩두유액
콩,홍콩치킨베터
콩,커피땅콩분태
콩,동결건조검정콩
콩,콩비지
콩,조미콩단백분
콩,검정콩가루
콩,콩나물
콩,땅콩함유
콩,볶음땅콩반태
콩,냉동콩국물
콩,국산검은콩
콩,볶음렌틸콩분말
콩,탈지땅콩분말
콩,콩나물엑기스분말
콩,콩고물향
콩,열풍병아리콩
콩,국산콩
콩,약콩분말
콩,콩코드포도농축액
콩,검정콩고형분
콩,꿀탕콩
콩,볶은렌틸콩분말
콩,그린콩
콩,검정콩볶은분말
콩,쥐눈이콩
콩,흰강낭콩
콩,볶은콩향오일
콩,자연숙성콩발효액깊은맛
콩,자연숙성콩발효액
콩,홀레드렌틸콩분말
콩,로거스트콩검
콩,땅콩반태
콩,검은콩
콩,콩고물아몬드
콩,스키피땅콩버터크리미
콩,콩나물잡채
콩,검은콩보리밥
콩,로커스콩검
콩,강낭콩설기
콩,콩코드포도과즙으로
콩,그린콩씨
콩,리마콩
콩,이집트콩
콩,볶은콩초코코팅
콩,콩단백
콩,베베콩고기
콩,검은콩추출농축액
콩,볶음땅콩분태
콩,볶은검은콩분말
콩,식물성콩발효액
콩,볶은검정콩가루
콩,땅콩크림
콩,땅콩버터
콩,땅콩분태
콩,땅콩알갱이
콩,땅콩전지분
콩,볶음콩분말
콩,볶음콩가루분말
콩,콩나물장국분
콩,완두콩플레이크
콩,꿀땅콩
콩,발아강낭콩
콩,발효렌틸콩볶음분말
콩,볶음콩베이스
콩,강낭콩배기
콩,콩나물엑기스
콩,국산콩생나또
콩,천연땅콩향
콩,로스트콩검
콩,찹쌀땅콩
콩,콩국물
콩,입힘땅콩
콩,렌틸콩
콩,콩단백발효액
콩,땅콩밀키
콩,울타리콩
콩,콩메주
콩,당코팅땅콩조각
콩,검정약콩
콩,땅콩페이스트
콩,검정콩분말
콩,커피땅콩
콩,유기농콩코드포도농축액
콩,렌틸콩볶음분말
콩,국산약콩
콩,풋콩
콩,동부콩
콩,콩분말
콩,날콩
콩,국산콩발효액
아황산,메타중아황산나트륨
아황산,무수아황산
아황산,산성아황산나트룸
아황산,아황산류
아황산,차아황산나트륨
아황산,산성아황산나트륨
아황산,산선아황산나트륨
아황산,메타중아황산칼륨
아황산,아황산나트륨
난황분말,가당난황분말
난황분말,난황분말
새우추출물,새우추출물
새우추출물,새우추출물분말
돈골,돈골조미분말
돈골,돈골농축액분말
돈골,돈골농축액
돈골,돈골
돈골,돈골엑시그
돈골,돈골조미분
돈골,돈골대파즙분말
돈골,돈골농축분말
돈골,돈골추출물
돈골,돈골엑기스
돈골,조미돈골엑기스
돈골,돈골추출액
카제인나트륨,유당카제인나트륨
카제인나트륨,카제인나트륨
탈지대두,유기농탈지대두
탈지대두,탈지대두후레이크
탈지대두,탈지대두단백
탈지대두,탈지대두분
탈지대두,알피탈지대두분
탈지대두,탈지대두분말
탈지대두,알파탈지대두분
탈지대두,볶음탈지대두분
탈지대두,탈지대두인도산
탈지대두,탈지대두
알수없음,알수없음
새우분말,건새우분말
새우분말,농축새우분말
새우분말,새우분말에스
새우분말,조미새우분말
새우분말,볶음새우분말
새우분말,도화새우분말
새우분말,새우분말
버터,리치버터
버터,피넛버터블랜드
버터,버터향페이스트
버터,허니버터키슈너트
버터,이즈니버터
버터,허니버터씨즈닝
버터,버터리체다시즈닝
버터,크림버터혼합분말
버터,버터후레바
버터,버터갈릭맛아몬드
버터,허니버터시럽
버터,버터밀크파우더
버터,코코아버터
버터,버터
버터,버터바닐라밀크향
버터,버터체다혼합분말
버터,버터모짜렐라혼합분말
버터,버터향베이스
버터,혼합버터분말
버터,스키피땅콩버터
버터,버터후레바파우다알
버터,리쎄스피넛버터향칩
버터,무염버터
버터,스위트버터맛분말
버터,허니버터아몬드
버터,피넛버터초콜릿
버터,버터후레바분말엔
버터,버터버드
버터,땅콩버터향
버터,스위트버터시즈닝
버터,농축버터버드
버터,허니버터구이용시즈닝
버터,허니버터아몬드분태
버터,버터향
버터,허니버터향
버터,발효가공버터
버터,버터후레바향분말
버터,허니버터맛시즈닝
버터,크리미땅콩버터
버터,버터체다파우더
버터,리쎄스크리미피넛버터
버터,버터브랜드
버터,천연버터
버터,버터맛분말
버터,버터엑시드
버터,버터리체다씨즈닝
버터,버터맛씨즈닝
버터,버터맛시즈닝
버터,서울우유버터
버터,버터루
버터,버터지방
버터,건조버터
버터,무가염버터
버터,버터향오일
버터,허니버터시즈닝
버터,허니버터향분말
버터,카카오버터
버터,버터유
버터,가공버터
버터,버터오일
버터,버터밀크분말
버터,허니버터바나나시즈닝
버터,버터간장조미분말
버터,버터갈릭맛프레첼
버터,버터유분말
버터,허니버터마카다미아
버터,배합땅콩버터
버터,허니버터맛시즈닝분말
버터,스위트버터분말
버터,무수버터오일
버터,유당코코아버터
버터,버터갈릭맛씨즈닝
버터,후라이드용버터믹스
버터,천연버터향
버터,버터구이오징어맛시즈닝
버터,미트플레이버터파우더
버터,버터페이스트
버터,혼합버터유
버터,버터밀크
버터,버터리치즈파우더
버터,허니버터딸기시즈닝
버터,화이트카카오버터
버터,크림버터분말
버터,국산버터
버터,정백당코코아버터
버터,허니버터호두
버터,버터갈릭씨즈닝
버터,버터블랜드
버터,버터분말
버터,고메버터
버터,버터갈릭시즈닝
버터,허니버터맛씨즈닝
버터,버터리치즈파우다
버터,버터혼합분말
버터,참깨버터분말
버터,달콤한버터맛씨즈닝
버터,허니버터피칸
버터,스키피땅콩버터크리미
버터,버터혼합분
버터,허니버터캐슈넛트
버터,버터시즈닝분말
버터,버터파우다
버터,버터스카치향베이스
버터,피넛버터
버터,로스트양파버터풍미유
버터,허니버터맛시즈닝에스와이
버터,크림버터
버터,땅콩버터
버터,리치버터분말
버터,허니버터소스
버터,크림버터혼합분
버터,땅콜버터
버터,버터그릴향
버터,허니맛버터씨즈닝
버터,버터구이맛시즈닝
홍합포함,홍합포함
고등어,고등어추출물
고등어,고등어
고등어,고등어엑기스
레시틴,레시틴
레시틴,소이레시틴
레시틴,레시틴혼합제제
레시틴,대두레시틴
레시틴,레시틴제이인산칼륨
레시틴,분말레시틴
레시틴,대두레시틴분말
레시틴,효소분해레시틴
레시틴,해바라기레시틴
레시틴,레시틴분말
계,월계잎
계,월계수
계,국내산계란
계,삼계탕베이스분말
계,오골계
계,삼계탕용
계,삼계탕육수농축액
계,계량메주발효물
계,누리웰깐계란
계,계피생강곶감혼합추출액
계,계피향
계,계피추출액
계,삶은계란
계,삼계탕용육수
계,계란찜분말
계,월계수분말
계,계피추출물
계,계란
계,삼계탕맛시즈닝
계,계피가루
계,계정육
계,육계
계,계란맛어포
계,유기농계란
계,삼계소스
계,계향
계,계란스크램블
계,계란노른자
계,땅콩계란
계,계분쇄육
계,계피농축추출물
계,계육
계,제빵계량제
계,월계수잎분말
계,월계수잎분
계,무항생제계란
계,계란후레이크
계,계
계,기계발골육
계,월계
계,계란블럭
계,계피분말
계,월계수분
계,계피
계,계란말이후레이크
계,계피농축액
계,계피혼합믹스
계,계피분
계,계란난황립
계,계란흰자분말
계,계피엑기스분말
계,삼계탕소스
계,계육액분말
계,계란흰자
계,월계수잎
계,계란지단
계,월계수잎가루
계,계피엑기스레진
계,계란구이
계,삼계닭
계,초계엑기스
계,계란자숙액
계,계육추출물
계,계피엑기스
계,계란흰지분말
계,계지
계,계란고명
계,계란과립
계,계량메주된장
평양물냉면,평양물냉면
토마토,토마토페이스토
토마토,토마토케챂
토마토,토마토페이스트
토마토,토마토케첩
토마토,토마토캐찹
토마토,토마토케첩골드
토마토,건조토마토
토마토,토마토페잇트
토마토,부이토니토마토쿨리
토마토,토마토색소
토마토,토마토퓨레시럽
토마토,토마토통조림
토마토,토마토스파게티소스
토마토,토마토파우다
토마토,유기농토마토페이스트
토마토,토마토찹
토마토,토마토과즙
토마토,커리토마토소스
토마토,토마토크러쉬드
토마토,토마토소스
토마토,토마토함량
토마토,토마토페이스
토마토,토마토스파케티소스
토마토,방울토마토
토마토,토마토홀
토마토,필드프럼토마토
토마토,토마토로
토마토,토마토농축액
토마토,토마토향미유
토마토,토마토엔바질맛시즈닝
토마토,토마토캐챂
토마토,방울토마토페이스트
토마토,토마토스파게티소스분말
토마토,동결건조토마토스파게티
토마토,마르게리타다이스토마토
토마토,토마토캐첩
토마토,토마토스페이스
토마토,토마토가공품
토마토,콘센트레이티드크러쉬드토마토
토마토,맥앤토마토소스
토마토,토마토퓨레
토마토,토마토주스
토마토,토마토페이스트함량은가용성고형분
토마토,토마토펄프
토마토,토마토쥬수
토마토,홀토마토
토마토,파인리찹토마토
토마토,유기농토마토파우더
토마토,토마토쥬스
토마토,볶음토마토분말
토마토,칠리토마토소스
토마토,다이스드토마토
토마토,토마토케찹
토마토,토마토농축퓨레
토마토,토마토레드
토마토,생가득토마토소스
토마토,홀필드토마토
토마토,벨오또콘센트레이티드크러쉬드토마토
토마토,토마토다이스
토마토,당근캐비지토마토소테
토마토,농축토마토
토마토,토마토향
토마토,상큼한토마토케찹
토마토,토마토스테이크소스
토마토,칠리토마토스파게티소스
토마토,토마토피자소스
토마토,토마토
토마토,크러시드토마토
토마토,토마토즙으로
토마토,동결건조토마토분말
토마토,크러쉬드토마토
토마토,토마토분말
토마토,토마토분
토마토,토마토케쳡
토마토,콜스그라운드토마토
토마토,자연드림상큼한토마토케찹
토마토,토마토쿨리
토마토,다이스토마토
게함유,
닭고기함유,
이산화황,이산화황
이황산류,
닭괴,
조래규,
새우함유,새우함유
대두유,부분경화대두유
대두유,정제대두유
대두유,대두유
대두유,경화대두유
대두유,대두유액
대두유,유기농대두유
대두유,유기대두유
대두유,대두유혼합제제
굴,전복굴농축액
굴,굴추출농축액
굴,굴껍질분말
굴,토굴숙성된장
굴,굴소스
굴,굴소스면
굴,굴소스타케이
굴,굴지숙농축액
굴,갈아만든광천토굴새우젓
굴,둥굴레분말
굴,굴육수
굴,굴베이스
굴,비셰프굴소스
굴,남해굴농축액
굴,바다향굴소스
굴,프리미엄굴소스엔엠
굴,굴탕자숙액분말
굴,둥굴레
굴,굴농축액
굴,바다향가득굴소스
굴,호유굴소스
굴,대잎둥굴레
굴,굴엑기스씨즈닝분말
굴,팬더굴소스
굴,굴소스엔엠
굴,통영굴김
굴,굴추출물
굴,둥굴레근
굴,둥굴래
굴,백설남해굴소스
굴,둥굴레믹스
굴,굴엑기스
굴,볶은둥굴레추출액
굴,전복굴엑기스
굴,굴엑기스분말
굴,굴소스농축액
굴,매운굴농축액
굴,자맛통영굴짬뽕건강분말스프
굴,자맛통영굴짬뽕후레이크
굴,굴소스엔
굴,오뚜기굴소스
굴,굴분해액
굴,굴
굴,굴추출액
굴,둥굴레차추출액
굴,볶은둥굴레
굴,굴추출물분말
땅콩,배합땅콩
땅콩,땅콩향
땅콩,튀김땅콩
땅콩,볶음분태땅콩
땅콩,땅콩가공분
땅콩,볶음알땅콩
땅콩,땅콩코팅분태
땅콩,땅콩유
땅콩,스키피땅콩버터
땅콩,땅콩가루
땅콩,구운땅콩
땅콩,땅콩버터향
땅콩,초코땅콩
땅콩,하이올레익볶음땅콩
땅콩,땅콩계란
땅콩,초코크림땅콩분말
땅콩,가염땅콩페이스트
땅콩,땅콩강정
땅콩,크리미땅콩버터
땅콩,알땅콩
땅콩,볶음땅콩
땅콩,땅콩오일
땅콩,땅콩
땅콩,땅콩볶음분
땅콩,볶음땅콩분말
땅콩,땅콩혼합분말
땅콩,땅콩또는견과류가공품
땅콩,코팅땅콩반태
땅콩,땅콩소보루
땅콩,배합땅콩버터
땅콩,땅콩분
땅콩,땅콩전지
땅콩,땅콩맛크림
땅콩,새우땅콩볼
땅콩,땅콩분말
땅콩,율무땅콩
땅콩,커피땅콩분태
땅콩,땅콩함유
땅콩,볶음땅콩반태
땅콩,탈지땅콩분말
땅콩,땅콩반태
땅콩,스키피땅콩버터크리미
땅콩,볶음땅콩분태
땅콩,땅콩크림
땅콩,땅콩버터
땅콩,땅콩분태
땅콩,땅콩알갱이
땅콩,땅콩전지분
땅콩,꿀땅콩
땅콩,천연땅콩향
땅콩,찹쌀땅콩
땅콩,입힘땅콩
땅콩,땅콩밀키
땅콩,당코팅땅콩조각
땅콩,땅콩페이스트
땅콩,커피땅콩
메밀가루,제일제면소혼합메밀가루
메밀가루,메밀가루
메밀가루,볶음메밀가루
메밀가루,혼합메밀가루
메밀가루,메밀가루프리믹스
메밀가루,볶은메밀가루
메밀가루,메밀가루혼합분말
전복,전복굴농축액
전복,전복죽용소스
전복,전복엑기스
전복,전복진육
전복,전복
전복,전복내장
전복,전복굴엑기스
전복,전복포함
전복,전복죽육수
전복,전복살
전복,전복소스
난류,
디엘파마산플러스,디엘파마산플러스
메추리알,메추리알
메추리알,메추리알모양후레이크
메추리알,깐메추리알
메추리알,누리웰깐메추리알
게추출물,꽃게추출물
게추출물,꽃게추출물분말
닭뼈,닭뼈
날류,
대두포함,
쇠고기함유,쇠고기함유
두부,두부
두부,두부코코넛가츠
두부,리얼탱탱두부
두부,마파두부소스
두부,진두부순대양념
두부,가공두부
두부,담백한두부덮밥
두부,두부카츠
두부,동결건조두부
두부,두부코코넛치킨까스
두부,두부적네모떡갈비
두부,햇살콩국산두부
두부,두부판자넬라샐러드믹스
두부,두부응고제
두부,동결건조두부디이스
두부,순두부
두부,연두부
두부,두부코코넛돈까스
땅콩함유,땅콩함유
유부,건조조미유부
유부,유부초밥조미볶음
유부,유부
유부,고단백건조유부
유부,유부조미액
유부,유부조미액베이스
유부,조미유부
게란,게란후레이크
춘장,볶음춘장분말
춘장,직화볶음춘장베이스
춘장,춘장
춘장,우리밀춘장
춘장,볶음춘장
춘장,중찬명가춘장
춘장,볶음춘장소스
춘장,분말춘장
우유,농축우유
우유,서울우유펠렛
우유,우유단백분말
우유,카페베네우유
우유,멸균우유
우유,우유고형분
우유,농축우유단백질
우유,무가당농축우유인지질
우유,탈지농축우유
우유,무지방우유함유크리머
우유,유기농우유
우유,우유세라마이드
우유,살균우유
우유,무지방우유함유
우유,탈지우유
우유,무지방우유함유식물성크림
우유,우유단백농축물
우유,우유성분함유크리머
우유,서울우유버터
우유,우유분리단백
우유,우유카스타드
우유,우유원유
우유,우유향
우유,무지방농축우유
우유,우유
우유,우유포함
우유,국산저지방우유
우유,우유분말
우유,농축우유포함
우유,우유응고효소
우유,우유함유
우유,환원무지방우유
우유,우유크림
우유,저지방우유
우유,무지방우유
우유,탈지유또는환원무지방우유
우유,우유단백질
우유,우유뷴말
우유,우유샌드크림
우유,살균우유등
우유,무지방우유함유아이스프리마
우유,우유칼슘
우유,농축우유단백분말
우유,바나나우유맛시즈닝
우유,우유사이알릴올리고당
우유,무지방우유함유크리머아이스
우유,우유강글리오사이드
토미토,
토마토페이스트,토마토페이스트
토마토페이스트,유기농토마토페이스트
토마토페이스트,방울토마토페이스트
토마토페이스트,토마토페이스트함량은가용성고형분
양파,양파고추장
양파,로스팅양파분
양파,로스티드양파
양파,볶음양파페이스트
양파,마늘양파풍미분말
양파,고소한양파유
양파,조미양파풍미료
양파,양파맛조미분말
양파,혼합양파분말
양파,양파껍질
양파,구운양파분
양파,자색양파착즙액
양파,양파풍미유
양파,양파맛시즈닝
양파,양파엑기스
양파,양파비프볶음분말
양파,무안양파
양파,양파씨즈닝
양파,건양파분말
양파,유기농동결건조양파가루
양파,양파퓨레
양파,볶음양파
양파,양파씨즈닝믹스
양파,양파조미믹스
양파,건조양파
양파,양파즙분말
양파,양파농축엑기스등
양파,양파맛씨즈닝
양파,양파추출베이스
양파,양파즙농축액
양파,볶은양파농축액
양파,국산양파엑기스
양파,무인양파
양파,분말양파
양파,냉동볶음양파
양파,양파찹
양파,볶음양파소스
양파,양파즙
양파,깐양파
양파,볶음양파분말
양파,양파정제수
양파,양파향파우더
양파,구운양파분말
양파,양파분말
양파,양파분태
양파,양파칩
양파,양파분말조미생강분
양파,양파등
양파,양파양념장
양파,종가집순한양파
양파,조미볶음양파분말
양파,양파과립
양파,양파농축엑기스
양파,양파분
양파,양파쥬스농축액
양파,유기농양파
양파,용해형양파향신조미료
양파,적양파
양파,양파액기스
양파,양파풍미분
양파,동결건조양파분말
양파,로스트양파풍미유
양파,양파추출오일
양파,로스트양파분말
양파,양파대두단백
양파,양파추출분말
양파,양파간장복합분말
양파,양파다이스
양파,양파향분말
양파,양파오일
양파,양파페이스트
양파,조미양파분말
양파,양파베이스
양파,양파베이컨맛시즈닝
양파,대파양파농축액
양파,조미양파분
양파,마늘양파혼합분
양파,양파씨즈닝오일
양파,구운양파혼합분
양파,전분혼합양파분말
양파,양파분믹스
양파,양파문말
양파,구운양파향
양파,양파껍질추출액
양파,볶음양파양념분
양파,양파추출농축액
양파,볶음마늘양파
양파,마늘양파복합믹스
양파,볶음양파오일
양파,조미건양파
양파,구운양파마늘분말
양파,간양파
양파,매콤한양파맛베이스분말
양파,양파향
양파,구운양파조각
양파,양파착즙분말
양파,볶음양파분
양파,생양파
양파,양파미
양파,양파
양파,다진양파
양파,건양파가루
양파,양파조미베이스
양파,양파추출물
양파,양파껍질추출물
양파,볶음양파시즈닝
양파,양파추출물베이스
양파,양파조미유
양파,양파시즈닝
양파,조제양파분말
양파,양파추출물분말
양파,건양파분
양파,볶음양파조미유
양파,양파마늘엑기스분말
양파,양파크림분말
양파,양파쿨리
양파,냉동양파볶음
양파,양파분대
양파,양파엑기스분말
양파,배터믹스양파
양파,조미볶음양파
양파,양파캔다
양파,후라이드양파맛씨즈닝
양파,양파볶음베이스
양파,무농약양파
양파,양파쳐트니
양파,양파시즈닝오일
양파,양파맛분말
양파,양파분발
양파,로스트양파버터풍미유
양파,양파소테
양파,양파피클
양파,양파스파이스로얄
양파,후라이드양파향
양파,양파풍미액
양파,양파비프조미분
양파,양파향베이스
양파,건양파
양파,양파맛베이스분말
양파,산분해간장양파
양파,양파향미유
양파,미니양파링베이스분말
양파,로스팅양파분말
양파,양파후레이크
양파,냉동양파
양파,양파농축액
양파,양파가루
양파,동결건조양파
