prdkind,rawmtr
홍합,홍합엑기스
홍합,생홍합엑기스
홍합,홍합지미베이스분말
홍합,건홍합
홍합,홍합추출농축액
홍합,진한홍합가루
홍합,홍합농축액
홍합,홍합조미분말
홍합,홍합
홍합,홍합살
홍합,홍합짬뽕베이스
홍합,홍합농축분말
홍합,홍합조미추출물
홍합,홍합맛분말
홍합,홍합가루
홍합,홍합포함
홍합,홍합베이스분말
홍합,홍합분말
홍합,홍합볼
홍합,건조홍합
홍합,오징어조미분말홍합엑기스분말
홍합,홍합추출물
홍합,멸치홍합스톡
홍합,홍합조미분
홍합,홍합엑기스분말
호두,호두함유
호두,호두마른정과
호두,호두알갱이
호두,콩고물호두
호두,호두향
호두,호두
호두,호두혼합견과페이스트
호두,호두유
호두,호두이상국산
호두,당코팅호두분태
호두,호두분태
호두,호두살
호두,허니버터호두
호두,호두분
호두,호두향분말
호두,호두액
호두,호두페이스트
호두,호두분말
호두,호도
현미,현미유과
헤이즐넛,헤이즐넛초코크림
헤이즐넛,헤이즐넛페이스트
헤이즐넛,천연헤이즐넛행
헤이즐넛,헤이즐넛프랄린
헤이즐넛,헤이즐넛분말
헤이즐넛,헤이즐넛페이스트분말
헤이즐넛,헤이즐넛액
헤이즐넛,천연헤이즐넛향
헤이즐넛,헤이즐넛
헤이즐넛,구운헤이즐넛
헤이즐넛,헤이즐넛향
헤이즐넛,헤이즐넛초코시럽
헤이즐넛,헤이즐넛스프레드위드코코아
밀,밀함유
대두,대두함유
우유,무지방우유함유크리머
페닐알리닌,페닐알라닌함유
우유,무지방우유함유
페닐알리닌,페닐알라난함유
우유,무지방우유함유식물성크림
새우,새우함유
우유,우유성분함유크리머
페닐알리닌,페닐알리닌함유
페닐알리닌,페닐알린함유
쇠고기,쇠고기함유
우유,우유함유
땅콩,땅콩함유
페닐알리닌,페닐아라닌함유
난류,알함유가공품
우유,무지방우유함유아이스프리마
우유,무지방우유함유크리머아이스
우유,유원료함유
견과,피칸
견과,구운피칸
견과,허니버터피칸
견과,피칸분태
생선,풍성한어묵탕
페닐알리닌,페닐알라닌함유
페닐알리닌,페닐알라닌
팬케이크,
토마토,토미토
토마토,토마투
토마토,토마토함유식품
토마토,토마토함유
토마토,토마토페이스트
토마토,유기농토마토페이스트
토마토,방울토마토페이스트
토마토,토마토페이스토
토마토,토마토케챂
토마토,토마토페이스트
토마토,토마토케첩
토마토,토마토캐찹
토마토,토마토케첩골드
토마토,건조토마토
토마토,토마토페잇트
토마토,부이토니토마토쿨리
토마토,토마토색소
토마토,토마토퓨레시럽
토마토,토마토통조림
토마토,토마토스파게티소스
토마토,토마토파우다
토마토,유기농토마토페이스트
토마토,토마토찹
토마토,토마토과즙
토마토,커리토마토소스
토마토,토마토크러쉬드
토마토,토마토소스
토마토,토마토함량
토마토,토마토페이스
토마토,토마토스파케티소스
토마토,방울토마토
토마토,토마토홀
토마토,필드프럼토마토
토마토,토마토로
토마토,토마토농축액
토마토,토마토향미유
토마토,토마토엔바질맛시즈닝
토마토,토마토캐챂
토마토,방울토마토페이스트
토마토,토마토스파게티소스분말
토마토,동결건조토마토스파게티
토마토,마르게리타다이스토마토
토마토,토마토캐첩
토마토,토마토스페이스
토마토,토마토가공품
토마토,콘센트레이티드크러쉬드토마토
토마토,맥앤토마토소스
토마토,토마토퓨레
토마토,토마토주스
토마토,토마틴
토마토,토마토페이스트함량은가용성고형분
토마토,토마토펄프
토마토,토마토쥬수
토마토,홀토마토
토마토,파인리찹토마토
토마토,유기농토마토파우더
토마토,토마토쥬스
토마토,볶음토마토분말
토마토,칠리토마토소스
토마토,다이스드토마토
토마토,토마토케찹
토마토,토마토농축퓨레
토마토,토마토레드
토마토,생가득토마토소스
토마토,홀필드토마토
토마토,벨오또콘센트레이티드크러쉬드토마토
토마토,토마토다이스
토마토,당근캐비지토마토소테
토마토,농축토마토
토마토,토마토향
토마토,상큼한토마토케찹
토마토,토마토스테이크소스
토마토,칠리토마토스파게티소스
토마토,토마토피자소스
토마토,토마토
토마토,크러시드토마토
토마토,토마토즙으로
토마토,동결건조토마토분말
토마토,크러쉬드토마토
토마토,토마토분말
토마토,토마토분
토마토,토마토케쳡
토마토,콜스그라운드토마토
토마토,자연드림상큼한토마토케찹
토마토,토마토쿨리
토마토,다이스토마토
토마토,토마토페이스토
토마토,토마토케챂
토마토,토마토페이스트
토마토,토마토케첩
토마토,토마토캐찹
토마토,토마토케첩골드
토마토,건조토마토
토마토,토마토페잇트
토마토,부이토니토마토쿨리
토마토,토마토색소
토마토,토마토퓨레시럽
토마토,토마토통조림
토마토,토마토스파게티소스
토마토,토마토파우다
토마토,유기농토마토페이스트
토마토,토마토찹
토마토,토마토과즙
토마토,커리토마토소스
토마토,토마토크러쉬드
토마토,토마토소스
토마토,토마토함량
토마토,토마토페이스
토마토,토마토스파케티소스
토마토,방울토마토
토마토,토마토홀
토마토,필드프럼토마토
토마토,토마토로
토마토,토마토농축액
토마토,토마토향미유
토마토,토마토엔바질맛시즈닝
토마토,토마토캐챂
토마토,방울토마토페이스트
토마토,토마토스파게티소스분말
토마토,동결건조토마토스파게티
토마토,마르게리타다이스토마토
토마토,토마토캐첩
토마토,토마토스페이스
토마토,토마토가공품
토마토,콘센트레이티드크러쉬드토마토
토마토,맥앤토마토소스
토마토,토마토퓨레
토마토,토마토주스
토마토,토마토페이스트함량은가용성고형분
토마토,토마토펄프
토마토,토마토쥬수
토마토,홀토마토
토마토,파인리찹토마토
토마토,유기농토마토파우더
토마토,토마토쥬스
토마토,볶음토마토분말
토마토,칠리토마토소스
토마토,다이스드토마토
토마토,토마토케찹
토마토,토마토농축퓨레
토마토,토마토레드
토마토,생가득토마토소스
토마토,홀필드토마토
토마토,벨오또콘센트레이티드크러쉬드토마토
토마토,토마토다이스
토마토,당근캐비지토마토소테
토마토,농축토마토
토마토,토마토향
토마토,상큼한토마토케찹
토마토,토마토스테이크소스
토마토,칠리토마토스파게티소스
토마토,토마토피자소스
토마토,토마토
토마토,크러시드토마토
토마토,토마토즙으로
토마토,동결건조토마토분말
토마토,크러쉬드토마토
토마토,토마토분말
토마토,토마토분
토마토,토마토케쳡
토마토,콜스그라운드토마토
토마토,자연드림상큼한토마토케찹
토마토,토마토쿨리
토마토,다이스토마토
토마토,토마도
땅콩,꿀탕콩
우유,혼합탈지분유분말
우유,탈염유청혼합탈지분유
우유,탈지분유
우유,유기농혼합탈지분유
우유,탈지분유분말
우유,혼합탈지분유
우유,조제탈지분유
우유,탈지분유프리퍼레이션
우유,유단백질혼합탈지분유
우유,유기농탈지분유
대두,유기농탈지대두
대두,탈지대두후레이크
대두,탈지대두단백
대두,탈지대두분
대두,알피탈지대두분
대두,탈지대두분말
대두,알파탈지대두분
대두,볶음탈지대두분
대두,탈지대두인도산
대두,탈지대두
콩,타요견과
콩,콩발효맛내기진
콩,배합땅콩
콩,콩발효농축액
콩,김치맛콩나물분말
콩,분말콩국
콩,볶은검정콩
콩,땅콩향
콩,생콩가루
콩,튀김땅콩
콩,렌틸콩분말
콩,콩이온엿
콩,검은콩나또
콩,볶음분태땅콩
콩,볶은콩
콩,구운검은콩
콩,흰콩
콩,검은콩농축액
콩,땅콩가공분
콩,적강낭콩
콩,유기농콩
콩,완두콩꼬마새송이야채절임
콩,식물성콩발효베이스
콩,강남콩
콩,볶은콩가루
콩,로커스트콩검
콩,현미귀리퀴노아렌틸콩혼합분말
콩,볶음알땅콩
콩,약콩
콩,콩고물크림
콩,볶은콩눈
콩,동결건조완두콩
콩,콩고물호두
콩,콩향키베이스
콩,검정콩
콩,검정콩보리밥
콩,검은콩추출물
콩,콩단백발효물
콩,작두콩
콩,안동검은콩낫또
콩,밤콩
콩,검은콩분말
콩,검은콩향
콩,땅콩코팅분태
콩,땅콩유
콩,고추장용콩메주
콩,볶은콩향
콩,우리콩메주
콩,스키피땅콩버터
콩,땅콩가루
콩,조검정콩
콩,콩단백발효액대두
콩,구운땅콩
콩,랜틸콩분말
콩,자연숙성콩발효맛내기
콩,우리콩양조원액
콩,조미콩단백
콩,땅콩버터향
콩,콩초코스위트
콩,일반콩가루
콩,초코땅콩
콩,매실콩발효액
콩,강낭콩
콩,콩식용유
콩,유기농쥐눈이콩
콩,검은콩추출액
콩,하이올레익볶음땅콩
콩,볶음렌틸콩
콩,완두콩
콩,콩발효맛내기분말
콩,볶은렌틸콩가루
콩,콩나물추출농축액
콩,대두콩
콩,땅콩계란
콩,콩
콩,초코크림땅콩분말
콩,가염땅콩페이스트
콩,땅콩강정
콩,크리미땅콩버터
콩,알땅콩
콩,동결건조검은콩
콩,볶음땅콩
콩,국산콩된장
콩,땅콩오일
콩,국산콩가루
콩,발아약콩
콩,땅콩
콩,콩과당
콩,볶음콩베이스분말
콩,콩향
콩,메주콩
콩,콩발효추출분물
콩,콩가루
콩,구운렌틸콩
콩,이가네볶음콩가루
콩,땅콩볶음분
콩,볶음땅콩분말
콩,콩고물
콩,자연콩발효액
콩,렌즈콩
콩,땅콩혼합분말
콩,땅콩또는견과류가공품
콩,햇살콩국산두부
콩,구수한메주콩된장
콩,렌팅콩분말
콩,콩간장
콩,완두콩과립
콩,대두볶음콩가루
콩,콩단백분말
콩,콩고물가루
콩,코팅땅콩반태
콩,콩발효추출물분말
콩,완두콩퓨레
콩,콩기름
콩,녹차와사비완두콩
콩,호경콩단백
콩,해찬들콩발효메주된장
콩,콩나물추출물분말
콩,콩발효맛내기
콩,강낭콩앙금
콩,땅콩소보루
콩,국산콩메주
콩,렌틸콩생나또
콩,배합땅콩버터
콩,발아약콩분말
콩,건완두콩
콩,검은콩가루
콩,볶은렌틸콩
콩,땅콩분
콩,땅콩전지
콩,로커스트콩염
콩,로코스트콩검
콩,볶음콩가루
콩,병아리콩볶음
콩,렌탈콩
콩,땅콩맛크림
콩,새우땅콩볼
콩,땅콩분말
콩,율무땅콩
콩,국산콩두유액
콩,홍콩치킨베터
콩,커피땅콩분태
콩,동결건조검정콩
콩,콩비지
콩,조미콩단백분
콩,검정콩가루
콩,콩나물
콩,땅콩함유
콩,볶음땅콩반태
콩,냉동콩국물
콩,국산검은콩
콩,볶음렌틸콩분말
콩,탈지땅콩분말
콩,콩나물엑기스분말
콩,콩고물향
콩,열풍병아리콩
콩,국산콩
콩,약콩분말
콩,콩코드포도농축액
콩,검정콩고형분
콩,꿀탕콩
콩,볶은렌틸콩분말
콩,그린콩
콩,검정콩볶은분말
콩,쥐눈이콩
콩,흰강낭콩
콩,볶은콩향오일
콩,자연숙성콩발효액깊은맛
콩,자연숙성콩발효액
콩,홀레드렌틸콩분말
콩,로거스트콩검
콩,땅콩반태
콩,검은콩
콩,콩고물아몬드
콩,스키피땅콩버터크리미
콩,콩나물잡채
콩,검은콩보리밥
콩,로커스콩검
콩,강낭콩설기
콩,콩코드포도과즙으로
콩,그린콩씨
콩,리마콩
콩,이집트콩
콩,볶은콩초코코팅
콩,콩단백
콩,베베콩고기
콩,검은콩추출농축액
콩,볶음땅콩분태
콩,볶은검은콩분말
콩,식물성콩발효액
콩,볶은검정콩가루
콩,땅콩크림
콩,땅콩버터
콩,땅콩분태
콩,땅콩알갱이
콩,땅콩전지분
콩,볶음콩분말
콩,볶음콩가루분말
콩,콩나물장국분
콩,완두콩플레이크
콩,꿀땅콩
콩,발아강낭콩
콩,발효렌틸콩볶음분말
콩,볶음콩베이스
콩,강낭콩배기
콩,콩나물엑기스
콩,국산콩생나또
콩,천연땅콩향
콩,로스트콩검
콩,찹쌀땅콩
콩,콩국물
콩,입힘땅콩
콩,렌틸콩
콩,콩단백발효액
콩,땅콩밀키
콩,울타리콩
콩,콩메주
콩,당코팅땅콩조각
콩,검정약콩
콩,땅콩페이스트
콩,검정콩분말
콩,커피땅콩
콩,유기농콩코드포도농축액
콩,렌틸콩볶음분말
콩,국산약콩
콩,풋콩
콩,동부콩
콩,콩분말
콩,날콩
콩,국산콩발효액
카제인나트륨,유당카제인나트륨
카제인나트륨,카제인나트륨
춘장,볶음춘장분말
춘장,직화볶음춘장베이스
춘장,춘장
춘장,우리밀춘장
춘장,볶음춘장
춘장,중찬명가춘장
춘장,볶음춘장소스
춘장,분말춘장
참깨,볶은참깨가루
참깨,참깨향
참깨,볶음참깨분
참깨,참깨와김고명
참깨,볶음참깨
참깨,조미참깨용조미액
참깨,참깨강정
참깨,검정참깨페이스트
참깨,솔솔참깨
참깨,검은참깨
참깨,조미참깨
참깨,참깨분말
참깨,농가참깨가루
참깨,조미참깨용
참깨,참깨씨즈닝오일
참깨,볶음참깨분말
참깨,볶은참깨분말
참깨,참깨향기름
참깨,참깨추출유
참깨,볶은참깨
참깨,검은참깨페이스트
참깨,참깨가루
참깨,참맛참깨
참깨,농가볶은참깨
참깨,고소한참깨야채볶음
참깨,흑볶음참깨
참깨,볶음흑참깨
참깨,찹쌀풀참깨흑임자드레싱
참깨,참깨조미분말
참깨,베베참깨
참깨,국산참깨
참깨,볶음검은참깨
참깨,통참깨
참깨,참깨버터분말
참깨,옛날볶음참깨분말
참깨,유기농참깨
참깨,참깨
참깨,검정참깨
참깨,볶음참깨가루
참깨,탈지참깨분말
참깨,맛있는참깨야채볶음
참깨,볶은참깨분
유부,건조조미유부
유부,조미유부
조개,조래규
조개,조개류함유
조개,조개류
조개,조개루
조개,조개관자액기스
조개,조개야채엑기스
조개,조개믹스분말엔엠
조개,키조개
조개,조개농축액베이스분말
조개,대합조개농축액
조개,조개엑기스분
조개,키조개관자
조개,조개엑기스분말
조개,다시다조개
조개,조개추출물
조개,조개분말
조개,조개
조개,모시조개
조개,조개관자엑기스
조개,조개류
조개,조개다시마엑기스
조개,조개분해농축액
조개,조개추출분말
조개,조개밑국물
조개,백합조개
조개,조개칼슘
조개,조개다시다
조개,조개베이스분말
조개,조개농축액
조개,조개감칠맛분에스
조개,개량조개
조개,복합조개농축액
조개,대합조개엑기스
조개,조개추출물분말
조개,조개엑기스
조개,조개농축액분말
조개,조개감칠맛분에이스
젤란검,젤란검
젤란검,엠에스씨젤란검
전복,전복포함
전복,전복굴농축액
전복,전복죽용소스
전복,전복엑기스
전복,전복진육
전복,전복
전복,전복내장
전복,전복굴엑기스
전복,전복포함
전복,전복죽육수
전복,전복살
전복,전복소스
적두,발아적두
적두,적두설기
적두,적두
잣,잣향
잣,잣
잣,잣페이스트
잣,유기농잣
아황산,이황산류
이산화황,이산화황함유
이산화황,이산화황
유청,유기농고단백유청분말
유청,유기농탈염유청분말
유청,탈염유청분말농축유청단백
유청,가공유청분말제이
유청,호박씨유청분말
유청,탈염유청분말
유청,가공유청분말제아
유청,유청분말에스
유청,가공유청분말
유청,고단백유청분말
유청,유청분말
유청,유기농유청분말
유청,유청
유청,유청단백질
유청,유기농고단백유청분말
유청,수용성유청칼슘분말
유청,유청농축단백분말
유청,유청농축단백질
유청,유기농탈염유청분말
유청,탈염유청분말농축유청단백
유청,농축유청단백
유청,탈염유청혼합탈지분유
유청,가공유청분말제이
유청,유기농유청단백분말
유청,호박씨유청분말
유청,유청분리단백
유청,탈염유청퍼미에이트
유청,탈염유청분말
유청,유청칼슘
유청,유청분
유청,농축유청
유청,농유청단백
유청,가공유청분말제아
유청,분리유청단백
유청,산양유청단백
유청,유청분말에스
유청,가수분해유청단백질
유청,농축유청단백분말
유청,유청단백
유청,농축유청액
유청,농축유청단백질
유청,유청단백질채종유
유청,유청농축단백
유청,유청퍼메이트
유청,유청단백가수분해물
유청,분리유청단백분말
유청,가공유청분말
유청,고단백유청분말
유청,탈염유청
유청,유청부말
유청,가수분해유청단백
유청,유청단백농축분말
유청,유청원유
유청,유기농농축유청단백
유청,유청단백분말
유청,유청단백질분말
유청,유청분말
유청,초유농축유청단백
유청,유기농유청분말
우유,유유락
우유,분유유크림
우유,팜올레인에스테르화유유
우유,유유
우유,유우
유부,건조조미유부
유부,유부초밥조미볶음
유부,유부
유부,고단백건조유부
유부,유부조미액
유부,유부조미액베이스
유부,조미유부
유당,유당분해효소
유당,유당
유당,덱스트린유당
유당,유당코코아매스
유당,유당카제인나트륨
유당,유당분말
유당,유기농유당
유당,유당코코아버터
유당,유당혼합분말
유당,식물성유지유당유화제
유당,산양유당
유당,유당과즙분말
유당,밀키페이스트유당
우유,우유함유식품
우유,무지방우유함유크리머
우유,무지방우유함유
우유,무지방우유함유식물성크림
우유,우유함유
우유,무지방우유함유아이스프리마
우유,무지방우유함유크리머아이스
우유,우유포함
우유,농축우유포함
우유,우유제품
우유,농축우유
우유,서울우유펠렛
우유,우유단백분말
우유,카페베네우유
우유,멸균우유
우유,우유고형분
우유,농축우유단백질
우유,무가당농축우유인지질
우유,탈지농축우유
우유,무지방우유함유크리머
우유,유기농우유
우유,우유세라마이드
우유,살균우유
우유,무지방우유함유
우유,탈지우유
우유,무지방우유함유식물성크림
우유,우유단백농축물
우유,우유성분함유크리머
우유,서울우유버터
우유,우유분리단백
우유,우유카스타드
우유,우유원유
우유,우유향
우유,무지방농축우유
우유,우유
우유,우유포함
우유,국산저지방우유
우유,우유분말
우유,농축우유포함
우유,우유응고효소
우유,우유함유
우유,환원무지방우유
우유,우유크림
우유,저지방우유
우유,무지방우유
우유,탈지유또는환원무지방우유
우유,우유단백질
우유,우유뷴말
우유,우유샌드크림
우유,살균우유등
우유,무지방우유함유아이스프리마
우유,우유칼슘
우유,농축우유단백분말
우유,바나나우유맛시즈닝
우유,우유사이알릴올리고당
우유,무지방우유함유크리머아이스
우유,우유강글리오사이드
쇠고기,우사골추출물
쇠고기,한우사골농축분말
쇠고기,한우사골육수
쇠고기,우사골엑기스
쇠고기,국산한우사골
쇠고기,한우사골도가니추출액
쇠고기,한우사골엑기스
쇠고기,한우사골
쇠고기,한우사골추출액
쇠고기,우사골
쇠고기,한우사골추출물
쇠고기,한우사골풍미분
쇠고기,한우사골추출농축액
쇠고기,한우사골농축액
쇠고기,한우사골뼈추출액
쇠고기,우류
쇠고기,우골엑기스
쇠고기,우골베이스분말
쇠고기,우골엑기스분말
쇠고기,우골베이스
쇠고기,우골조미분말
쇠고기,우골농축액
쇠고기,우골
쇠고기,우골마늘조미분
쇠고기,우골설렁탕분말
쇠고기,우골추출물
옥수수,옥수수씨눈
옥수수,옥수수유
옥수수,황옥수수분말
옥수수,볶음조미옥수수분
옥수수,정제옥수수기름
옥수수,옥수수페이스트
옥수수,찰옥수수성분
옥수수,유기농볶은옥수수
옥수수,자색옥수수
옥수수,발아옥수수
옥수수,호화옥수수분등
옥수수,옥수수수염추출농축액
옥수수,찰옥수수전분
옥수수,옥수수염추출농축액
옥수수,옥수수브라질산
옥수수,동결건조옥수수
옥수수,옥수수비전분
옥수수,옥수수수염추출액
옥수수,구운옥수수맛씨즈닝분말
옥수수,옥수수크런치
옥수수,옥수수추출액
옥수수,옥수수혼합추출액성분
옥수수,옥수수차
옥수수,옥수수가루
옥수수,옥수수분말
옥수수,옥수수향
옥수수,옥수수크림
옥수수,알파옥수수분말
옥수수,옥수수염
옥수수,옥수수크리스피
옥수수,알파옥수수전분
옥수수,옥수수통조림
옥수수,건옥수수
옥수수,호화옥수수분
옥수수,옥수수분
옥수수,옥수수현미혼합추출액
옥수수,옥수수시럽
옥수수,농축옥수수단백질
옥수수,찰옥수수인산이알파전분
옥수수,옥수수튀김콘
옥수수,군옥수수시즈닝
옥수수,옥수수전문
옥수수,옥수수과립
옥수수,옥수수배아
옥수수,옥수수쌀
옥수수,옥수수가공품
옥수수,옥수수농축액
옥수수,옥수수전분분말
옥수수,알파옥수수가루
옥수수,옥수수전분등
옥수수,옥수수어묵
옥수수,옥수수혼합추출액
옥수수,군옥수수맛씨즈닝
옥수수,옥수수변성전분
옥수수,유기알파옥수수분말
옥수수,옥수수알파전분
옥수수,찰옥수수
옥수수,혼합옥수수분말
옥수수,볶은옥수수
옥수수,찰옥수수변성전분
옥수수,튀김옥수수칩
옥수수,옥수수콘
옥수수,옥수수펠렛
옥수수,찰옥수수알파전분
옥수수,옥수수
옥수수,알파찰옥수수전분
옥수수,군옥수수맛씨즈닝엠
옥수수,옥수수수염
옥수수,옥수수유등
옥수수,옥수수전분
옥수수,옥수수맛분
옥수수,옥수수당면
옥수수,군옥수수향분말
옥수수,옥수수추출농축액
옥수수,알파콘옥수수
옥수수,옥수수기름
옥수수,자주색옥수수색소
오징어,오징어함유
오징어,오징어새우
오징어,오징어먹물추출분말
오징어,오징어엑스분말
오징어,오징어추출물
오징어,오징어추출페이스트
오징어,오징어해씨볼
오징어,오징어양념분말
오징어,건조오징어
오징어,오징어육
오징어,오징어찌개분말
오징어,오징어맛후레이크
오징어,조미오징어분말
오징어,오징어조미후레이크
오징어,오징어채
오징어,오징어조미분말
오징어,베베오징어
오징어,오징어먹물색소
오징어,오징어볼어묵
오징어,오징어풍미료
오징어,오징어향
오징어,아메리카대왕오징어
오징어,오징어엑기스
오징어,오징어귀
오징어,오징어씨즈닝
오징어,오징어
오징어,오징어페이스트
오징어,오징어맛조미분말
오징어,오징어반응엑기스
오징어,오징어후레이크
오징어,오징어분말티케이에프
오징어,오징어베이스
오징어,오징어어묵
오징어,오징어베이스분말
오징어,조미썰은오징어
오징어,건오징어
오징어,오징어살
오징어,동결건조오징어
오징어,오징어분말
오징어,갑오징어
오징어,버터구이오징어맛시즈닝
오징어,오징어추출물분말
오징어,자숙오징어
오징어,오징어농축분말
오징어,오징어볶음양념장
오징어,면중오징어
오징어,오징어엑기스분말
오징어,오징어링후레이크
오징어,오징어다이스
오징어,오징어조미액
오징어,오징어풍미분말
오징어,오징어농축액
오징어,조미찢은오징어
오징어,구운오징어향
오징어,오징어조미분말홍합엑기스분말
오징어,조미오징어몸
오징어,대왕오징어
오징어,오징어풍미페이스트
오징어,오징어다리
오징어,오징어맛농축액
오징어,조미오징어
오징어,오징어를
오징어,철판구이슬림오징어
오징어,건미역조미오징어분말
오징어,오징어족
오징어,육포맛오징어시즈닝
오징어,오징어분말티케이
오징어,매운오징어덮밥
오징어,갑오징어분말
오징어,오징어땡
오징어,오징어문어추출물분말
양파,양파고추장
양파,로스팅양파분
양파,로스티드양파
양파,볶음양파페이스트
양파,마늘양파풍미분말
양파,고소한양파유
양파,조미양파풍미료
양파,양파맛조미분말
양파,혼합양파분말
양파,양파껍질
양파,구운양파분
양파,자색양파착즙액
양파,양파풍미유
양파,양파맛시즈닝
양파,양파엑기스
양파,양파비프볶음분말
양파,무안양파
양파,양파씨즈닝
양파,건양파분말
양파,유기농동결건조양파가루
양파,양파퓨레
양파,볶음양파
양파,양파씨즈닝믹스
양파,양파조미믹스
양파,건조양파
양파,양파즙분말
양파,양파농축엑기스등
양파,양파맛씨즈닝
양파,양파추출베이스
양파,양파즙농축액
양파,볶은양파농축액
양파,국산양파엑기스
양파,무인양파
양파,분말양파
양파,냉동볶음양파
양파,양파찹
양파,볶음양파소스
양파,양파즙
양파,깐양파
양파,볶음양파분말
양파,양파정제수
양파,양파향파우더
양파,구운양파분말
양파,양파분말
양파,양파분태
양파,양파칩
양파,양파분말조미생강분
양파,양파등
양파,양파양념장
양파,종가집순한양파
양파,조미볶음양파분말
양파,양파과립
양파,양파농축엑기스
양파,양파분
양파,양파쥬스농축액
양파,유기농양파
양파,용해형양파향신조미료
양파,적양파
양파,양파액기스
양파,양파풍미분
양파,동결건조양파분말
양파,로스트양파풍미유
양파,양파추출오일
양파,로스트양파분말
양파,양파대두단백
양파,양파추출분말
양파,양파간장복합분말
양파,양파다이스
양파,양파향분말
양파,양파오일
양파,양파페이스트
양파,조미양파분말
양파,양파베이스
양파,양파베이컨맛시즈닝
양파,대파양파농축액
양파,조미양파분
양파,마늘양파혼합분
양파,양파씨즈닝오일
양파,구운양파혼합분
양파,전분혼합양파분말
양파,양파분믹스
양파,양파문말
양파,구운양파향
양파,양파껍질추출액
양파,볶음양파양념분
양파,양파추출농축액
양파,볶음마늘양파
양파,마늘양파복합믹스
양파,볶음양파오일
양파,조미건양파
양파,구운양파마늘분말
양파,간양파
양파,매콤한양파맛베이스분말
양파,양파향
양파,구운양파조각
양파,양파착즙분말
양파,볶음양파분
양파,생양파
양파,양파미
양파,양파
양파,다진양파
양파,건양파가루
양파,양파조미베이스
양파,양파추출물
양파,양파껍질추출물
양파,볶음양파시즈닝
양파,양파추출물베이스
양파,양파조미유
양파,양파시즈닝
양파,조제양파분말
양파,양파추출물분말
양파,건양파분
양파,볶음양파조미유
양파,양파마늘엑기스분말
양파,양파크림분말
양파,양파쿨리
양파,냉동양파볶음
양파,양파분대
양파,양파엑기스분말
양파,배터믹스양파
양파,조미볶음양파
양파,양파캔다
양파,후라이드양파맛씨즈닝
양파,양파볶음베이스
양파,무농약양파
양파,양파쳐트니
양파,양파시즈닝오일
양파,양파맛분말
양파,양파분발
양파,로스트양파버터풍미유
양파,양파소테
양파,양파피클
양파,양파스파이스로얄
양파,후라이드양파향
양파,양파풍미액
양파,양파비프조미분
양파,양파향베이스
양파,건양파
양파,양파맛베이스분말
양파,산분해간장양파
양파,양파향미유
양파,미니양파링베이스분말
양파,로스팅양파분말
양파,양파후레이크
양파,냉동양파
양파,양파농축액
양파,양파가루
양파,동결건조양파
양조간장,오푸드유기농양조간장
양조간장,유기동양조간장
양조간장,본양조간장
양조간장,양조간장분말
양조간장,발효양조간장시즈닝
양조간장,양조간장페이스트
양조간장,양조간장
양조간장,양조간장조미분말
양조간장,유기농양조간장
양조간장,연한양조간장원액
양조간장,양조간장원액
양조간장,탈염농축양조간장
양조간장,조미양조간장분말
소맥,알파소맥분
소맥,알파소맥
소맥,알파소맥전분
아황산,아황산류함유식품
아황산,아황산류함유
아황산,아황산류
아황산,아황산나트륨함유
아황산,메타중아황산나트륨
아황산,차아황산나트륨
아황산,산성아황산나트륨
아황산,산선아황산나트륨
아황산,아황산나트륨
아황산,메타중아황산나트륨
아황산,무수아황산
아황산,산성아황산나트룸
아황산,아황산류
아황산,차아황산나트륨
아황산,산성아황산나트륨
아황산,산선아황산나트륨
아황산,메타중아황산칼륨
아황산,아황산나트륨
아황산,아산화황
아몬드,카라멜코팅아몬드
아몬드,후렌치후라이드아몬드
아몬드,코팅아몬드
아몬드,벚꽃향가득아몬드
아몬드,볶음슬라이스아몬드
아몬드,치즈유산균아몬드
아몬드,버터갈릭맛아몬드
아몬드,볶음아몬드분태
아몬드,아몬드향
아몬드,아몬드볼에이
아몬드,볶음아몬드
아몬드,흑미아몬드강정
아몬드,허니버터아몬드
아몬드,아몬드크림
아몬드,아몬드파우더
아몬드,허니버터아몬드분태
아몬드,드라이아몬드
아몬드,아몬드슬라이스
아몬드,아몬드플레이크
아몬드,아몬드
아몬드,아몬드가루
아몬드,백미아몬드컵샐러드
아몬드,구운아몬드
아몬드,떡볶이맛아몬드
아몬드,통아몬드
아몬드,당코팅아몬드분태
아몬드,아몬드향분말
아몬드,볶음아몬드완태
아몬드,유기농슬라이스아몬드
아몬드,아몬드분말
아몬드,아몬드페이스
아몬드,아몬드페이스트
아몬드,볶은아몬드
아몬드,현미아몬드
아몬드,아몬드향베이스
아몬드,고구마아몬드용시즈닝
아몬드,아몬드코팅분태
아몬드,아몬드액
아몬드,아몬드프랄린
아몬드,슬라이스아몬드
아몬드,콩고물아몬드
아몬드,아몬드분태
아몬드,백아몬드분말
아몬드,아몬드크랜베리혼합분태
아몬드,아몬드알갱이
아몬드,구운아몬드분태
아몬드,아몬드초코볼
아몬드,천연아몬드향
아몬드,아몬드분
아몬드,아몬드유
아몬드,볶음아몬드분말
아몬드,콘소메맛아몬드
아몬드,당코팅아몬드
쇠고기,쇠고기함유
쇠고기,쇠고기맛양념분말
쇠고기,쇠고기전골에스
쇠고기,쇠고기맛분
쇠고기,쇠고기맛
쇠고기,행복한맛남쇠고기맛국물내기
쇠고기,쇠고기추출액
쇠고기,쇠고기맛분말시즈닝
쇠고기,쇠고기맛조미료엔엠
쇠고기,쇠고기농축조미분
쇠고기,쇠고기진육
쇠고기,한그릇쇠고기우린액
쇠고기,쇠고기시즈닝오일
쇠고기,쇠고기치즈믹스
쇠고기,쇠고기일품다시
쇠고기,고풍미쇠고기분말
쇠고기,쇠고기간장분말
쇠고기,쇠고기양념분말골드
쇠고기,쇠고기육장
쇠고기,쇠고기엑기스
쇠고기,쇠고기육수농축액
쇠고기,쇠고기맛본다시
쇠고기,조미쇠고기분말
쇠고기,쇠고기농축엑기스
쇠고기,쇠고기미다시
쇠고기,쇠고기우린액
쇠고기,쇠고기농축페이스트
쇠고기,쇠고기풍미베이스
쇠고기,쇠고기맛플러스
쇠고기,다시다쇠고기
쇠고기,쇠고기육수
쇠고기,쇠고기다시마
쇠고기,쇠고기칩
쇠고기,쇠고기척롤
쇠고기,쇠고기엑기스페이스트
쇠고기,쇠고기맛베이스
쇠고기,쇠고기장국분말
쇠고기,쇠고기풍미유
쇠고기,갈비맛쇠고기후레이크
쇠고기,카레쇠고기맛씨즈닝
쇠고기,참맛쇠고기양념분말
쇠고기,쇠고기맛국물내기엔엠
쇠고기,쇠고기볶음맛분말
쇠고기,쇠고기다시다용분말
쇠고기,쇠고기조림분말
쇠고기,쇠고기추출분말
쇠고기,참맛매운쇠고기분말
쇠고기,쇠고기찬다시
쇠고기,쇠고기양념분말
쇠고기,쇠고기갈비
쇠고기,쇠고기소스
쇠고기,쇠고기분
쇠고기,쇠고기맛국물내기식
쇠고기,시아스다쇠고기
쇠고기,쇠고기맛나
쇠고기,맑은쇠고기추출농축액
쇠고기,진한쇠고기맛분말
쇠고기,쇠고기조미소스
쇠고기,쇠고기우린분말
쇠고기,건조조미쇠고기
쇠고기,유기농쇠고기
쇠고기,쇠고기육수베이스
쇠고기,효소분해쇠고기엑기스
쇠고기,다림쇠고기육수
쇠고기,쇠고기분해액
쇠고기,쇠고기맛내기
쇠고기,쇠고기다시
쇠고기,쇠고기장조림베이스
쇠고기,쇠고기고추장볶음
쇠고기,쇠고기육편
쇠고기,쇠고기
쇠고기,쇠고기그린다시
쇠고기,쇠고기야채베이스
쇠고기,쇠고기참다시
쇠고기,쇠고기국물농축액
쇠고기,쇠고기가루
쇠고기,쇠고기맛다시다
쇠고기,쇠고기추출물
쇠고기,쇠고기육수분말
쇠고기,쇠고기맛씨즈닝
쇠고기,쇠고기맛농축액
쇠고기,쇠고기맛드림다시
쇠고기,남쇠고기국물맛내기
쇠고기,양념쇠고기맛분말
쇠고기,쇠고기함유
쇠고기,쇠고기양념엑기스
쇠고기,피코크쇠고기국간장소스
쇠고기,쇠고기농축엑
쇠고기,쇠고기야채우린물
쇠고기,쇠고기수육
쇠고기,수입쇠고기갈비
쇠고기,쇠고기조미분말
쇠고기,쇠고기베이스
쇠고기,한우쇠고기엑기스
쇠고기,쇠고기사태엑기스
쇠고기,쇠고기부만엘
쇠고기,쇠고기페이스트
쇠고기,쇠고기전골
쇠고기,쇠고기농축분말
쇠고기,쇠고기효모농축액
쇠고기,볶음쇠고기베이스
쇠고기,다시쇠고기
쇠고기,쇠고기브이용
쇠고기,쇠고기분해농축액
쇠고기,쇠고기프리믹스
쇠고기,쇠고기다시다
쇠고기,효소분해쇠고기분말
쇠고기,쇠고기추출물분말
쇠고기,구운쇠고기분말
쇠고기,쇠고기맛조미료
쇠고기,쇠고기풍미분말
쇠고기,시아스다쇠고기골드
쇠고기,쇠고기엑기스분말
쇠고기,산들애쇠고기
쇠고기,행복한맛남쇠고기국물맛내기
쇠고기,효소분해쇠고기엑기스분말
쇠고기,쇠고기조미유
쇠고기,쇠고기맛국물내기분말엔엠
쇠고기,쇠고기풍미분말씨
쇠고기,고풍미쇠고기맛분말
쇠고기,쇠고기분말
쇠고기,쇠고기정육추출액
쇠고기,쇠고기진국다시
쇠고기,쇠고기맛혼합양념
쇠고기,농축쇠고기엑기스
쇠고기,쇠고기맛분말
쇠고기,쇠고기하이미
쇠고기,수입냉동쇠고기
쇠고기,조미쇠고기맛후레이크
쇠고기,쇠고기농축액
쇠고기,쇠고기향미분말
쇠고기,쇠고기베이스분말
쇠고기,쇠고기분말엔
쇠고기,무항생제쇠고기
쇠고기,쇠고기농축엑기스분말
쇠고기,진한쇠고기맛양념
쇠고기,쇠고기하이마
쇠고기,한우쇠고기분말
쇠고기,볶음쇠고기
쇠고기,조미건조쇠고기
쇠고기,쇠고기맛국물내기와이
쇠고기,쇠고기진한다시
쇠고기,쇠고기맛다시
쇠고기,쇠고기브이용분말
쇠고기,쇠고기맛국물내기
쇠고기,한우소뼈추출액
쇠고기,소뼈
쇠고기,소뼈추출액
쇠고기,육우소뼈
소맥,볶음조미소맥분
소맥,가공소맥분
소맥,알파소맥분
소맥,소맥분말
소맥,소맥분
소맥,듀럼세몰리나소맥분
소맥,소맥효소처리스테비아
소맥,소맥단백
소맥,볶음조미소맥분
소맥,밀백소맥뻥
소맥,혼합소맥전분
소맥,가공소맥분
소맥,알파소맥분
소맥,소맥전분
소맥,활성소맥글루텐
소맥,소맥
소맥,소맥분말
소맥,소맥배아및호분층
소맥,유기농소맥
소맥,소맥주정
소맥,밀황소맥뻥
소맥,소맥분
소맥,듀럼세몰리나소맥분
소맥,아파소맥
소맥,소맥글루텐
소맥,소맥미국산
소맥,알파소맥
소맥,알파소맥전분
쇠고기,
쇠고기,소고기엑기스
쇠고기,소고기효소분해농축액
쇠고기,건조소고기맛어묵
쇠고기,소고기풍미오일
쇠고기,소고기시즈닝
쇠고기,한우소고기맛풍미유
쇠고기,소고기맛육수분말
쇠고기,에이스소고기양념
쇠고기,소고기시즈닝분말
쇠고기,소고기맛베이스
쇠고기,소고기양념액
쇠고기,소고기맛다시다
쇠고기,소고기맛고명
쇠고기,한후소고기추출액
쇠고기,소고기추출물
쇠고기,소고기분말
쇠고기,맛선생소고기양념가루
쇠고기,소고기베이스분
쇠고기,소고기육수맛분말
쇠고기,소고기가루
쇠고기,소고기전각
쇠고기,소고기농축베이스
쇠고기,소고기분말시즈닝
쇠고기,소고기추출액
쇠고기,조미소고기분말
쇠고기,조미소고기볶음분말
쇠고기,소고기추출분말
쇠고기,양지소고기엑기스
쇠고기,소고기정육추출액
쇠고기,소고기엑기스외
쇠고기,소고기매운맛분말
쇠고기,소고기베이스
쇠고기,양념소고기맛분말
쇠고기,소고기엑기스페이스트
쇠고기,소고기풍미분말
쇠고기,소고기우린가루
쇠고기,소고기맛분
쇠고기,소고기맛분말
쇠고기,소고기고형분햠량
쇠고기,소고기페이스트
쇠고기,소고기맛시다
쇠고기,소고기농축액
쇠고기,소고기전골
쇠고기,소고기그레이비페이스트
쇠고기,소고기풍미분
쇠고기,소고기전분
쇠고기,소고기다시
쇠고기,맛선생소고기양념분말
쇠고기,소고기향분말
쇠고기,소고기그린다시
쇠고기,한우소고기가루
쇠고기,소고기
쇠고기,소고기양념풍미료
쇠고기,소고기수육
쇠고기,양념소고기분말
쇠고기,소고기다시다
쇠고기,에스피골드소고기
쇠고기,소고기사태엑기스
쇠고기,유기농소고기
쇠고기,양지소고기추출물
생선,조미생선포
생선,생선콜라센
생선,생선액기스
생선,생선콜라겐
생선,생선데리야끼조림소스
생선,생선살꾸이
생선,생선조림용소스
생선,생선유자간장조림소스
생선,생선조림양념
새우,새우함유
새우,새우추출물
새우,새우추출물분말
새우,새우엑기스
새우,새우엑기스분말
새우,꽃새우엑기스
새우,새우엑기스분말엔엠
새우,진한새우엑기스
새우,건새우분말
새우,농축새우분말
새우,새우분말에스
새우,조미새우분말
새우,볶음새우분말
새우,도화새우분말
새우,새우분말
새우,새우가루
새우,건새우분말
새우,자숙새우
새우,새우오일
새우,새우맛덴카츠시즈닝
새우,새우추출분말엔엠
새우,농축새우분말
새우,새우씨즈닝
새우,새우맛볼후레이크
새우,밥새우
새우,새우엑기스
새우,새우펠렛
새우,새우를
새우,새우어묵
새우,새우액젓
새우,새우추출분말
새우,새우분말에스
새우,흰다리새우
새우,새우젓쪽파
새우,구운꽃새우우린육수
새우,새우맛조미유
새우,새우살어묵
새우,건조새우
새우,새우베이스
새우,갈아만든광천토굴새우젓
새우,조미새우분말
새우,종가집새우액젓
새우,새우풍미유
새우,새우탕베이스
새우,새우가루
새우,새우조미분말
새우,새우젓
새우,새우함유
새우,새우모양후레이크
새우,새우엑기스분말
새우,새우소금구이맛시즈닝
새우,새우분
새우,갈은냉동새우
새우,진한새우액젓
새우,꽃새우엑기스
새우,새우추출농축액
새우,홍새우
새우,새우젓발효원액
새우,새우탕맛베이스
새우,새우조미시즈닝
새우,깐풍새우맛시즈닝
새우,새우엑기스분말엔엠
새우,새우맛분말
새우,볶음새우분말
새우,새우농축액
새우,생새우
새우,새우추출물
새우,새우분태분말
새우,꽃새우시즈닝오일
새우,도화새우분말
새우,새우볶음밥용조미액
새우,냉동홍새우
새우,구운새우맛시느징
새우,새우땅콩볼
새우,염장새우
새우,새우
새우,새우추출물분말
새우,새우마요맛씨즈닝
새우,새우시즈닝분말
새우,볶음새우
새우,새우베이스분말
새우,조미새우
새우,참맛새우
새우,진한새우엑기스
새우,자맛새우짬뽕액상스프
새우,새우분말
새우,냉동새우
새우,건조조미새우
새우,솔솔새우
새우,새우씨즈닝분말
새우,새우크래커
새우,새우맛시즈닝
새우,수염새우
새우,구운보리새우우린육수
새우,새우조미액
새우,새우맛볼
새우,새우살
새우,새우형맛살
새우,건새우
새우,흰다리새우살
새우,새우밑국물
새우,새우풍미분
새우,새우젓분말
새우,새우농축페이스트
아황산,산성아황산나트륨
쇠고기,사골곰국
쇠고기,사골추출액
쇠고기,국내산사골엑기스
쇠고기,농축사골액
쇠고기,우사골추출물
쇠고기,사골설렁탕분말
쇠고기,비프사골풍미료
쇠고기,사골된장분말
쇠고기,국내산사골추출액
쇠고기,한우사골농축분말
쇠고기,사골에기스
쇠고기,사골분말
쇠고기,사골양념분말
쇠고기,농출사골액
쇠고기,사골추출물분말
쇠고기,진한국물사골분말
쇠고기,사골우거지베이스
쇠고기,사골비프혼합추출물
쇠고기,한우사골육수
쇠고기,우사골엑기스
쇠고기,진사골추출물분말
쇠고기,사골설렁탕분
쇠고기,양지뜰사골육수
쇠고기,국산한우사골
쇠고기,한우사골도가니추출액
쇠고기,돈사골엑기스
쇠고기,사골풍미분
쇠고기,한우사골엑기스
쇠고기,사골모둠뼈육수
쇠고기,진사골추추물분말
쇠고기,사골추출물
쇠고기,돈사골
쇠고기,조미사골풍미분
쇠고기,사골육수
쇠고기,사골추출지방
쇠고기,돈사골육수
쇠고기,사골농축엑기스
쇠고기,한우사골
쇠고기,참맛사골양념분말
쇠고기,사골농축액
쇠고기,사골
쇠고기,사골된장분
쇠고기,사골잡뼈육수
쇠고기,한우사골추출액
쇠고기,사골풍미인핸서
쇠고기,우사골
쇠고기,사골맛내기분말
쇠고기,돈사골추출농축액
쇠고기,진사골농축액
쇠고기,사골추출분말
쇠고기,사골육수농축액
쇠고기,사골우거지양념
쇠고기,한우사골추출물
쇠고기,진사골엑기스
쇠고기,사골엑기스제이피
쇠고기,사골엑기스분말
쇠고기,한우사골풍미분
쇠고기,사골액기스
쇠고기,손맛사골국분말스프
쇠고기,사골추출농축액
쇠고기,사골육수조미분
쇠고기,사골엑기스
쇠고기,사골풍미인헨서
쇠고기,한우사골추출농축액
쇠고기,사골농축분말
쇠고기,한우사골농축액
쇠고기,한우사골뼈추출액
쇠고기,사골엑기스분
쇠고기,사골우린가루
대두,분리대두단백
대두,분리대두단백너겟
돼지,갈비본살
쇠고기,양념소갈비본살구이
쇠고기,쇠고기맛본다시
닭,치킨본엑스
닭,치킨본엑기스
닭,치킨본추출액
닭,치킨본육추출물
닭,치킨본베이스
대두,대두이소플라본
새우,볶음새우분말
새우,볶음새우
밀,짜장볶음분말
밀,양파비프볶음분말
밀,흑미볶음분말
밀,중화풍볶음분말
밀,비프볶음분말
밀,절임고추볶음분말
밀,조미소고기볶음분말
밀,표고버섯볶음분말
밀,야채볶음분말
밀,제육볶음분말
밀,대두볶음분말
밀,발효렌틸콩볶음분말
밀,고추장볶음분말
밀,렌틸콩볶음분말
복숭아,복훙아
복숭아,복숭아함유
복숭아,복숭아홍차분말
복숭아,복숭아과즙분말
복숭아,복숭아시럽
복숭아,복숭아
복숭아,복숭아농축과즙
복숭아,복숭아분말향
복숭아,복숭아청징농축과즙
복숭아,복숭아농축과즙분말
복숭아,복숭아향
복숭아,복숭아향분말
복숭아,복숭아농축퓨레
복숭아,복숭아과즙농축액
복숭아,복숭아다이스
복숭아,천연복숭아향
복숭아,복숭아파인애플시럽
복숭아,복숭아농츱과즙
복숭아,복숭아농축과즙액
복숭아,복숭아농축과즈
복숭아,복숭아퓨레시럽
복숭아,복숭아청징농축액
복숭아,복숭아퓨레다이스
복숭아,복숭아엑기스분말
복숭아,복숭아다이스시럽
복숭아,복숭아과즙으로
복숭아,복숭아크림
복숭아,복숭아농축액
복숭아,복숭아액키스
복숭아,복숭아퓨레
복숭아,복숭아젬
복숭아,복숭아홍차혼합분말
복숭아,복숭아과즙
우유,리치버터
우유,피넛버터블랜드
우유,버터향페이스트
우유,허니버터키슈너트
우유,이즈니버터
우유,허니버터씨즈닝
우유,버터리체다시즈닝
우유,크림버터혼합분말
우유,버터후레바
우유,버터갈릭맛아몬드
우유,허니버터시럽
우유,버터밀크파우더
우유,코코아버터
우유,버터
우유,버터바닐라밀크향
우유,버터체다혼합분말
우유,버터모짜렐라혼합분말
우유,버터향베이스
우유,혼합버터분말
우유,스키피땅콩버터
우유,버터후레바파우다알
우유,리쎄스피넛버터향칩
우유,무염버터
우유,스위트버터맛분말
우유,허니버터아몬드
우유,피넛버터초콜릿
우유,버터후레바분말엔
우유,버터버드
우유,땅콩버터향
우유,스위트버터시즈닝
우유,농축버터버드
우유,허니버터구이용시즈닝
우유,허니버터아몬드분태
우유,버터향
우유,허니버터향
우유,발효가공버터
우유,버터후레바향분말
우유,허니버터맛시즈닝
우유,크리미땅콩버터
우유,버터체다파우더
우유,리쎄스크리미피넛버터
우유,버터브랜드
우유,천연버터
우유,버터맛분말
우유,버터엑시드
우유,버터리체다씨즈닝
우유,버터맛씨즈닝
우유,버터맛시즈닝
우유,서울우유버터
우유,버터루
우유,버터지방
우유,건조버터
우유,무가염버터
우유,버터향오일
우유,허니버터시즈닝
우유,허니버터향분말
우유,카카오버터
우유,버터유
우유,가공버터
우유,버터오일
우유,버터밀크분말
우유,허니버터바나나시즈닝
우유,버터간장조미분말
우유,버터갈릭맛프레첼
우유,버터유분말
우유,허니버터마카다미아
우유,배합땅콩버터
우유,허니버터맛시즈닝분말
우유,스위트버터분말
우유,무수버터오일
우유,유당코코아버터
우유,버터갈릭맛씨즈닝
우유,후라이드용버터믹스
우유,천연버터향
우유,버터구이오징어맛시즈닝
우유,미트플레이버터파우더
우유,버터페이스트
우유,혼합버터유
우유,버터밀크
우유,버터리치즈파우더
우유,허니버터딸기시즈닝
우유,화이트카카오버터
우유,크림버터분말
우유,국산버터
우유,정백당코코아버터
우유,허니버터호두
우유,버터갈릭씨즈닝
우유,버터블랜드
우유,버터분말
우유,고메버터
우유,버터갈릭시즈닝
우유,허니버터맛씨즈닝
우유,버터리치즈파우다
우유,버터혼합분말
우유,참깨버터분말
우유,달콤한버터맛씨즈닝
우유,허니버터피칸
우유,스키피땅콩버터크리미
우유,버터혼합분
우유,허니버터캐슈넛트
우유,버터시즈닝분말
우유,버터파우다
우유,버터스카치향베이스
우유,피넛버터
우유,로스트양파버터풍미유
우유,허니버터맛시즈닝에스와이
우유,크림버터
우유,땅콩버터
우유,리치버터분말
우유,허니버터소스
우유,크림버터혼합분
우유,땅콜버터
우유,버터그릴향
우유,허니맛버터씨즈닝
우유,버터구이맛시즈닝
바지락,바지락살
바지락,바지락베이스
바지락,바지락우린육수
바지락,바지락밑국물
바지락,바지락조미엑기스
바지락,바지락엑기스분말
바지락,바지락추출농축액
바지락,뽕잎바지락죽용양념
바지락,바지락엑기스
바지락,바지락추출물
바지락,바지락
바지락,바지락추출물분말
바지락,바지락농축액
바지락,바지락분해액
밀,밀함유식품
밀,밀함유
밀,밀쌀분
밀,메밀쌀
밀,찐밀쌀가루
밀,밀쌀
밀,밀쌀가루
밀,알파밀쌀가루
밀,밀단백추출물
밀,우리밀밀가루
밀,유기밀가루
밀,제일제면소혼합메밀가루
밀,발아통밀가루
밀,박력밀가루
밀,발아밀가루
밀,맥아호밀가루
밀,유기농통밀가루
밀,메밀가루
밀,호밀가루
밀,무농약백밀가루
밀,우리밀발아통밀가루
밀,기타밀가루
밀,볶음메밀가루
밀,가공밀가루
밀,영양강화밀가루
밀,무농약우리밀백밀가루
밀,팽화밀가루
밀,유기농밀가루
밀,혼합메밀가루
밀,우리백밀가루
밀,통밀가루강력
밀,통밀가루
밀,밀가루풀
밀,메밀가루프리믹스
밀,혼합제제밀가루
밀,우리밀백밀가루
밀,고운통밀가루
밀,밀가루
밀,알파밀가루
밀,무농약밀가루
밀,볶은메밀가루
밀,강력밀가루
밀,우리밀가루
밀,전립밀가루
밀,메밀가루혼합분말
밀,중력밀가루
밀,우리밀통밀가루
밀,통메밀
밀,우리밀밀가루
밀,밀크티크림
밀,가쓰오부시맛메밀스프
밀,밀크리스피
밀,녹차밀
밀,밀크크림향
밀,유기밀가루
밀,크림밀크향
밀,알파메밀분
밀,밀분해액
밀,딸기밀
밀,밀시럽
밀,밀제조전분
밀,밀크초코크림
밀,밀단백추출물
밀,티코밀크초코
밀,아밀라아제
밀,그라함밀
밀,제일제면소혼합메밀가루
밀,치즈밀떡
밀,통밀
밀,밀현미
밀,활성밀글루텐
밀,밀크향베이스
밀,이소밀토올리고당
밀,유장밀
밀,밀단백
밀,밀키마그네슘
밀,자맛메밀막국수건더기
밀,발아통밀가루
밀,밀크바닐라향
밀,오트밀현미분말
밀,자맛메밀냉소바액상스프
밀,밀플레이크
밀,밀분해추출물에이
밀,밀크버드
밀,버터밀크파우더
밀,밀함유
밀,밀크오일
밀,박력밀가루
밀,로만밀베이커스믹스
밀,후레쉬밀크향
밀,버터바닐라밀크향
밀,밀크씨슬추출분말
밀,호밀분말
밀,동충하초밀리타리스
밀,유기농밀
밀,발아밀가루
밀,밀키페이스트
밀,통밀분말
밀,중앙전지밀
밀,밀크튜브
밀,낙우밀
밀,당밀
밀,온주밀감
밀,밀백소맥뻥
밀,맥아호밀가루
밀,활성밀글루텐유화제
밀,유기농통밀가루
밀,밀전분
밀,밀분해농축액
밀,밀크크럼
밀,우리밀간장
밀,통밀플레이크
밀,데일리밀키
밀,푸르밀유크림
밀,밀크리피드
밀,메밀가루
밀,호밀가루
밀,밀크씨추출물
밀,밀크아이스크림향
밀,무농약백밀가루
밀,허쉬밀크초콜릿칩
밀,우리밀발아통밀가루
밀,볶은밀
밀,기타밀가루
밀,우리밀튀김가루
밀,밀크
밀,리치밀감자전분가공품
밀,밀분해추출물
밀,스위트밀키시즈닝
밀,코코넛밀크액
밀,통호밀플레이크
밀,밀쌀분
밀,당밀시럼
밀,리얼밀크초콜릿
밀,통밀후레이크씨리얼
밀,밀납
밀,메밀생면용건더기
밀,밀크초콜렛향분말
밀,밀블랜
밀,멀티밀레감자전분
밀,허니밀크씨즈닝
밀,무농약우리밀
밀,자맛메밀냉소바건더기
밀,볶음메밀가루
밀,우거지밀링
밀,밀크크럼향
밀,크리밀
밀,밀리터리스
밀,통밀분
밀,메밀쌀
밀,바나나밀크향
밀,오트밀
밀,밀조제전분
밀,가공밀가루
밀,밀크칼슘
밀,찐밀쌀가루
밀,밀크향분말
밀,영양강화밀가루
밀,밀크칼슘파우더
밀,밀크에멀죤
밀,국내산밀
밀,무농약우리밀백밀가루
밀,밀
밀,세전당밀
밀,콘밀
밀,아마밀
밀,볶음메밀분말
밀,밀발효물
밀,밀크크림
밀,밀가
밀,이소아밀부틸레이트
밀,밀감농축액
밀,코코넛밀크
밀,브라운밀크분말
밀,팽화밀가루
밀,유기농밀가루
밀,우리밀
밀,밀단백질
밀,오트밀분말
밀,밀쌀
밀,우리밀춘장
밀,밀크베이스
밀,혼합메밀가루
밀,밀크런치
밀,아파아밀라아제
밀,밀새싹
밀,우리백밀가루
밀,밀크씨슬추출물에스
밀,밀가류
밀,통밀가루강력
밀,밀단백농축분말
밀,밀감꿀
밀,밀단백분말
밀,타타리메밀
밀,락토밀
밀,전지밀
밀,버터밀크분말
밀,통밀가루
밀,밀크혼합분말
밀,호밀농축액
밀,밀싹
밀,건조분말당밀
밀,통밀식빵
밀,밀크농축분말
밀,밀크시슬추출액
밀,프리믹스메밀
밀,밀쌀가루
밀,밀가루풀
밀,호밀식이섬유
밀,아이스밀크
밀,밀추출물
밀,조미밀단백
밀,메밀가루프리믹스
밀,호밀
밀,밀크바나나맛씨즈닝
밀,밀크시즈닝
밀,밀크카라멜향
밀,탈지밀
밀,발아밀분말
밀,알파아밀라제
밀,밀크인핸서
밀,유기농코코넛밀크
밀,후레쉬밀키메스
밀,코코넛밀크파우더
밀,혼합제제밀가루
밀,호밀발효종
밀,버터밀크
밀,밀글루텐
밀,논팻밀크
밀,밀크쉐이크
밀,로우슈가밀크초콜릿
밀,우리밀구운빵가루
밀,밀리타리스동충하초
밀,코코넛밀크파우다
밀,우리밀백밀가루
밀,퓨어밀크초콜릿청크
밀,밀황소맥뻥
밀,고운통밀가루
밀,밀락골드
밀,밀감
밀,밀크필링
밀,밀가루
밀,자맛황태메밀막국수건더기
밀,알파밀가루
밀,우리밀진간장
밀,밀크혼합문말
밀,밀크롤링시트
밀,밀크초코크럼
밀,자맛메밀막국수액상스프
밀,듀럼밀
밀,무농약밀가루
밀,볶은달단메밀
밀,밀크향
밀,알파밀쌀가루
밀,알파아밀레아제
밀,크럼밀크향
밀,말토게닉아밀라아제
밀,발아통밀
밀,볶음밀
밀,밀크씨슬추출액
밀,후레쉬밀키에스
밀,무농약우리밀빵가루
밀,밀크씨슬추출물
밀,알파아밀라아제
밀,밀크초콜릿
밀,밀크맛시럽
밀,이소아밀이소발러레이트
밀,가나디럭스밀크스위트
밀,복분자밀
밀,소밀
밀,볶은메밀가루
밀,밀순분말
밀,알파아밀아아제
밀,코코넛밀크분말
밀,밀크레진
밀,강력밀가루
밀,밀크카라멜
밀,밀브랜
밀,패밀리밀크초콜릿
밀,말랑밀떡볶이떡
밀,밀크테이스트분말향
밀,밀식이섬유
밀,우리밀가루
밀,전립밀가루
밀,호밀플레이크
밀,우리밀고추장
밀,메밀가루혼합분말
밀,당밀분말
밀,통호밀
밀,우리밀빵가루
밀,밀크퍼키에이트
밀,볶은통밀분말
밀,피프본밀
밀,건조당밀
밀,호밀분
밀,밀크바닐라분말향
밀,크림밀크분말
밀,땅콩밀키
밀,밀키페이스트유당
밀,밀크맛분말
밀,밀크쨈
밀,밀크씨슬분말
밀,중력밀가루
밀,당밀시럽
밀,우리밀통밀가루
밀,메밀
밀,볶음메밀분
조개,모시조개
명산,명산
난류,메추리알
난류,메추리알모양후레이크
난류,깐메추리알
난류,누리웰깐메추리알
메밀,
메밀,제일제면소혼합메밀가루
메밀,메밀가루
메밀,볶음메밀가루
메밀,혼합메밀가루
메밀,메밀가루프리믹스
메밀,볶은메밀가루
메밀,메밀가루혼합분말
메밀,통메밀
메밀,가쓰오부시맛메밀스프
메밀,알파메밀분
메밀,제일제면소혼합메밀가루
메밀,자맛메밀막국수건더기
메밀,자맛메밀냉소바액상스프
메밀,메밀가루
메밀,메밀생면용건더기
메밀,자맛메밀냉소바건더기
메밀,볶음메밀가루
메밀,메밀쌀
메밀,볶음메밀분말
메밀,혼합메밀가루
메밀,타타리메밀
메밀,프리믹스메밀
메밀,메밀가루프리믹스
메밀,자맛황태메밀막국수건더기
메밀,자맛메밀막국수액상스프
메밀,볶은달단메밀
메밀,볶은메밀가루
메밀,메밀가루혼합분말
메밀,메밀
메밀,볶음메밀분
레시틴,레시틴
레시틴,소이레시틴
레시틴,레시틴혼합제제
레시틴,대두레시틴
레시틴,레시틴제이인산칼륨
레시틴,분말레시틴
레시틴,대두레시틴분말
레시틴,효소분해레시틴
레시틴,해바라기레시틴
레시틴,레시틴분말
밀,한입떡볶이떡
밀,쌀떡볶이떡
밀,떡볶이떡
밀,말랑밀떡볶이떡
땅콩,땅콩함유
땅콩,
땅콩,땅콩볶음분
땅콩,배합땅콩
땅콩,땅콩향
땅콩,튀김땅콩
땅콩,볶음분태땅콩
땅콩,땅콩가공분
땅콩,볶음알땅콩
땅콩,땅콩코팅분태
땅콩,땅콩유
땅콩,스키피땅콩버터
땅콩,땅콩가루
땅콩,구운땅콩
땅콩,땅콩버터향
땅콩,초코땅콩
땅콩,하이올레익볶음땅콩
땅콩,땅콩계란
땅콩,초코크림땅콩분말
땅콩,가염땅콩페이스트
땅콩,땅콩강정
땅콩,크리미땅콩버터
땅콩,알땅콩
땅콩,볶음땅콩
땅콩,땅콩오일
땅콩,땅콩
땅콩,땅콩볶음분
땅콩,볶음땅콩분말
땅콩,땅콩혼합분말
땅콩,땅콩또는견과류가공품
땅콩,코팅땅콩반태
땅콩,땅콩소보루
땅콩,배합땅콩버터
땅콩,땅콩분
땅콩,땅콩전지
땅콩,땅콩맛크림
땅콩,새우땅콩볼
땅콩,땅콩분말
땅콩,율무땅콩
땅콩,커피땅콩분태
땅콩,땅콩함유
땅콩,볶음땅콩반태
땅콩,탈지땅콩분말
땅콩,땅콩반태
땅콩,스키피땅콩버터크리미
땅콩,볶음땅콩분태
땅콩,땅콩크림
땅콩,땅콩버터
땅콩,땅콩분태
땅콩,땅콩알갱이
땅콩,땅콩전지분
땅콩,꿀땅콩
땅콩,천연땅콩향
땅콩,찹쌀땅콩
땅콩,입힘땅콩
땅콩,땅콩밀키
땅콩,당코팅땅콩조각
땅콩,땅콩페이스트
땅콩,커피땅콩
두부,두부
두부,두부코코넛가츠
두부,리얼탱탱두부
두부,마파두부소스
두부,진두부순대양념
두부,가공두부
두부,담백한두부덮밥
두부,두부카츠
두부,동결건조두부
두부,두부코코넛치킨까스
두부,두부적네모떡갈비
두부,햇살콩국산두부
두부,두부판자넬라샐러드믹스
두부,두부응고제
두부,동결건조두부디이스
두부,순두부
두부,연두부
두부,두부코코넛돈까스
돼지,돼지고기목살
돼지,돼지고기
돼지,돼지고기등심
돼지,돼지고기용양념소스
돼지,돼지고기뒷다리
돼지,무항생제돼지고기
돼지,돼지고기안심
돼지,제주산흑돼지고기
돼지,다진돼지고기
돼지,돼지고기목뼈
돼지,수입냉동돼지고기
돼지,냉동돼지고기
돼지,돼지고기지방
돼지,국산돼지고기
돼지,돼지고기삼겹살
돼지,돼지고기베이스
돼지,돼지고기정육
돼지,유기농돼지고기
돼지,돼지고기갈비살
돼지,돼지불고기
돼지,돼지목심살
돼지,돼지고기목살
돼지,소들녘돼지양념소스
돼지,돼지감자과즙농축액
돼지,돼지고기
돼지,돼지곱창
돼지,돼지고기등심
돼지,돼지갈매기살
돼지,돼지삼겹
돼지,돼지고기용양념소스
돼지,돼지정육
돼지,돼지고기뒷다리
돼지,돼지머리고기
돼지,흑돼지
돼지,돼지껍데기
돼지,양념돼지불고기
돼지,삶은돼지곱창
돼지,무항생제돼지고기
돼지,돼지등뼈추출물
돼지,돼지갈비양념장
돼지,돼지소창
돼지,돼지고기안심
돼지,삶은돼지막창
돼지,흑돼지구이용
돼지,돼지지육
돼지,양념소스돼지장
돼지,돼지갈비
돼지,돼지장족
돼지,유기농돼지감자농축액
돼지,제주산흑돼지고기
돼지,돼지지방
돼지,돼지
돼지,다진돼지고기
돼지,돼지갈비살
돼지,돼지앞다리
돼지,돼지감자분말
돼지,돼지고기목뼈
돼지,돼지감자농축액
돼지,돼지간
돼지,돼지오돌뼈
돼지,돼지등갈비
돼지,돼지소장
돼지,수입냉동돼지고기
돼지,돼지족
돼지,돼지족발
돼지,냉동돼지고기
돼지,돼지껍질
돼지,돼지뼈추출물
돼지,돼지갈비양념
돼지,꿀맛돼지갈비장
돼지,돼지목살
돼지,다진돼지고긱
돼지,돼지등뼈
돼지,돼지뼈
돼지,돼지선지
돼지,돼지고기지방
돼지,돼지삼겹살
돼지,허브돼지막창
돼지,돼지불고기양념
돼지,돼지뒷다리
돼지,국산돼지고기
돼지,돼지고기삼겹살
돼지,돼지고기베이스
돼지,돼지고기정육
돼지,돼지전지
돼지,돼지사태
돼지,돼지감자
돼지,돼지안심살
돼지,유기농돼지고기
돼지,돼지등심
돼지,돼지막창
돼지,돼지고기갈비살
돼지,돼지뒷다리살
돼지,제주돼지갈릭구이
돼지,
돼지,돈혈
돼지,돈창자
돼지,돈창
돼지,돈창지
돼지,돈지방
돼지,돈지쇼트닝
돼지,정제돈지
돼지,조미돈지분말
돼지,식용돈지
돼지,돈지
돼지,돈지방
돼지,오모리묵은지돈지
돼지,조미돈지
돼지,돈지쇼트닝프리
돼지,돈육엑기스
돼지,돈육삼겹살
돼지,돈육볶음조미양념
돼지,무항생제돈육
돼지,돈육등심
돼지,돈육풍미분말
돼지,돈육
돼지,국내산돈육
돼지,돈육수베이스분말
돼지,돈육사태
돼지,돈육볶음양념장
돼지,돈육안심
돼지,돈육뒷다리살
돼지,돈골추출액
돼지,돈골추출물
돼지,돈골조미분말
돼지,돈골농축액분말
돼지,돈골농축액
돼지,돈골
돼지,돈골엑시그
돼지,돈골조미분
돼지,돈골대파즙분말
돼지,돈골농축분말
돼지,돈골추출물
돼지,돈골엑기스
돼지,조미돈골엑기스
돼지,돈골추출액
대두,대듀
대두,
대두,대두함유
대두,대두포함
대두,부분경화대두유
대두,정제대두유
대두,대두유
대두,경화대두유
대두,대두유액
대두,유기농대두유
대두,유기대두유
대두,대두유혼합제제
대두,대두볼
대두,부분경화대두유
대두,볶음대두분
대두,수용성대두다당류
대두,대두분등
대두,대두액
대두,조직농축대두단백
대두,대두재래된장
대두,대두단백분발
대두,대두응고제
대두,대두다낵
대두,대두단백후레이크
대두,대두형
대두,미트프로엠대두단백
대두,조미대두단백
대두,대두산백
대두,대두함유
대두,찐대두분
대두,대두조직단백
대두,대두인지질
대두,조직화대두단백
대두,콩단백발효액대두
대두,발효대두추출혼합분말
대두,유기농탈지대두
대두,찐대두분말
대두,대두분리단백
대두,탈지대두후레이크
대두,탈지대두단백
대두,대두분리단백너겟
대두,대두고형분
대두,볶음대두분말
대두,대두화이바
대두,무농약대두분
대두,탈지대두분
대두,대두분
대두,분리대두단백
대두,대두콩
대두,정제대두유
대두,건조대두단백
대두,대두단백분말
대두,대두경화유
대두,알피탈지대두분
대두,무농약대두
대두,발효대두페이스트
대두,탈지대두분말
대두,미배아대두발효추출물
대두,대두너겟
대두,대두유
대두,양파대두단백
대두,대두에스테르화유
대두,대두추출물분말
대두,간장대두
대두,대두
대두,대두당백
대두,경화대두유
대두,알파탈지대두분
대두,대두다당
대두,농출대두단백
대두,대두유액
대두,대두볶음콩가루
대두,대두레시틴
대두,입자성대두단백
대두,가수분해대두단백
대두,대두분말
대두,대두식이섬유결정과당
대두,유기농대두
대두,농축대두단백월콘에스제이
대두,대두조직단백질
대두,조직대두단백
대두,대두펩타이드
대두,대두가루
대두,대두레시틴분말
대두,알파대두분
대두,대두화이버
대두,유기농대두유
대두,농추대두단백
대두,농축대두단백
대두,대두볶음분말
대두,대두난백
대두,대두식이섬유
대두,볶음탈지대두분
대두,대두리세틴
대두,입상대두단백
대두,가수분해대두단백질
대두,탈지대두인도산
대두,탈지대두
대두,유기대두유
대두,대두다당유
대두,대두이소플라본
대두,볶은대두분말
대두,대두류
대두,대두유혼합제제
대두,대두다당류
대두,분리대두단백너겟
대두,볶은대두분
대두,부리대두단백
대두,국산대두
대두,대두발효펩타이드
대두,대두단백
닭,닭뼈
닭,닭고기향가루
닭,유기농닭고기
닭,닭고기추출농축액
닭,닭고기정육
닭,조미닭고기후레이크
닭,닭고기맛분말씨즈닝
닭,닭고기향가루
닭,닭고기분쇄육
닭,닭고기살
닭,닭고기맛분말시즈닝
닭,닭고기고명
닭,닭고기향
닭,액상스프중닭고기함량
닭,닭고기분해액
닭,닭고기조미분말
닭,닭고기지방
닭,국산닭고기
닭,조미닭고기후레이트
닭,닭고기안심
닭,농축닭고기부용
닭,마이일반응된닭고기향
닭,닭고기진육
닭,닭고기우엉덮밥
닭,베베닭고기
닭,닭고기
닭,닭고기맛베이스
닭,무항생제닭고기
닭,닭가슴살복합시즈닝
닭,발효닭가슴살
닭,굽네닭가슴살오리지널씨즈닝
닭,국내산닭가슴살
닭,국내산닭가슴살정육
닭,조미닭가슴살후레이크
닭,닭가슴살용염지제
닭,닭가슴살정육
닭,닭가슴살순양념
닭,닭가슴살분말
닭,무항생제닭가슴살
닭,닭가슴살
닭,힘닭가슴살
닭,그릴닭가슴살용염지제
닭,갈릭닭가슴살용염지제
닭,아임닭가슴살시즈닝
닭,닭
닭,아임닭
닭,즉석닭육수
닭,닭추출농축베이스
닭,화끈한불닭소스
닭,닭똥집
닭,통닭
닭,닭뼈
닭,유기농닭고기
닭,닭염통
닭,닭강정시즈닝믹스
닭,닭추출액
닭,닭고기추출농축액
닭,무뼈닭발
닭,닭고기정육
닭,조미닭고기후레이크
닭,안동식찜닭소스
닭,불닭맛씨즈닝
닭,닭고기맛분말씨즈닝
닭,닭고기향가루
닭,닭자숙액
닭,햇불닭소스
닭,닭고기분쇄육
닭,매운닭갈비소스
닭,닭고기살
닭,닭고기맛분말시즈닝
닭,닭고기고명
닭,닭가슴살복합시즈닝
닭,발효닭가슴살
닭,닭다리살
닭,닭유수
닭,닭육수
닭,닭고기향
닭,닭곱창
닭,굽네닭가슴살오리지널씨즈닝
닭,불닭맛씨즈닝에스와이
닭,동해닭강정염지제
닭,국내산닭가슴살
닭,닭근위
닭,국내산닭가슴살정육
닭,닭발육수
닭,조미닭가슴살후레이크
닭,닭가슴살용염지제
닭,삶은닭다리살
닭,매콤불닭양념
닭,닭발효소분해물
닭,액상스프중닭고기함량
닭,닭강정핫베이스
닭,하림닭육수
닭,불닭볶음맛씨즈닝
닭,닭고기분해액
닭,불오닭소스
닭,통닭발
닭,매콤닭발양념장
닭,닭발
닭,닭다리
닭,불닭소스
닭,치즈불닭맛씨즈닝
닭,치즈불닭소스
닭,아임닭카레
닭,닭육수분말베이스
닭,달콤한닭강정소스
닭,닭고기조미분말
닭,닭가슴살정육
닭,닭안심
닭,닭고기지방
닭,닭가슴살순양념
닭,국산닭고기
닭,닭볶음탕양념
닭,허닭시즈닝
닭,하림닭육슈
닭,닭간
닭,닭가슴살분말
닭,무뼈닭발양념
닭,닭다리정육
닭,닭강정맛소스
닭,조미닭고기후레이트
닭,매콤한닭강정소스
닭,화끈불닭소스
닭,닭갈비조미분
닭,불닭볶음맛떡볶이시즈닝
닭,삶은닭발
닭,닭스킨
닭,닭고기안심
닭,닭정육
닭,농축닭고기부용
닭,아임닭소스
닭,닭갈비용양념매운맛
닭,아임닭프랑크소시지시즈닝
닭,수비드닭다리살
닭,불닭구이소스
닭,닭조림양념장
닭,닭갈비볶음
닭,닭볶음소스
닭,마이일반응된닭고기향
닭,닭고기진육
닭,닭고기우엉덮밥
닭,닭육수농축액
닭,닭발발
닭,삼계닭
닭,닭강정파우더
닭,닭갈비맛양념장
닭,무항생제닭가슴살
닭,닭강정소스
닭,닭가슴살
닭,힘닭가슴살
닭,찜닭소스
닭,닭백숙분말
닭,진한닭육수
닭,닭살
닭,닭갈비맛분말
닭,그릴닭가슴살용염지제
닭,핵불닭볶음면소스
닭,비비고닭곰탕육수
닭,닭날개
닭,국물진한닭발육수
닭,닭육수분말
닭,베베닭고기
닭,닭고기
닭,조미닭후레이크
닭,갈릭닭가슴살용염지제
닭,닭고기맛베이스
닭,닭다리형펠렛
닭,아임닭가슴살시즈닝
닭,무항생제닭고기
닭,닭갈비소스
난류,달걀
난류,가당난황분말
난류,난황분말
난류,냉동난황
난류,가당난황분말
난류,난황액피엘
난류,난황파우더
난류,난황색
난류,가당난황액
난류,난황분
난류,난황립
난류,난황액
난류,가당난황
난류,계란난황립
난류,난황
난류,유정가염난황
난류,난황오일
난류,난황분말
난류,가염난황액
난류,난황액에스
난류,가염난황
난류,유기농난황액
난류,난황액오티
난류,난백백분말
난류,동결난백
난류,난백파우더
난류,난백가루
난류,난백파우다
난류,분말난백
난류,냉동난백
난류,난백분말
난류,난백액
난류,유난백
난류,난백
난류,난백류
난류,글리신분말난백
난류,살균난백액
난류,대두난백
난류,난백분
난류,난류함유
난류,
난류,난각칼슘
난류,난각칼슘정제염
난류,난각칼슘분말
꼬막,꼬막엑기스
꼬막,꼬막칼슘분말
꼬막,꼬막
굴,전복굴농축액
굴,굴추출농축액
굴,굴껍질분말
굴,토굴숙성된장
굴,굴소스
굴,굴소스면
굴,굴소스타케이
굴,굴지숙농축액
굴,갈아만든광천토굴새우젓
굴,둥굴레분말
굴,굴육수
굴,굴베이스
굴,비셰프굴소스
굴,남해굴농축액
굴,바다향굴소스
굴,프리미엄굴소스엔엠
굴,굴탕자숙액분말
굴,둥굴레
굴,굴농축액
굴,바다향가득굴소스
굴,호유굴소스
굴,대잎둥굴레
굴,굴엑기스씨즈닝분말
굴,팬더굴소스
굴,굴소스엔엠
굴,통영굴김
굴,굴추출물
굴,둥굴레근
굴,둥굴래
굴,백설남해굴소스
굴,둥굴레믹스
굴,굴엑기스
굴,볶은둥굴레추출액
굴,전복굴엑기스
굴,굴엑기스분말
굴,굴소스농축액
굴,매운굴농축액
굴,자맛통영굴짬뽕건강분말스프
굴,자맛통영굴짬뽕후레이크
굴,굴소스엔
굴,오뚜기굴소스
굴,굴분해액
굴,굴
굴,굴추출액
굴,둥굴레차추출액
굴,볶은둥굴레
굴,굴추출물분말
돼지,괘지고기
고등어,고등어함유
고등어,고등어추출액
고등어,고등어추출물
고등어,고등어
고등어,고등어엑기스
난류,계란함유
난류,국내산계란
난류,누리웰깐계란
난류,삶은계란
난류,계란찜분말
난류,계란
난류,계란맛어포
난류,유기농계란
난류,계란스크램블
난류,계란노른자
난류,땅콩계란
난류,무항생제계란
난류,계란후레이크
난류,계란블럭
난류,계란말이후레이크
난류,계란난황립
난류,계란흰자분말
난류,계란흰자
난류,계란지단
난류,계란구이
난류,계란자숙액
난류,계란흰지분말
난류,계란고명
난류,계란과립
난류,월계잎
난류,월계수
난류,국내산계란
난류,삼계탕베이스분말
난류,오골계
난류,삼계탕용
난류,삼계탕육수농축액
난류,계량메주발효물
난류,누리웰깐계란
난류,계피생강곶감혼합추출액
난류,계피향
난류,계피추출액
난류,삶은계란
난류,삼계탕용육수
난류,계란찜분말
난류,월계수분말
난류,계피추출물
난류,계란
난류,삼계탕맛시즈닝
난류,계피가루
난류,계정육
난류,육계
난류,계란맛어포
난류,유기농계란
난류,삼계소스
난류,계향
난류,계란스크램블
난류,계란노른자
난류,땅콩계란
난류,계분쇄육
난류,계피농축추출물
난류,계육
난류,제빵계량제
난류,월계수잎분말
난류,월계수잎분
난류,무항생제계란
난류,계란후레이크
난류,계
난류,기계발골육
난류,월계
난류,계란블럭
난류,계피분말
난류,월계수분
난류,계피
난류,계란말이후레이크
난류,계피농축액
난류,계피혼합믹스
난류,계피분
난류,계란난황립
난류,계란흰자분말
난류,계피엑기스분말
난류,삼계탕소스
난류,계육액분말
난류,계란흰자
난류,월계수잎
난류,계란지단
난류,월계수잎가루
난류,계피엑기스레진
난류,계란구이
난류,삼계닭
난류,초계엑기스
난류,계란자숙액
난류,계육추출물
난류,계피엑기스
난류,계란흰지분말
난류,계지
난류,계란고명
난류,계란과립
난류,계량메주된장
게,
게,꽃게추출물
게,꽃게추출물분말
난류,게란후레이크
게,게농축액분말
게,붉은대게농축액
게,꽃게농축액
게,게농축액
게,게농축액분말
게,꽃게짬뽕해물건더기
게,가라아게배터믹스
게,가라아게염지제
게,콜라겐게이싱
게,붉은대게농축분말
게,스파게티소스분말
게,붉은대게살
게,게살오므라이스
게,믹스넛투게더
게,토마토스파게티소스
게,가라게알파믹스
게,부대찌게향미유
게,게맛살조미후레이크
게,동결건조스파게티면
게,붉은대게농축액
게,홍게
게,꽃게추출물
게,붉은대게자숙액
게,튀긴꽃게오일
게,스파게티
게,게맛살
게,스파게티소스
게,게엑기스
게,붉은대게엑기스
게,게엑기스분말
게,쓰리인원내츄럴믹스게향
게,크림스파게티베이스
게,페스토스파게티야채건더기
게,게라닐아세테이트
게,붉은대게농축페이스트
게,꽃게탕분말스프
게,일동락토바실루스스포로게네스
게,게랑드천일염
게,냉동붉은대게살
게,구운꽃게엑기스
게,꽃게씨즈닝분말
게,스파게티면
게,홍게살
게,토마토스파게티소스분말
게,홍게다리살
게,동결건조토마토스파게티
게,꽃게엑기스
게,마르게리타다이스토마토
게,멍게
게,울진붉은대게
게,대게페이스트
게,부대찌게맛분말
게,게향
게,홍게맛살
게,콘베리게이트
게,크림스파게티분말
게,조미게엑기스분말
게,게추출농축액
게,꽃게
게,짜파게티맛시즈닝
게,꽃게농축액
게,다시마게
게,투게더클래식
게,게란후레이크
게,홍게엑기스분말
게,가라아게믹스므
게,치킨엑게스
게,꽃게짬뽕
게,꽃게베이스
게,유게놀
게,말토게닉아밀라아제
게,붉은대게다리살
게,크림스파게티소스
게,꽃게풍미베이스
게,칠리토마토스파게티소스
게,게농축액
게,게
게,유화게
게,게다리살
게,게라나올
게,꽃게풍미유
게,꽃게탕액상스프
게,게엑기스엔엠
게,꽃게탕면건더기
게,생강엑게스분말
게,가라아게배터
게,레드가라게믹스
게,스파게티용믹스
게,꽃게추출물분말
게,냉동게
게,스파게티소스시즈닝믹스
게,게랑드소금
대두,건식빵가루
가리비,가리비추출물분말
가리비,가리비살
가리비,가리비
쇠고기,양파비프볶음분말
